Item_ID,Item_Name,Category,Cost_Price_NGN,Wholesale_Price_NGN,Retail_Price_NGN,Stock_Quantity
ITEM00001,Beans 50kg,Food,60211.43,68652.17,,842
ITEM00001,Beans 50kg,Food,60211.43,68652.17,85624.49,842
ITEM00001,Beans 50kg,Food,60211.43,68652.17,85624.49,842
ITEM00001,Beans 50kg,Food,,68652.17,85624.49,

ITEM00002,Plastic Chair,Fashion,11603.95,13552.11,15125.12,460
ITEM00003,Sneakers,Fashion,24973.28,27535.21,31625.36,698
ITEM00004,Phone Charger,Electronics,5273.98,5976.76,7633.39,963
ITEM00005,Phone Charger,Electronics,4479.17,5123.73,6227.3,57
ITEM00006,Table Fan,Household,23381.93,27316.36,30302.52,118
ITEM00007,Beans 50kg,Food,79247.38,94758.82,117581.58,920
ITEM00008,Sneakers,Fashion,24884.61,29408.46,35329.46,572
ITEM00009,Palm Oil 25L,Food,59573.75,68782.79,87416.35,621
ITEM00010,Beans 50kg,Food,72988.67,83939.66,103790.28,347
ITEM00011,Power Bank,Electronics,13348.53,15382.61,16934.55,828
ITEM00012,Cooking Gas Cylinder,Household,34157.54,39124.77,44647.15,649
ITEM00013,Ankara Fabric,Fashion,13730.44,14926.68,17189.46,265
ITEM00014,Ankara Fabric,Fashion,13624.9,15856.6,19669.26,652
ITEM00015,Ankara Fabric,Fashion,14257.2,16623.34,19978.97,13
ITEM00016,Plastic Chair,Fashion,12110.91,13824.58,17273.67,248
ITEM00017,Power Bank,Electronics,12065.62,14291.08,17186.08,211
ITEM00018,Garri 25kg,Food,28458.3,33031.33,38497.25,787
ITEM00019,Table Fan,Household,27393.77,30777.45,34493.27,737
ITEM00020,Phone Charger,Electronics,4389.79,4751.35,5419.03,100
ITEM00021,Power Bank,Electronics,12135.99,13193.02,15569.83,907
ITEM00022,Yam Tubers,Food,25474.87,28588.3,34600.16,819
ITEM00023,Palm Oil 25L,Food,56665.25,64340.71,82853.3,440
ITEM00024,LED Bulb,Household,2594.62,2854.15,3276.4,219
ITEM00025,Plastic Chair,Fashion,12360.28,13629.92,16808.65,426
ITEM00026,School Bag,Electronics,9400.63,10412.37,11771.28,593
ITEM00027,Yam Tubers,Food,28100.75,32980.77,40986.88,633
ITEM00028,Plastic Chair,Fashion,12328.22,14455.51,15933.84,353
ITEM00029,Bluetooth Speaker,Electronics,18678.35,21030.93,25892.95,110
ITEM00030,Phone Charger,Electronics,4989.05,5491.37,6219.76,613
ITEM00031,Phone Charger,Electronics,4973.01,5437.04,6176.83,708
ITEM00032,Palm Oil 25L,Food,61464.06,67023.83,81218.24,274
ITEM00033,Beans 50kg,Food,74000.41,83395.02,97996.01,643
ITEM00034,Bluetooth Speaker,Electronics,14534.06,15776.21,18840.92,573
ITEM00035,LED Bulb,Household,2843.57,3184.9,3700.15,506
ITEM00036,Beans 50kg,Food,71797.68,85825.8,110774.79,18
ITEM00037,Table Fan,Household,29279.87,33405.42,38687.86,314
ITEM00038,Table Fan,Household,26005.98,30653.7,37042.23,380
ITEM00039,Vegetable Oil 5L,Food,20916.12,22913.86,29120.56,835
ITEM00040,School Bag,Electronics,10530.66,11711.88,14438.83,828
ITEM00041,Garri 25kg,Food,31066.87,37080.97,43182.84,875
ITEM00042,Ankara Fabric,Fashion,15207.0,17123.48,20727.76,468
ITEM00043,Sneakers,Fashion,20942.13,24246.98,27074.14,333
ITEM00044,Yam Tubers,Food,23123.7,27682.19,33471.57,504
ITEM00045,Beans 50kg,Food,70578.44,80889.57,95957.5,793
ITEM00046,Cooking Gas Cylinder,Household,33690.42,37620.12,47084.85,625
ITEM00047,Phone Charger,Electronics,5476.7,6264.44,7953.21,605
ITEM00048,LED Bulb,Household,2254.7,2449.85,2792.65,439
ITEM00049,Sneakers,Fashion,20809.79,22755.18,25401.77,699
ITEM00050,Plastic Chair,Fashion,10320.07,11154.56,13141.31,868
ITEM00051,Ankara Fabric,Fashion,15701.39,18623.5,22475.4,671
ITEM00052,Palm Oil 25L,Food,58987.26,68457.88,80462.68,409
ITEM00053,Yam Tubers,Food,26078.05,29097.88,35665.63,841
ITEM00054,Phone Charger,Electronics,5448.0,6028.43,7240.93,943
ITEM00055,Power Bank,Electronics,12630.15,14675.84,18892.58,798
ITEM00056,Rice 50kg,Food,86742.18,103253.02,122032.5,878
ITEM00057,Bluetooth Speaker,Electronics,14577.71,16267.21,18162.32,272
ITEM00058,Garri 25kg,Food,28790.21,32204.36,37369.52,426
ITEM00059,Ankara Fabric,Fashion,15331.3,18129.39,22139.23,256
ITEM00060,Sneakers,Fashion,18904.57,22443.6,25837.18,372
ITEM00061,LED Bulb,Household,2588.25,3079.2,3552.78,736
ITEM00062,Ankara Fabric,Fashion,16329.14,18209.91,21267.62,679
ITEM00063,Yam Tubers,Food,26850.49,29386.18,36710.05,13
ITEM00064,Cooking Gas Cylinder,Household,35174.03,39845.13,51321.59,757
ITEM00065,Yam Tubers,Food,25779.58,28756.92,33647.76,200
ITEM00066,Tomato Basket,Food,18407.57,21832.56,24869.42,194
ITEM00067,LED Bulb,Household,2155.94,2337.89,2768.36,548
ITEM00068,Yam Tubers,Food,21999.64,25433.03,29766.0,248
ITEM00069,Beans 50kg,Food,73254.91,87081.18,113031.8,963
ITEM00070,Phone Charger,Electronics,5513.6,6600.88,7873.36,154
ITEM00071,Plastic Chair,Fashion,9402.15,10887.84,13455.81,160
ITEM00072,Palm Oil 25L,Food,60019.23,71662.4,91925.49,763
ITEM00073,Phone Charger,Electronics,5161.45,5621.23,6890.57,293
ITEM00074,Garri 25kg,Food,34039.01,38229.66,43959.36,717
ITEM00075,Sneakers,Fashion,22298.35,24105.54,29444.48,684
ITEM00076,Power Bank,Electronics,13985.66,16751.21,19772.72,197
ITEM00077,Tomato Basket,Food,20121.33,23910.73,28321.54,584
ITEM00078,Palm Oil 25L,Food,65353.7,70802.0,91749.83,541
ITEM00079,Bluetooth Speaker,Electronics,15073.68,16312.37,18852.5,103
ITEM00080,Sneakers,Fashion,24812.8,27890.49,33295.31,766
ITEM00081,LED Bulb,Household,2144.51,2382.61,2697.05,858
ITEM00082,Phone Charger,Electronics,5284.13,6243.89,7091.25,947
ITEM00083,Garri 25kg,Food,27063.69,29749.98,36315.7,97
ITEM00084,Table Fan,Household,24526.49,28815.63,36025.39,186
ITEM00085,School Bag,Electronics,8937.27,10246.89,12575.93,826
ITEM00086,Sneakers,Fashion,21638.69,24349.74,28388.31,311
ITEM00087,Beans 50kg,Food,66521.54,73006.49,81177.64,629
ITEM00088,Tomato Basket,Food,17096.16,20510.66,24490.8,354
ITEM00089,Plastic Chair,Fashion,10838.6,12509.46,15022.03,225
ITEM00090,Table Fan,Household,26209.2,29687.84,37232.42,628
ITEM00091,Phone Charger,Electronics,5185.43,5831.2,7161.05,213
ITEM00092,Plastic Chair,Fashion,12297.33,14617.68,18626.61,145
ITEM00093,Table Fan,Household,28235.79,33277.1,41815.89,535
ITEM00094,Yam Tubers,Food,22183.08,26117.08,30639.92,201
ITEM00095,LED Bulb,Household,2346.54,2707.78,3320.94,200
ITEM00096,Vegetable Oil 5L,Food,27537.89,32675.21,40826.29,782
ITEM00097,Vegetable Oil 5L,Food,21477.2,23966.69,30950.01,533
ITEM00098,Sneakers,Fashion,21385.25,24901.94,29495.61,546
ITEM00099,School Bag,Electronics,11893.89,13422.66,16505.25,151
ITEM00100,Garri 25kg,Food,35191.18,40540.24,47778.0,168
ITEM00101,Table Fan,Household,26280.75,31531.07,39337.08,396
ITEM00102,Palm Oil 25L,Food,61962.92,74240.44,95205.84,394
ITEM00103,Plastic Chair,Fashion,10857.26,12393.72,15911.62,457
ITEM00104,Rice 50kg,Food,88235.13,101370.13,114691.94,143
ITEM00105,Plastic Chair,Fashion,9454.22,11228.57,12809.77,899
ITEM00106,Plastic Chair,Fashion,9825.72,11773.93,14729.01,369
ITEM00107,Plastic Chair,Fashion,11376.86,13349.98,16369.77,818
ITEM00108,Sneakers,Fashion,20234.84,22011.91,28197.73,406
ITEM00109,Power Bank,Electronics,14172.51,15855.03,18435.59,477
ITEM00110,Sneakers,Fashion,21018.07,24960.8,31690.33,120
ITEM00111,Vegetable Oil 5L,Food,27341.84,32050.17,39638.22,679
ITEM00112,Plastic Chair,Fashion,12053.56,14091.43,16051.42,69
ITEM00113,Bluetooth Speaker,Electronics,16963.47,19680.19,22146.09,750
ITEM00114,Phone Charger,Electronics,5192.97,5867.18,7278.5,882
ITEM00115,Power Bank,Electronics,12573.11,14187.36,16055.72,368
ITEM00116,Bluetooth Speaker,Electronics,16970.72,19975.76,25146.81,888
ITEM00117,Rice 50kg,Food,74558.06,83151.15,100730.88,701
ITEM00118,Garri 25kg,Food,34356.24,39928.13,47729.03,12
ITEM00119,Vegetable Oil 5L,Food,26874.55,31366.49,36231.62,210
ITEM00120,Beans 50kg,Food,78445.14,92670.91,120172.78,644
ITEM00121,Phone Charger,Electronics,5343.57,5976.17,7436.95,704
ITEM00122,Sneakers,Fashion,25033.34,29264.64,36745.05,102
ITEM00123,Sneakers,Fashion,20207.02,22081.8,27684.89,687
ITEM00124,Power Bank,Electronics,15248.89,16721.43,20346.69,812
ITEM00125,Table Fan,Household,27576.83,31164.03,40137.39,100
ITEM00126,Bluetooth Speaker,Electronics,16604.72,18043.14,21954.25,880
ITEM00127,Beans 50kg,Food,71267.85,85074.13,102430.03,537
ITEM00128,Plastic Chair,Fashion,10480.59,12453.32,14380.38,620
ITEM00129,Bluetooth Speaker,Electronics,15921.62,17288.84,19991.9,60
ITEM00130,School Bag,Electronics,9685.14,11434.25,14262.82,617
ITEM00131,Bluetooth Speaker,Electronics,14870.38,16968.07,19800.95,459
ITEM00132,Bluetooth Speaker,Electronics,16982.48,19771.61,24630.33,377
ITEM00133,Beans 50kg,Food,78143.0,92711.33,119647.8,782
ITEM00134,Bluetooth Speaker,Electronics,17663.78,20299.86,24113.43,256
ITEM00135,Plastic Chair,Fashion,11069.22,12109.28,13555.91,69
ITEM00136,Tomato Basket,Food,18592.98,20086.17,24772.46,504
ITEM00137,School Bag,Electronics,10387.87,11838.33,13044.71,746
ITEM00138,Rice 50kg,Food,74848.22,89361.88,112363.69,142
ITEM00139,Tomato Basket,Food,20840.73,23940.06,28850.9,984
ITEM00140,Phone Charger,Electronics,4365.67,4910.3,5882.28,675
ITEM00141,Cooking Gas Cylinder,Household,37274.54,40394.81,49034.8,934
ITEM00142,Palm Oil 25L,Food,63601.73,75673.19,91056.16,475
ITEM00143,Vegetable Oil 5L,Food,25050.29,28037.75,32657.13,131
ITEM00144,Yam Tubers,Food,27721.95,32284.24,37330.32,185
ITEM00145,Cooking Gas Cylinder,Household,32806.03,38163.53,45149.73,505
ITEM00146,Table Fan,Household,30091.1,33415.14,42737.36,592
ITEM00147,Rice 50kg,Food,87643.5,95325.74,107439.17,736
ITEM00148,Palm Oil 25L,Food,64287.87,72401.0,84343.76,797
ITEM00149,Plastic Chair,Fashion,11543.11,12905.84,14692.79,765
ITEM00150,Rice 50kg,Food,90520.04,105368.11,124906.24,592
ITEM00151,Table Fan,Household,30994.1,36522.64,41150.05,27
ITEM00152,Vegetable Oil 5L,Food,23913.2,26464.58,33137.86,534
ITEM00153,LED Bulb,Household,2735.44,3127.66,3505.15,821
ITEM00154,Vegetable Oil 5L,Food,26297.66,28529.62,35178.52,849
ITEM00155,Phone Charger,Electronics,4732.13,5232.37,6035.76,836
ITEM00156,Sneakers,Fashion,24817.86,29071.93,34724.62,20
ITEM00157,Garri 25kg,Food,30018.16,35277.58,40216.35,440
ITEM00158,Bluetooth Speaker,Electronics,17333.88,20335.56,25339.02,620
ITEM00159,Power Bank,Electronics,11904.07,13059.79,16842.63,255
ITEM00160,Plastic Chair,Fashion,10095.06,11570.19,13240.34,415
ITEM00161,Cooking Gas Cylinder,Household,38577.31,43620.33,56297.73,106
ITEM00162,Sneakers,Fashion,21317.25,25558.92,29777.54,201
ITEM00163,Yam Tubers,Food,24205.63,28041.94,33974.76,15
ITEM00164,Yam Tubers,Food,23094.86,27534.25,34151.22,979
ITEM00165,Phone Charger,Electronics,4787.92,5254.46,5989.32,861
ITEM00166,Plastic Chair,Fashion,12009.2,13619.69,16193.16,409
ITEM00167,Tomato Basket,Food,21252.44,24920.46,27750.56,14
ITEM00168,Garri 25kg,Food,27002.06,30354.18,37621.3,341
ITEM00169,Tomato Basket,Food,19426.48,22455.09,26571.62,439
ITEM00170,Rice 50kg,Food,81194.92,92676.23,118470.71,177
ITEM00171,Beans 50kg,Food,72399.92,86809.79,100247.8,665
ITEM00172,Beans 50kg,Food,68892.79,75841.64,97435.29,997
ITEM00173,Plastic Chair,Fashion,10665.53,12715.89,14346.17,845
ITEM00174,Ankara Fabric,Fashion,15369.25,17339.41,21178.23,857
ITEM00175,Sneakers,Fashion,22541.19,25610.38,29748.04,832
ITEM00176,Phone Charger,Electronics,4801.42,5490.09,6238.7,79
ITEM00177,Ankara Fabric,Fashion,15370.47,17089.57,19119.59,555
ITEM00178,Garri 25kg,Food,33955.87,40598.96,49982.53,570
ITEM00179,LED Bulb,Household,2684.24,3192.57,3660.71,109
ITEM00180,Power Bank,Electronics,12857.58,15387.29,18688.84,155
ITEM00181,LED Bulb,Household,2725.43,3269.51,4236.91,569
ITEM00182,Garri 25kg,Food,34288.95,39788.08,46281.19,718
ITEM00183,Power Bank,Electronics,12096.64,13720.04,15187.93,217
ITEM00184,Sneakers,Fashion,22545.7,26651.01,30077.38,489
ITEM00185,Power Bank,Electronics,12630.51,13677.03,15371.13,84
ITEM00186,Phone Charger,Electronics,5144.41,6071.06,7240.69,119
ITEM00187,Garri 25kg,Food,28570.7,32561.3,40666.78,584
ITEM00188,Yam Tubers,Food,26285.53,30511.88,35372.09,561
ITEM00189,Vegetable Oil 5L,Food,22700.17,25535.09,28833.42,752
ITEM00190,Tomato Basket,Food,19063.52,21431.87,26321.62,911
ITEM00191,Sneakers,Fashion,24961.07,27052.96,31387.81,198
ITEM00192,School Bag,Electronics,10126.12,11451.17,13913.56,347
ITEM00193,School Bag,Electronics,11683.58,13190.79,16973.34,857
ITEM00194,Yam Tubers,Food,28652.08,31717.14,36736.99,60
ITEM00195,Cooking Gas Cylinder,Household,38935.93,43206.38,51955.6,829
ITEM00196,Beans 50kg,Food,62983.19,72436.76,91369.0,945
ITEM00197,Tomato Basket,Food,20822.05,23281.81,28830.89,108
ITEM00198,Garri 25kg,Food,26648.99,31435.95,39304.24,150
ITEM00199,Tomato Basket,Food,18391.82,20109.0,25227.01,687
ITEM00200,Cooking Gas Cylinder,Household,38892.7,44700.06,53996.92,480
ITEM00201,Yam Tubers,Food,26415.64,29036.22,35052.88,987
ITEM00202,LED Bulb,Household,2524.56,2886.55,3590.23,549
ITEM00203,Power Bank,Electronics,13045.85,14954.53,18536.58,658
ITEM00204,Sneakers,Fashion,24061.16,27840.58,34355.6,244
ITEM00205,Phone Charger,Electronics,5101.76,5771.58,6789.84,331
ITEM00206,Vegetable Oil 5L,Food,24267.78,27692.86,35051.09,185
ITEM00207,Ankara Fabric,Fashion,17325.05,19087.26,21897.68,155
ITEM00208,Cooking Gas Cylinder,Household,32164.45,36524.73,41314.81,122
ITEM00209,Vegetable Oil 5L,Food,22077.38,24831.83,29029.22,893
ITEM00210,Plastic Chair,Fashion,11471.25,13305.92,15312.0,79
ITEM00211,Vegetable Oil 5L,Food,27969.16,31666.08,39032.77,521
ITEM00212,Ankara Fabric,Fashion,14324.74,16810.39,19268.13,513
ITEM00213,Plastic Chair,Fashion,10173.91,11507.91,14169.66,65
ITEM00214,Phone Charger,Electronics,4280.88,4744.47,5705.91,843
ITEM00215,Ankara Fabric,Fashion,17176.62,19114.88,21609.18,505
ITEM00216,Vegetable Oil 5L,Food,22489.02,24410.35,28112.9,135
ITEM00217,Beans 50kg,Food,70066.75,80211.73,96602.63,137
ITEM00218,Beans 50kg,Food,80308.32,94740.19,118105.11,703
ITEM00219,Phone Charger,Electronics,4097.48,4803.45,5666.39,623
ITEM00220,LED Bulb,Household,2542.36,2879.32,3301.33,418
ITEM00221,Garri 25kg,Food,31114.29,34335.69,39795.6,411
ITEM00222,Phone Charger,Electronics,5242.72,6205.38,6943.97,44
ITEM00223,Sneakers,Fashion,21044.86,22871.84,25274.07,41
ITEM00224,Palm Oil 25L,Food,57413.04,64756.56,83835.51,540
ITEM00225,Ankara Fabric,Fashion,13955.91,16506.97,18475.95,370
ITEM00226,Tomato Basket,Food,20372.65,22963.66,25833.61,259
ITEM00227,Plastic Chair,Fashion,11939.54,13063.59,16645.53,385
ITEM00228,Bluetooth Speaker,Electronics,15146.98,16842.14,20761.33,609
ITEM00229,Bluetooth Speaker,Electronics,16456.63,18958.1,22507.33,300
ITEM00230,Palm Oil 25L,Food,65954.42,72434.06,89079.75,355
ITEM00231,Phone Charger,Electronics,4083.9,4731.57,6089.52,289
ITEM00232,Table Fan,Household,25369.95,28733.48,32177.92,669
ITEM00233,Rice 50kg,Food,83354.04,93367.09,107254.72,64
ITEM00234,Ankara Fabric,Fashion,14728.54,16332.64,20776.1,919
ITEM00235,Power Bank,Electronics,12576.78,14825.51,18622.73,558
ITEM00236,Ankara Fabric,Fashion,15314.17,17268.28,22428.92,252
ITEM00237,Sneakers,Fashion,19898.05,23253.21,27038.41,761
ITEM00238,Phone Charger,Electronics,4842.66,5485.97,7071.29,940
ITEM00239,Tomato Basket,Food,20178.17,22014.87,25729.6,67
ITEM00240,School Bag,Electronics,10737.18,12163.73,15119.74,212
ITEM00241,Garri 25kg,Food,27215.92,31051.25,39638.43,152
ITEM00242,Bluetooth Speaker,Electronics,18756.48,21287.5,24143.36,79
ITEM00243,Beans 50kg,Food,63174.53,74416.38,84918.6,741
ITEM00244,Sneakers,Fashion,23747.76,28243.26,34349.22,200
ITEM00245,School Bag,Electronics,10060.78,11815.52,14991.11,389
ITEM00246,Beans 50kg,Food,75937.99,87323.66,97434.86,816
ITEM00247,Ankara Fabric,Fashion,14134.17,16183.26,20555.59,615
ITEM00248,Phone Charger,Electronics,4348.79,5033.09,5881.79,680
ITEM00249,Plastic Chair,Fashion,10990.19,12249.0,14469.07,106
ITEM00250,Rice 50kg,Food,70510.23,83020.26,96965.36,971
ITEM00251,Palm Oil 25L,Food,54137.76,64035.33,82112.24,91
ITEM00252,Power Bank,Electronics,14407.25,16021.81,18043.11,712
ITEM00253,Palm Oil 25L,Food,64971.69,77208.34,93796.93,643
ITEM00254,Tomato Basket,Food,16610.48,19631.06,22175.67,418
ITEM00255,Sneakers,Fashion,24521.71,27732.55,35656.26,839
ITEM00256,Garri 25kg,Food,33766.91,40151.56,50574.35,893
ITEM00257,Sneakers,Fashion,24439.92,26748.33,30674.02,79
ITEM00258,Beans 50kg,Food,74167.0,80349.44,93169.65,958
ITEM00259,Garri 25kg,Food,32619.62,36590.87,43041.95,248
ITEM00260,Bluetooth Speaker,Electronics,17127.98,19660.39,23220.56,793
ITEM00261,Plastic Chair,Fashion,11504.2,12909.7,16311.0,822
ITEM00262,Garri 25kg,Food,34897.72,41634.66,50498.96,561
ITEM00263,Tomato Basket,Food,16722.98,18571.95,22018.72,864
ITEM00264,LED Bulb,Household,2361.82,2630.47,3272.01,827
ITEM00265,Cooking Gas Cylinder,Household,30510.78,35275.93,42033.84,527
ITEM00266,Bluetooth Speaker,Electronics,19268.51,20818.92,23434.78,187
ITEM00267,Phone Charger,Electronics,4721.18,5511.07,6180.65,440
ITEM00268,Tomato Basket,Food,19999.46,22505.32,26223.01,901
ITEM00269,School Bag,Electronics,11574.53,13858.53,16915.36,210
ITEM00270,School Bag,Electronics,12046.65,14009.89,15788.71,999
ITEM00271,Tomato Basket,Food,17072.16,18544.9,22439.83,189
ITEM00272,Rice 50kg,Food,89368.01,97510.81,112519.86,668
ITEM00273,Garri 25kg,Food,34603.03,37737.38,46759.74,644
ITEM00274,Cooking Gas Cylinder,Household,30263.19,36143.77,39962.46,203
ITEM00275,Phone Charger,Electronics,5165.89,6003.21,7166.66,477
ITEM00276,Power Bank,Electronics,12911.64,14607.1,16220.5,152
ITEM00277,Phone Charger,Electronics,5013.98,5535.72,6455.22,371
ITEM00278,Plastic Chair,Fashion,11046.36,13088.13,14437.72,959
ITEM00279,Beans 50kg,Food,64954.59,71721.99,85623.13,63
ITEM00280,Beans 50kg,Food,62339.65,72613.32,91013.76,872
ITEM00281,Vegetable Oil 5L,Food,21684.56,25405.61,28455.4,680
ITEM00282,Power Bank,Electronics,11893.46,13265.47,16542.63,751
ITEM00283,Sneakers,Fashion,22909.41,26130.24,31796.3,289
ITEM00284,Power Bank,Electronics,12898.21,14275.21,17143.4,949
ITEM00285,Phone Charger,Electronics,4391.95,4943.02,6029.97,260
ITEM00286,LED Bulb,Household,2643.91,3161.63,3690.2,508
ITEM00287,Garri 25kg,Food,32737.7,38079.73,47297.61,46
ITEM00288,Bluetooth Speaker,Electronics,17199.76,20323.13,25524.49,888
ITEM00289,Bluetooth Speaker,Electronics,19218.28,22002.48,27627.29,707
ITEM00290,Power Bank,Electronics,13035.93,14452.73,16676.89,171
ITEM00291,Plastic Chair,Fashion,12108.35,14112.83,17369.81,665
ITEM00292,Vegetable Oil 5L,Food,21377.27,24371.55,27530.57,190
ITEM00293,Cooking Gas Cylinder,Household,37518.23,41315.89,49541.22,449
ITEM00294,Tomato Basket,Food,21784.15,24605.01,27078.45,517
ITEM00295,Bluetooth Speaker,Electronics,18767.65,21698.8,24708.8,931
ITEM00296,Power Bank,Electronics,13822.64,16148.16,19803.25,339
ITEM00297,Table Fan,Household,28026.81,31086.95,39631.9,22
ITEM00298,Phone Charger,Electronics,4588.74,5438.2,6035.35,438
ITEM00299,Vegetable Oil 5L,Food,25819.22,29060.72,35213.18,927
ITEM00300,Rice 50kg,Food,88651.73,98628.27,121051.9,800
ITEM00301,Yam Tubers,Food,28736.71,31708.5,40792.3,68
ITEM00302,Table Fan,Household,26938.95,31693.69,39015.84,62
ITEM00303,Rice 50kg,Food,71208.08,79931.05,89571.26,759
ITEM00304,LED Bulb,Household,2571.89,2926.84,3305.42,723
ITEM00305,Bluetooth Speaker,Electronics,15057.02,16664.19,20449.5,561
ITEM00306,Garri 25kg,Food,28626.31,33273.25,38035.45,97
ITEM00307,Tomato Basket,Food,18024.05,21155.25,27198.49,287
ITEM00308,Bluetooth Speaker,Electronics,18178.25,20372.93,26161.64,849
ITEM00309,Tomato Basket,Food,17197.71,20523.91,26470.32,148
ITEM00310,Beans 50kg,Food,62980.81,68250.62,79074.52,209
ITEM00311,Sneakers,Fashion,18996.76,20819.56,25886.84,457
ITEM00312,Sneakers,Fashion,24463.38,28148.9,34696.41,737
ITEM00313,Garri 25kg,Food,32799.6,38184.27,42274.6,829
ITEM00314,Vegetable Oil 5L,Food,21118.61,23443.38,27032.87,595
ITEM00315,Vegetable Oil 5L,Food,21032.95,24114.03,27522.63,497
ITEM00316,Sneakers,Fashion,22387.25,25033.57,29393.45,391
ITEM00317,Ankara Fabric,Fashion,14488.78,16611.26,21438.67,53
ITEM00318,Ankara Fabric,Fashion,15949.78,18487.7,23463.11,274
ITEM00319,LED Bulb,Household,2450.95,2933.15,3398.59,222
ITEM00320,Plastic Chair,Fashion,12396.93,14066.6,16964.4,66
ITEM00321,Tomato Basket,Food,17790.51,20597.6,23449.41,747
ITEM00322,Beans 50kg,Food,73762.05,84779.5,97961.59,359
ITEM00323,School Bag,Electronics,9095.27,10169.48,11318.64,514
ITEM00324,LED Bulb,Household,2841.9,3155.55,3876.66,208
ITEM00325,Cooking Gas Cylinder,Household,40047.95,47999.25,59105.52,595
ITEM00326,Palm Oil 25L,Food,63231.62,69859.7,88561.17,144
ITEM00327,Vegetable Oil 5L,Food,24244.31,28483.02,36296.21,680
ITEM00328,Rice 50kg,Food,75111.84,82442.04,93325.37,741
ITEM00329,Garri 25kg,Food,33906.4,39891.63,49809.02,318
ITEM00330,Bluetooth Speaker,Electronics,18205.41,20067.59,22615.0,220
ITEM00331,Bluetooth Speaker,Electronics,15581.97,18636.95,21893.62,782
ITEM00332,Yam Tubers,Food,24634.11,28632.69,34448.2,230
ITEM00333,Tomato Basket,Food,18787.95,20494.17,22746.35,186
ITEM00334,Table Fan,Household,29643.93,34481.26,39010.47,347
ITEM00335,Phone Charger,Electronics,5064.74,5836.78,6736.94,966
ITEM00336,Plastic Chair,Fashion,11472.45,12854.95,14468.35,468
ITEM00337,Cooking Gas Cylinder,Household,36573.19,40643.36,52300.65,270
ITEM00338,Tomato Basket,Food,17691.68,20632.94,23886.01,518
ITEM00339,Palm Oil 25L,Food,56729.29,66314.46,79592.89,354
ITEM00340,Cooking Gas Cylinder,Household,30229.45,33834.76,43961.74,667
ITEM00341,School Bag,Electronics,11403.86,13515.26,16398.45,444
ITEM00342,Vegetable Oil 5L,Food,24007.54,26702.61,31570.47,592
ITEM00343,School Bag,Electronics,10305.45,11216.29,14423.68,441
ITEM00344,Power Bank,Electronics,12468.69,14363.74,16439.29,486
ITEM00345,LED Bulb,Household,2282.07,2493.96,2832.89,452
ITEM00346,Vegetable Oil 5L,Food,25145.49,27991.95,33788.33,400
ITEM00347,Cooking Gas Cylinder,Household,32191.81,36726.42,43537.72,964
ITEM00348,LED Bulb,Household,2173.16,2421.69,3049.86,273
ITEM00349,Palm Oil 25L,Food,63734.88,70478.0,78117.96,807
ITEM00350,Garri 25kg,Food,29851.17,34758.17,42528.19,712
ITEM00351,Bluetooth Speaker,Electronics,16389.2,18776.12,23322.5,532
ITEM00352,Rice 50kg,Food,80310.43,94828.25,122744.11,324
ITEM00353,Tomato Basket,Food,20795.76,23909.89,26997.92,488
ITEM00354,Phone Charger,Electronics,4542.01,5168.86,5940.31,851
ITEM00355,Cooking Gas Cylinder,Household,37709.38,41908.35,53914.61,190
ITEM00356,Cooking Gas Cylinder,Household,39615.22,46549.78,57075.89,590
ITEM00357,Garri 25kg,Food,32496.07,35863.46,39722.72,767
ITEM00358,LED Bulb,Household,2448.76,2715.84,3029.44,637
ITEM00359,Beans 50kg,Food,75203.58,88814.73,111647.94,152
ITEM00360,Ankara Fabric,Fashion,15304.22,17889.77,21709.14,513
ITEM00361,Table Fan,Household,26306.86,30346.14,36812.39,191
ITEM00362,LED Bulb,Household,2518.96,2732.24,3486.27,929
ITEM00363,Palm Oil 25L,Food,55773.69,61087.3,70141.63,358
ITEM00364,LED Bulb,Household,2203.19,2511.62,2843.37,427
ITEM00365,Beans 50kg,Food,68211.89,79777.95,97549.38,858
ITEM00366,Power Bank,Electronics,11976.62,13601.75,17362.43,432
ITEM00367,Phone Charger,Electronics,4671.04,5054.41,5827.99,202
ITEM00368,Tomato Basket,Food,19324.52,21297.8,26329.59,894
ITEM00369,Rice 50kg,Food,92595.5,106545.19,120446.76,651
ITEM00370,Plastic Chair,Fashion,9469.53,11015.97,12496.31,608
ITEM00371,Tomato Basket,Food,19692.31,21346.69,27330.21,84
ITEM00372,Sneakers,Fashion,21721.05,23571.68,26484.98,454
ITEM00373,Yam Tubers,Food,21401.96,23785.22,26279.56,464
ITEM00374,Yam Tubers,Food,23121.61,25203.02,31629.49,269
ITEM00375,LED Bulb,Household,2213.86,2534.95,2972.23,568
ITEM00376,Beans 50kg,Food,64052.68,70127.7,82703.83,252
ITEM00377,Ankara Fabric,Fashion,14451.75,16732.04,21081.89,476
ITEM00378,Ankara Fabric,Fashion,15041.07,17647.2,20046.99,803
ITEM00379,Yam Tubers,Food,25217.8,30172.13,37113.7,737
ITEM00380,Vegetable Oil 5L,Food,20832.28,24869.76,28916.21,286
ITEM00381,Rice 50kg,Food,73681.99,81993.6,91902.82,215
ITEM00382,LED Bulb,Household,2195.17,2378.54,2943.44,15
ITEM00383,Cooking Gas Cylinder,Household,35521.57,39767.45,46278.68,352
ITEM00384,Vegetable Oil 5L,Food,23243.7,27079.32,34480.66,29
ITEM00385,Rice 50kg,Food,83190.58,90442.82,116111.14,136
ITEM00386,Garri 25kg,Food,28412.96,31912.45,40522.76,978
ITEM00387,Beans 50kg,Food,60008.82,66955.69,77967.91,857
ITEM00388,Table Fan,Household,30575.07,33825.86,38808.97,564
ITEM00389,LED Bulb,Household,2206.23,2569.68,3285.49,776
ITEM00390,Garri 25kg,Food,27529.79,31909.55,37991.17,494
ITEM00391,Ankara Fabric,Fashion,13856.44,15855.36,19685.19,605
ITEM00392,Palm Oil 25L,Food,67518.59,80299.39,101613.48,918
ITEM00393,Yam Tubers,Food,25882.45,28273.39,32670.95,87
ITEM00394,School Bag,Electronics,10847.41,11910.06,13384.75,358
ITEM00395,Ankara Fabric,Fashion,17763.15,20001.55,24501.21,127
ITEM00396,Table Fan,Household,23666.35,27422.34,33401.47,797
ITEM00397,Rice 50kg,Food,93672.72,107732.02,124327.06,824
ITEM00398,Palm Oil 25L,Food,53761.03,58539.59,71239.25,724
ITEM00399,Vegetable Oil 5L,Food,25404.58,30358.75,38193.47,612
ITEM00400,Tomato Basket,Food,18544.48,20706.91,24227.13,482
ITEM00401,Cooking Gas Cylinder,Household,33781.49,37939.21,43571.8,33
ITEM00402,Plastic Chair,Fashion,12423.1,14346.64,17861.57,776
ITEM00403,Tomato Basket,Food,17000.6,20288.85,25506.62,895
ITEM00404,Cooking Gas Cylinder,Household,40219.22,46635.1,60199.29,966
ITEM00405,Power Bank,Electronics,13010.46,15541.94,17554.89,348
ITEM00406,Power Bank,Electronics,14102.54,15548.2,19868.31,208
ITEM00407,Phone Charger,Electronics,5473.79,6318.16,7916.77,657
ITEM00408,Garri 25kg,Food,26885.69,31710.74,39333.37,27
ITEM00409,LED Bulb,Household,2817.15,3214.6,3737.33,69
ITEM00410,Rice 50kg,Food,83668.16,93997.9,103814.91,823
ITEM00411,Garri 25kg,Food,32900.89,39420.89,47364.6,957
ITEM00412,Palm Oil 25L,Food,52790.56,57906.94,67007.24,409
ITEM00413,Vegetable Oil 5L,Food,24745.4,27945.26,32359.61,512
ITEM00414,Garri 25kg,Food,32613.68,38640.84,49670.01,548
ITEM00415,Rice 50kg,Food,80923.68,96142.0,108697.55,147
ITEM00416,Sneakers,Fashion,19722.9,23621.05,30396.67,230
ITEM00417,Cooking Gas Cylinder,Household,32313.25,38329.39,46024.45,305
ITEM00418,Garri 25kg,Food,34295.85,37249.23,47219.21,843
ITEM00419,Tomato Basket,Food,16346.48,19478.01,22530.56,443
ITEM00420,Power Bank,Electronics,14345.89,16230.66,19911.51,723
ITEM00421,LED Bulb,Household,2874.54,3329.28,4032.81,202
ITEM00422,Sneakers,Fashion,18749.39,21136.43,27156.79,953
ITEM00423,Plastic Chair,Fashion,9881.45,11636.79,13217.76,884
ITEM00424,Bluetooth Speaker,Electronics,17888.14,20555.44,23451.99,480
ITEM00425,Phone Charger,Electronics,4166.39,4922.44,6348.93,233
ITEM00426,Palm Oil 25L,Food,60589.28,66845.28,74839.51,976
ITEM00427,Table Fan,Household,28490.4,31402.06,38528.34,810
ITEM00428,Plastic Chair,Fashion,11290.88,12790.82,14224.84,515
ITEM00429,Rice 50kg,Food,78683.54,85023.09,94834.6,274
ITEM00430,Ankara Fabric,Fashion,16417.36,19095.73,23285.9,625
ITEM00431,Beans 50kg,Food,71980.18,80295.8,97179.88,376
ITEM00432,Ankara Fabric,Fashion,14140.51,16217.41,19697.76,677
ITEM00433,Table Fan,Household,27511.4,29943.42,35774.31,834
ITEM00434,Garri 25kg,Food,34551.74,38023.4,47471.15,494
ITEM00435,Phone Charger,Electronics,5040.24,5820.18,7557.14,57
ITEM00436,Garri 25kg,Food,30737.66,34324.12,39649.72,567
ITEM00437,Bluetooth Speaker,Electronics,16090.08,17791.87,20721.98,860
ITEM00438,LED Bulb,Household,2189.41,2424.69,2823.82,231
ITEM00439,Beans 50kg,Food,64637.17,71474.38,89532.65,959
ITEM00440,Yam Tubers,Food,21333.9,24635.15,28813.35,368
ITEM00441,Cooking Gas Cylinder,Household,40109.57,44125.46,54510.27,687
ITEM00442,Tomato Basket,Food,17418.15,19569.72,23271.87,704
ITEM00443,Garri 25kg,Food,33928.35,39443.28,48182.37,190
ITEM00444,Power Bank,Electronics,12158.01,13880.08,17569.45,48
ITEM00445,Power Bank,Electronics,12623.58,14538.25,17486.78,949
ITEM00446,Sneakers,Fashion,21460.63,23823.64,28470.07,703
ITEM00447,Tomato Basket,Food,17999.11,21453.61,24744.48,634
ITEM00448,Cooking Gas Cylinder,Household,38132.68,43077.18,51829.64,310
ITEM00449,Power Bank,Electronics,15353.66,17110.66,19719.74,117
ITEM00450,Vegetable Oil 5L,Food,27258.41,32397.15,41102.72,279
ITEM00451,Cooking Gas Cylinder,Household,31362.57,36337.76,42797.63,552
ITEM00452,LED Bulb,Household,2707.52,3123.59,3516.6,696
ITEM00453,Power Bank,Electronics,12074.18,14324.91,16444.91,325
ITEM00454,Rice 50kg,Food,92169.18,100190.18,120921.16,222
ITEM00455,School Bag,Electronics,10556.32,12461.96,15991.9,257
ITEM00456,Bluetooth Speaker,Electronics,16165.54,18773.75,21779.66,962
ITEM00457,Garri 25kg,Food,27810.34,31236.55,36011.9,634
ITEM00458,School Bag,Electronics,8962.2,9954.87,11759.81,990
ITEM00459,Table Fan,Household,24958.37,27268.93,35273.75,16
ITEM00460,Beans 50kg,Food,78694.42,93876.85,119133.85,463
ITEM00461,Ankara Fabric,Fashion,16882.27,18520.35,20926.76,462
ITEM00462,Garri 25kg,Food,35369.08,39299.74,48053.78,407
ITEM00463,Ankara Fabric,Fashion,13643.54,15866.52,19966.0,397
ITEM00464,Phone Charger,Electronics,4932.74,5747.72,7205.35,88
ITEM00465,Rice 50kg,Food,76025.9,83574.68,100103.17,41
ITEM00466,Cooking Gas Cylinder,Household,35450.89,41750.36,52036.24,780
ITEM00467,Garri 25kg,Food,29330.23,33472.67,40726.78,446
ITEM00468,School Bag,Electronics,9817.92,11602.96,13230.73,171
ITEM00469,Palm Oil 25L,Food,60307.06,65763.3,73076.88,354
ITEM00470,LED Bulb,Household,2262.49,2455.12,2882.06,933
ITEM00471,Ankara Fabric,Fashion,15356.47,17758.82,19754.69,473
ITEM00472,Plastic Chair,Fashion,11497.68,12624.49,14884.3,990
ITEM00473,Phone Charger,Electronics,4264.58,4874.39,6169.89,169
ITEM00474,Phone Charger,Electronics,5420.06,5862.84,7439.11,131
ITEM00475,School Bag,Electronics,10518.03,12343.87,13662.38,568
ITEM00476,Plastic Chair,Fashion,12054.44,14320.0,15951.15,686
ITEM00477,Table Fan,Household,28246.63,33349.84,41152.81,981
ITEM00478,Rice 50kg,Food,87166.02,104163.6,124996.29,471
ITEM00479,Sneakers,Fashion,23426.46,27839.34,31454.88,208
ITEM00480,Beans 50kg,Food,77877.1,88256.73,111301.08,545
ITEM00481,Vegetable Oil 5L,Food,25335.0,28572.86,32667.33,313
ITEM00482,Table Fan,Household,25203.56,29930.29,33391.12,187
ITEM00483,Vegetable Oil 5L,Food,21556.4,25678.68,32095.82,97
ITEM00484,Plastic Chair,Fashion,11350.63,13583.75,16594.25,726
ITEM00485,Phone Charger,Electronics,4175.55,4894.57,5770.15,646
ITEM00486,Palm Oil 25L,Food,54420.89,60093.66,74428.71,174
ITEM00487,Tomato Basket,Food,16496.03,19686.27,25243.24,563
ITEM00488,Bluetooth Speaker,Electronics,17249.33,20589.78,22789.52,886
ITEM00489,Plastic Chair,Fashion,9879.12,11459.14,14043.59,819
ITEM00490,School Bag,Electronics,10847.78,12831.56,14674.6,459
ITEM00491,LED Bulb,Household,2718.15,3118.64,3726.24,66
ITEM00492,Table Fan,Household,29607.23,35330.17,41859.05,638
ITEM00493,Ankara Fabric,Fashion,14614.38,15948.27,18786.99,521
ITEM00494,School Bag,Electronics,10654.21,12611.13,14352.36,922
ITEM00495,Vegetable Oil 5L,Food,24963.13,27126.44,34193.7,557
ITEM00496,Phone Charger,Electronics,4760.96,5335.57,6274.12,740
ITEM00497,Garri 25kg,Food,32442.56,35564.8,45431.87,533
ITEM00498,Yam Tubers,Food,22825.65,25964.09,30402.23,545
ITEM00499,LED Bulb,Household,2859.43,3167.88,4016.69,324
ITEM00500,Phone Charger,Electronics,4221.23,5041.2,6094.28,408
ITEM00501,Beans 50kg,Food,76913.64,88229.07,103856.65,302
ITEM00502,Sneakers,Fashion,22621.03,26867.63,33337.53,467
ITEM00503,Cooking Gas Cylinder,Household,32320.97,35985.11,45245.19,952
ITEM00504,Table Fan,Household,28989.97,31399.54,37570.74,348
ITEM00505,Vegetable Oil 5L,Food,21445.93,25157.77,29814.07,468
ITEM00506,Phone Charger,Electronics,5195.16,6048.65,7352.04,946
ITEM00507,Bluetooth Speaker,Electronics,17458.92,19998.48,24338.81,159
ITEM00508,Vegetable Oil 5L,Food,21639.01,25487.32,30204.92,260
ITEM00509,Vegetable Oil 5L,Food,21409.37,25280.4,31639.24,498
ITEM00510,Vegetable Oil 5L,Food,26343.65,30309.64,35763.69,415
ITEM00511,Cooking Gas Cylinder,Household,32825.83,39256.78,46739.11,347
ITEM00512,Ankara Fabric,Fashion,17310.25,20190.08,24653.37,780
ITEM00513,Table Fan,Household,29122.79,33818.11,43874.6,503
ITEM00514,Plastic Chair,Fashion,11654.03,13091.79,15083.54,370
ITEM00515,Cooking Gas Cylinder,Household,32675.36,35298.25,40465.58,484
ITEM00516,Beans 50kg,Food,74387.83,82489.65,93656.88,887
ITEM00517,Table Fan,Household,30630.0,35888.26,44425.68,984
ITEM00518,Beans 50kg,Food,61422.76,71568.85,85153.97,250
ITEM00519,Power Bank,Electronics,12795.96,14327.92,16874.3,49
ITEM00520,School Bag,Electronics,9664.22,11162.85,12734.78,41
ITEM00521,Yam Tubers,Food,24199.38,26702.43,34131.78,450
ITEM00522,Garri 25kg,Food,33253.69,36965.98,43939.04,632
ITEM00523,Palm Oil 25L,Food,58544.09,69883.44,85365.32,60
ITEM00524,Table Fan,Household,27572.92,31145.86,34961.42,513
ITEM00525,Tomato Basket,Food,17940.68,19903.37,22323.51,405
ITEM00526,Tomato Basket,Food,16955.35,19302.87,21493.18,933
ITEM00527,LED Bulb,Household,2325.2,2619.2,3073.55,607
ITEM00528,Garri 25kg,Food,34345.03,40099.31,47901.73,428
ITEM00529,LED Bulb,Household,2576.81,3080.46,3539.19,590
ITEM00530,LED Bulb,Household,2408.49,2772.19,3243.29,144
ITEM00531,School Bag,Electronics,11413.2,13135.89,14465.92,480
ITEM00532,Garri 25kg,Food,26949.45,30285.26,35440.35,336
ITEM00533,Garri 25kg,Food,28711.19,32953.43,37034.19,189
ITEM00534,Vegetable Oil 5L,Food,22516.26,25180.37,28344.96,399
ITEM00535,Bluetooth Speaker,Electronics,19475.36,21035.94,23158.49,642
ITEM00536,Garri 25kg,Food,32916.72,38971.14,48296.0,587
ITEM00537,Phone Charger,Electronics,4969.61,5623.28,7232.98,964
ITEM00538,Beans 50kg,Food,59604.68,67892.75,83121.72,281
ITEM00539,Bluetooth Speaker,Electronics,15389.98,16775.39,18775.69,702
ITEM00540,Rice 50kg,Food,85334.32,100733.17,130744.59,554
ITEM00541,Ankara Fabric,Fashion,14940.69,16441.34,21293.47,875
ITEM00542,Rice 50kg,Food,92437.3,104387.09,124601.32,908
ITEM00543,Palm Oil 25L,Food,63685.62,75202.01,84344.61,710
ITEM00544,Garri 25kg,Food,30510.67,34627.6,43081.85,429
ITEM00545,Table Fan,Household,29021.07,34585.52,44694.65,538
ITEM00546,Rice 50kg,Food,93694.95,103543.95,130024.27,655
ITEM00547,Phone Charger,Electronics,4743.81,5530.47,6773.94,807
ITEM00548,School Bag,Electronics,10948.96,13109.84,16022.41,236
ITEM00549,Power Bank,Electronics,15195.59,17413.44,22560.57,874
ITEM00550,Sneakers,Fashion,20341.25,23658.14,26369.93,803
ITEM00551,Plastic Chair,Fashion,12275.64,13836.95,15634.52,97
ITEM00552,Yam Tubers,Food,21981.59,25721.98,32568.2,276
ITEM00553,Table Fan,Household,28202.43,33534.52,37861.23,243
ITEM00554,Tomato Basket,Food,20612.18,24000.13,28239.98,584
ITEM00555,Cooking Gas Cylinder,Household,36203.37,43165.69,49912.48,216
ITEM00556,Power Bank,Electronics,13481.92,15512.81,17819.39,307
ITEM00557,Ankara Fabric,Fashion,16045.66,18440.58,20379.51,197
ITEM00558,Table Fan,Household,24178.48,26996.61,32753.64,76
ITEM00559,Plastic Chair,Fashion,10061.38,11723.07,13836.13,464
ITEM00560,Table Fan,Household,25136.18,29807.35,36076.37,326
ITEM00561,Bluetooth Speaker,Electronics,17498.67,20255.73,23514.91,509
ITEM00562,Rice 50kg,Food,80570.77,89269.57,115005.28,219
ITEM00563,Power Bank,Electronics,12465.13,14276.22,17392.29,293
ITEM00564,Palm Oil 25L,Food,65775.73,77004.46,99508.36,893
ITEM00565,LED Bulb,Household,2405.44,2869.03,3356.76,806
ITEM00566,Vegetable Oil 5L,Food,24103.33,26484.54,29145.12,273
ITEM00567,Palm Oil 25L,Food,57401.71,62872.07,78983.24,170
ITEM00568,Vegetable Oil 5L,Food,22162.28,25033.48,31679.26,974
ITEM00569,School Bag,Electronics,11229.63,12297.26,13671.37,684
ITEM00570,Bluetooth Speaker,Electronics,16737.14,20045.26,24556.92,497
ITEM00571,Cooking Gas Cylinder,Household,29920.7,33837.81,41695.07,702
ITEM00572,Phone Charger,Electronics,5468.18,6255.78,7063.69,228
ITEM00573,Vegetable Oil 5L,Food,26820.86,29697.41,35948.87,433
ITEM00574,Rice 50kg,Food,87499.56,99215.33,113962.67,397
ITEM00575,Rice 50kg,Food,91079.66,109128.3,120400.2,723
ITEM00576,Yam Tubers,Food,28051.05,31940.12,40671.98,191
ITEM00577,LED Bulb,Household,2378.12,2570.88,3080.79,494
ITEM00578,Power Bank,Electronics,13949.38,15471.31,19437.22,835
ITEM00579,LED Bulb,Household,2581.61,3091.25,3847.31,204
ITEM00580,Beans 50kg,Food,65113.29,78050.53,101367.43,128
ITEM00581,Beans 50kg,Food,64161.0,70914.53,84217.44,823
ITEM00582,Table Fan,Household,23872.65,27545.02,32654.9,874
ITEM00583,Beans 50kg,Food,73345.6,79890.15,92381.07,436
ITEM00584,Rice 50kg,Food,88910.61,102184.34,125178.82,55
ITEM00585,Yam Tubers,Food,26957.15,29521.05,35343.27,545
ITEM00586,LED Bulb,Household,2362.21,2783.24,3467.23,306
ITEM00587,Sneakers,Fashion,20054.72,23920.24,28017.83,591
ITEM00588,Beans 50kg,Food,69025.9,75980.84,85567.26,148
ITEM00589,Table Fan,Household,27379.19,31089.77,39561.33,807
ITEM00590,Table Fan,Household,30394.61,33198.36,42016.16,688
ITEM00591,Plastic Chair,Fashion,12236.92,13713.87,16047.97,648
ITEM00592,LED Bulb,Household,2812.04,3058.97,3787.23,517
ITEM00593,Vegetable Oil 5L,Food,27074.43,30099.88,36074.12,228
ITEM00594,Cooking Gas Cylinder,Household,39878.1,47806.94,59863.58,939
ITEM00595,Tomato Basket,Food,18803.35,20408.26,24041.47,273
ITEM00596,Plastic Chair,Fashion,9506.66,11247.11,13576.7,372
ITEM00597,Bluetooth Speaker,Electronics,14876.17,16204.52,18012.35,927
ITEM00598,Plastic Chair,Fashion,10637.91,12164.23,13806.19,50
ITEM00599,School Bag,Electronics,9736.71,11043.91,13875.05,133
ITEM00600,School Bag,Electronics,9460.31,11274.67,13262.55,764
ITEM00601,School Bag,Electronics,11927.59,13166.7,14575.82,374
ITEM00602,Plastic Chair,Fashion,9994.88,11009.98,12480.12,583
ITEM00603,Ankara Fabric,Fashion,17636.11,20631.53,24393.06,584
ITEM00604,Garri 25kg,Food,33425.8,39010.8,48513.15,829
ITEM00605,Table Fan,Household,28141.66,32754.13,38410.67,624
ITEM00606,Bluetooth Speaker,Electronics,17897.7,19385.63,24213.37,431
ITEM00607,Tomato Basket,Food,18039.4,20045.3,25489.84,553
ITEM00608,Power Bank,Electronics,14093.03,16640.87,19440.32,740
ITEM00609,Cooking Gas Cylinder,Household,31710.27,36533.49,46034.95,385
ITEM00610,Table Fan,Household,30545.41,35196.36,39609.15,179
ITEM00611,Table Fan,Household,25394.53,28327.85,33513.45,491
ITEM00612,Phone Charger,Electronics,4447.47,4942.12,5532.76,999
ITEM00613,Plastic Chair,Fashion,11696.84,13961.19,15503.98,121
ITEM00614,Yam Tubers,Food,26173.37,30552.97,34002.57,181
ITEM00615,Sneakers,Fashion,21678.57,23742.89,26614.6,995
ITEM00616,School Bag,Electronics,10917.21,13019.04,16497.01,831
ITEM00617,Vegetable Oil 5L,Food,21997.27,25294.32,30574.14,125
ITEM00618,Vegetable Oil 5L,Food,25773.96,28866.93,37223.26,220
ITEM00619,Beans 50kg,Food,65182.82,73503.85,88763.25,693
ITEM00620,Garri 25kg,Food,28887.37,33712.97,41323.41,784
ITEM00621,Phone Charger,Electronics,4313.54,4853.39,5517.8,736
ITEM00622,Power Bank,Electronics,12821.13,14737.24,17804.29,862
ITEM00623,Garri 25kg,Food,29430.63,34294.34,40366.51,511
ITEM00624,Phone Charger,Electronics,4734.02,5223.73,6719.21,877
ITEM00625,School Bag,Electronics,9524.82,11366.05,14625.66,600
ITEM00626,Palm Oil 25L,Food,53566.23,60140.99,68542.67,480
ITEM00627,Tomato Basket,Food,19237.91,21745.09,26616.56,640
ITEM00628,Yam Tubers,Food,22216.58,25856.14,31741.91,434
ITEM00629,Power Bank,Electronics,14265.03,16448.36,19943.75,610
ITEM00630,Yam Tubers,Food,28329.6,32092.18,36099.4,835
ITEM00631,Ankara Fabric,Fashion,15159.6,17554.35,21605.94,958
ITEM00632,Tomato Basket,Food,21286.3,25295.35,31867.51,583
ITEM00633,Phone Charger,Electronics,4221.58,4964.72,5803.98,15
ITEM00634,Yam Tubers,Food,21572.18,25431.68,30592.04,625
ITEM00635,Palm Oil 25L,Food,62918.23,69902.72,78519.32,259
ITEM00636,Sneakers,Fashion,23722.74,26814.49,34487.13,243
ITEM00637,Vegetable Oil 5L,Food,27021.48,30979.0,34755.57,882
ITEM00638,Tomato Basket,Food,16473.86,17879.13,20412.16,451
ITEM00639,Plastic Chair,Fashion,11913.79,13967.43,16197.97,792
ITEM00640,Cooking Gas Cylinder,Household,33703.66,37708.18,47706.8,375
ITEM00641,Sneakers,Fashion,20702.03,23060.23,28597.71,610
ITEM00642,LED Bulb,Household,2254.77,2505.31,2759.35,668
ITEM00643,Table Fan,Household,31017.73,34553.92,39277.87,894
ITEM00644,Power Bank,Electronics,11732.84,13147.37,16434.61,204
ITEM00645,Plastic Chair,Fashion,12079.13,13922.15,16438.81,565
ITEM00646,Tomato Basket,Food,19795.12,22764.94,25160.78,411
ITEM00647,Phone Charger,Electronics,5138.52,5707.27,7378.27,469
ITEM00648,Bluetooth Speaker,Electronics,18079.76,19973.99,22575.53,850
ITEM00649,Cooking Gas Cylinder,Household,38763.56,45708.56,54945.95,144
ITEM00650,Table Fan,Household,24438.72,26665.74,30656.62,550
ITEM00651,Power Bank,Electronics,11478.34,13102.97,16345.87,393
ITEM00652,Sneakers,Fashion,22650.29,25877.21,32484.84,897
ITEM00653,Palm Oil 25L,Food,56413.3,64813.04,76443.35,224
ITEM00654,Plastic Chair,Fashion,9758.5,11576.29,14258.4,240
ITEM00655,Bluetooth Speaker,Electronics,15399.31,17784.19,22796.04,99
ITEM00656,Bluetooth Speaker,Electronics,16141.92,19319.23,24399.45,445
ITEM00657,Plastic Chair,Fashion,9581.77,11350.2,13427.06,20
ITEM00658,School Bag,Electronics,9104.28,10067.23,11962.84,505
ITEM00659,Beans 50kg,Food,78736.55,87314.27,111533.12,231
ITEM00660,Vegetable Oil 5L,Food,23118.96,25924.97,28695.69,406
ITEM00661,Palm Oil 25L,Food,67535.48,76111.26,84069.62,609
ITEM00662,Ankara Fabric,Fashion,17659.31,20243.91,23101.52,687
ITEM00663,Rice 50kg,Food,73207.25,81106.43,102642.16,70
ITEM00664,Palm Oil 25L,Food,62804.16,69504.2,78584.41,157
ITEM00665,School Bag,Electronics,10817.54,12178.02,14090.65,324
ITEM00666,Sneakers,Fashion,23258.27,26994.54,33090.28,524
ITEM00667,Power Bank,Electronics,11864.57,13793.46,15681.07,884
ITEM00668,Table Fan,Household,24477.34,29302.65,34009.34,147
ITEM00669,LED Bulb,Household,2182.48,2410.09,2876.16,77
ITEM00670,Garri 25kg,Food,31968.45,36033.02,41280.21,632
ITEM00671,Cooking Gas Cylinder,Household,40109.21,47961.04,62276.58,979
ITEM00672,School Bag,Electronics,11041.75,12839.36,14543.0,831
ITEM00673,School Bag,Electronics,11163.9,12850.47,16319.93,569
ITEM00674,Beans 50kg,Food,80176.29,91782.41,109590.03,29
ITEM00675,School Bag,Electronics,11060.74,12045.82,13561.48,580
ITEM00676,Ankara Fabric,Fashion,13361.84,15863.25,17825.49,462
ITEM00677,Bluetooth Speaker,Electronics,18871.73,21797.99,26158.88,452
ITEM00678,Beans 50kg,Food,67158.24,77137.97,90305.73,497
ITEM00679,Power Bank,Electronics,11492.67,13156.12,15089.03,565
ITEM00680,LED Bulb,Household,2505.43,2823.69,3647.61,723
ITEM00681,Ankara Fabric,Fashion,17532.12,19470.47,23221.96,200
ITEM00682,Garri 25kg,Food,28743.18,33647.87,43263.16,83
ITEM00683,Cooking Gas Cylinder,Household,34910.89,39838.49,45129.04,60
ITEM00684,Cooking Gas Cylinder,Household,31574.66,34229.23,38908.13,411
ITEM00685,Garri 25kg,Food,26886.54,30325.1,36972.53,512
ITEM00686,Plastic Chair,Fashion,9615.8,11456.57,13220.6,787
ITEM00687,Yam Tubers,Food,26702.58,30036.86,34151.54,439
ITEM00688,School Bag,Electronics,11646.83,13156.12,14720.88,536
ITEM00689,Phone Charger,Electronics,4286.35,4950.2,5520.73,976
ITEM00690,Plastic Chair,Fashion,10301.45,12116.58,15153.4,752
ITEM00691,Cooking Gas Cylinder,Household,31797.81,36892.31,42663.47,694
ITEM00692,Plastic Chair,Fashion,9438.62,11156.52,14455.32,370
ITEM00693,LED Bulb,Household,2540.07,2778.02,3157.56,160
ITEM00694,Cooking Gas Cylinder,Household,37099.18,44183.31,51733.77,920
ITEM00695,Beans 50kg,Food,73105.43,86883.65,102086.7,557
ITEM00696,Vegetable Oil 5L,Food,23677.19,27046.41,32456.51,86
ITEM00697,Ankara Fabric,Fashion,15755.8,18197.46,23185.88,487
ITEM00698,School Bag,Electronics,9221.41,10194.62,12916.11,100
ITEM00699,Rice 50kg,Food,73495.87,83326.22,91824.76,981
ITEM00700,Beans 50kg,Food,79067.69,87316.38,103194.95,533
ITEM00701,Power Bank,Electronics,14559.11,15762.23,19948.48,787
ITEM00702,School Bag,Electronics,11831.63,14170.84,15588.48,476
ITEM00703,Garri 25kg,Food,34875.13,38749.67,46760.31,29
ITEM00704,Garri 25kg,Food,32389.35,37285.75,42949.27,642
ITEM00705,Garri 25kg,Food,34982.62,39041.65,46168.85,656
ITEM00706,Bluetooth Speaker,Electronics,16575.19,18638.38,22068.98,236
ITEM00707,Rice 50kg,Food,69788.96,78703.2,92739.99,719
ITEM00708,Bluetooth Speaker,Electronics,14769.11,16544.44,21150.25,233
ITEM00709,Power Bank,Electronics,11918.42,13783.51,16640.74,694
ITEM00710,Phone Charger,Electronics,4217.31,5041.0,6456.26,751
ITEM00711,Sneakers,Fashion,21021.24,23784.19,29619.6,146
ITEM00712,Power Bank,Electronics,14315.15,17132.36,20048.69,298
ITEM00713,Ankara Fabric,Fashion,16851.52,19550.05,23434.89,171
ITEM00714,Ankara Fabric,Fashion,15919.49,18352.89,21619.18,730
ITEM00715,LED Bulb,Household,2234.83,2477.2,3135.43,243
ITEM00716,Plastic Chair,Fashion,11818.08,12852.75,14620.26,644
ITEM00717,Power Bank,Electronics,12911.95,15264.92,19650.26,423
ITEM00718,Power Bank,Electronics,11527.62,13243.83,16105.62,92
ITEM00719,Vegetable Oil 5L,Food,22887.33,25856.49,31605.72,883
ITEM00720,School Bag,Electronics,9966.39,11734.79,14121.18,714
ITEM00721,Garri 25kg,Food,28900.48,32289.63,39099.49,269
ITEM00722,LED Bulb,Household,2733.9,3209.69,3959.27,880
ITEM00723,Table Fan,Household,29105.4,32579.3,40105.35,711
ITEM00724,Garri 25kg,Food,32818.63,39070.77,44651.23,818
ITEM00725,Plastic Chair,Fashion,9808.72,10908.82,13270.45,186
ITEM00726,Beans 50kg,Food,76464.51,83843.83,98174.87,18
ITEM00727,Ankara Fabric,Fashion,16323.87,18997.25,23317.35,71
ITEM00728,Beans 50kg,Food,63591.59,69921.6,84574.86,544
ITEM00729,Power Bank,Electronics,14099.78,16834.06,19122.41,788
ITEM00730,Sneakers,Fashion,21891.18,25364.58,31628.28,914
ITEM00731,Ankara Fabric,Fashion,15217.98,16857.0,20083.48,961
ITEM00732,Phone Charger,Electronics,4241.46,4687.06,5672.69,602
ITEM00733,LED Bulb,Household,2513.73,2993.51,3695.57,634
ITEM00734,Plastic Chair,Fashion,9679.77,11160.23,13733.49,297
ITEM00735,Palm Oil 25L,Food,53057.28,62992.17,78726.72,11
ITEM00736,Sneakers,Fashion,19574.81,21399.71,24424.56,202
ITEM00737,Ankara Fabric,Fashion,17611.6,20976.25,23536.99,65
ITEM00738,Tomato Basket,Food,17773.73,20304.81,25052.81,688
ITEM00739,Ankara Fabric,Fashion,14826.7,17202.1,19734.19,508
ITEM00740,LED Bulb,Household,2366.56,2661.78,2988.97,773
ITEM00741,Plastic Chair,Fashion,12314.23,13386.76,15076.8,156
ITEM00742,Ankara Fabric,Fashion,15792.79,18871.7,21939.49,913
ITEM00743,School Bag,Electronics,11820.35,14176.76,18406.5,722
ITEM00744,Vegetable Oil 5L,Food,23029.45,25879.24,29281.12,906
ITEM00745,Plastic Chair,Fashion,9728.95,11609.21,13463.29,651
ITEM00746,Yam Tubers,Food,25421.64,27967.03,35913.78,345
ITEM00747,Bluetooth Speaker,Electronics,16212.24,17810.15,23022.5,629
ITEM00748,Tomato Basket,Food,20720.87,22560.33,25848.92,607
ITEM00749,Tomato Basket,Food,21162.71,23849.37,30433.95,189
ITEM00750,Garri 25kg,Food,30744.93,33397.49,37665.14,110
ITEM00751,Cooking Gas Cylinder,Household,39949.27,45037.16,56400.37,653
ITEM00752,Garri 25kg,Food,31493.02,34535.46,38078.86,103
ITEM00753,Beans 50kg,Food,65189.33,76119.19,89921.42,109
ITEM00754,LED Bulb,Household,2491.73,2940.25,3379.72,80
ITEM00755,Bluetooth Speaker,Electronics,14640.28,17019.88,21118.3,625
ITEM00756,Phone Charger,Electronics,5237.76,5782.8,6379.65,927
ITEM00757,Ankara Fabric,Fashion,13646.67,15994.2,19080.76,502
ITEM00758,Yam Tubers,Food,23565.61,26156.42,32416.85,160
ITEM00759,Garri 25kg,Food,31607.44,37016.7,41064.14,517
ITEM00760,Ankara Fabric,Fashion,13374.83,15355.48,19647.03,487
ITEM00761,Garri 25kg,Food,27087.65,30446.66,35690.78,597
ITEM00762,Bluetooth Speaker,Electronics,18000.19,19620.55,22231.13,438
ITEM00763,Cooking Gas Cylinder,Household,30503.66,35973.0,41192.43,536
ITEM00764,LED Bulb,Household,2482.81,2961.39,3458.26,331
ITEM00765,Yam Tubers,Food,23790.22,27594.51,31448.78,907
ITEM00766,Plastic Chair,Fashion,10102.66,12080.21,14521.81,542
ITEM00767,School Bag,Electronics,9519.65,11348.32,13919.69,317
ITEM00768,Power Bank,Electronics,14566.82,16072.34,19072.82,12
ITEM00769,Garri 25kg,Food,35199.34,41103.87,48724.8,681
ITEM00770,Yam Tubers,Food,22301.35,25020.25,31433.94,386
ITEM00771,Sneakers,Fashion,25033.9,28501.14,33067.12,256
ITEM00772,Cooking Gas Cylinder,Household,35995.01,39552.6,48434.29,484
ITEM00773,Rice 50kg,Food,85484.85,102323.1,130828.71,490
ITEM00774,Ankara Fabric,Fashion,16476.16,19229.92,22004.86,805
ITEM00775,Table Fan,Household,28653.36,31863.37,39000.13,547
ITEM00776,Cooking Gas Cylinder,Household,38358.02,43136.53,55628.62,703
ITEM00777,Phone Charger,Electronics,4776.19,5400.43,6512.7,650
ITEM00778,Garri 25kg,Food,31310.23,36623.71,47441.6,851
ITEM00779,Vegetable Oil 5L,Food,23205.13,27639.25,32117.06,16
ITEM00780,Table Fan,Household,23802.59,26624.93,32292.28,382
ITEM00781,Table Fan,Household,28333.59,32206.79,37430.96,718
ITEM00782,School Bag,Electronics,9030.87,10396.2,11443.56,149
ITEM00783,Garri 25kg,Food,28913.41,32591.23,42351.05,447
ITEM00784,Garri 25kg,Food,27226.34,31051.69,35647.71,407
ITEM00785,Power Bank,Electronics,12247.44,13382.6,17325.38,807
ITEM00786,School Bag,Electronics,10937.0,12032.03,14806.69,963
ITEM00787,Rice 50kg,Food,85160.53,96072.33,123048.16,115
ITEM00788,Sneakers,Fashion,21478.96,25555.51,33054.54,222
ITEM00789,Bluetooth Speaker,Electronics,14909.88,16727.73,20300.21,776
ITEM00790,Rice 50kg,Food,80361.0,89198.71,115952.82,183
ITEM00791,Beans 50kg,Food,66907.64,78224.63,98051.92,501
ITEM00792,Phone Charger,Electronics,5117.46,6109.71,7360.76,944
ITEM00793,Ankara Fabric,Fashion,15867.47,18011.09,22171.44,975
ITEM00794,Table Fan,Household,26931.68,29114.03,33156.63,950
ITEM00795,Phone Charger,Electronics,4781.25,5558.58,6126.7,143
ITEM00796,Tomato Basket,Food,21657.89,24469.24,28172.86,157
ITEM00797,Cooking Gas Cylinder,Household,37691.09,43753.23,51934.83,184
ITEM00798,Phone Charger,Electronics,4795.65,5339.12,6116.55,771
ITEM00799,Tomato Basket,Food,18881.57,20397.55,24534.32,187
ITEM00800,Phone Charger,Electronics,4118.13,4617.82,5687.26,435
ITEM00801,Rice 50kg,Food,92885.73,108172.4,133177.4,820
ITEM00802,Tomato Basket,Food,17969.29,20254.51,25900.51,497
ITEM00803,Power Bank,Electronics,12511.55,13841.54,17900.77,941
ITEM00804,LED Bulb,Household,2874.56,3264.58,4172.59,503
ITEM00805,Ankara Fabric,Fashion,16516.91,19329.44,23659.91,385
ITEM00806,Plastic Chair,Fashion,9506.3,10403.05,11871.47,968
ITEM00807,Bluetooth Speaker,Electronics,14765.62,17172.56,22130.11,551
ITEM00808,Beans 50kg,Food,60035.53,69646.1,79046.38,192
ITEM00809,Yam Tubers,Food,25747.14,28952.37,32724.44,638
ITEM00810,Cooking Gas Cylinder,Household,30501.43,36493.14,42460.27,775
ITEM00811,Rice 50kg,Food,92661.35,110022.81,133647.04,840
ITEM00812,Table Fan,Household,30538.94,34140.69,42207.94,15
ITEM00813,Sneakers,Fashion,22303.96,24171.49,26652.9,117
ITEM00814,Vegetable Oil 5L,Food,25357.3,28324.01,35563.76,632
ITEM00815,Plastic Chair,Fashion,10313.25,11391.67,12929.59,744
ITEM00816,Table Fan,Household,23468.18,26886.79,31169.78,656
ITEM00817,Rice 50kg,Food,87841.53,104553.32,121743.7,389
ITEM00818,Beans 50kg,Food,61637.51,73005.96,85160.66,756
ITEM00819,Sneakers,Fashion,19264.68,21512.86,26935.68,583
ITEM00820,Cooking Gas Cylinder,Household,33017.84,37357.43,41399.09,926
ITEM00821,Rice 50kg,Food,70006.66,75914.17,86489.29,373
ITEM00822,Sneakers,Fashion,21564.64,24697.97,27278.01,756
ITEM00823,Garri 25kg,Food,32931.43,35816.36,44973.17,152
ITEM00824,Sneakers,Fashion,23988.9,28609.95,37099.8,734
ITEM00825,School Bag,Electronics,10828.57,12821.37,15794.77,734
ITEM00826,Beans 50kg,Food,77284.36,85453.51,104084.75,261
ITEM00827,Sneakers,Fashion,21382.91,24888.09,31896.91,71
ITEM00828,LED Bulb,Household,2761.58,3170.74,3649.49,992
ITEM00829,Table Fan,Household,27052.43,31818.07,35422.82,85
ITEM00830,Rice 50kg,Food,75186.69,85493.15,102762.25,473
ITEM00831,Vegetable Oil 5L,Food,27764.47,30624.56,35281.63,11
ITEM00832,Vegetable Oil 5L,Food,22846.04,26427.87,31454.88,423
ITEM00833,Phone Charger,Electronics,4117.73,4486.82,5344.97,822
ITEM00834,Garri 25kg,Food,28606.87,32902.21,38290.48,506
ITEM00835,Table Fan,Household,25920.17,28655.38,34308.09,247
ITEM00836,Plastic Chair,Fashion,10509.45,12214.01,14364.04,400
ITEM00837,Plastic Chair,Fashion,11081.4,13069.02,14671.44,101
ITEM00838,Palm Oil 25L,Food,65781.35,71908.42,91564.23,597
ITEM00839,Rice 50kg,Food,76891.52,86736.11,107574.88,14
ITEM00840,LED Bulb,Household,2515.58,2938.25,3256.35,356
ITEM00841,Vegetable Oil 5L,Food,23325.02,25649.23,28808.12,70
ITEM00842,Sneakers,Fashion,24123.7,27693.6,30997.52,247
ITEM00843,LED Bulb,Household,2243.2,2603.51,2896.01,76
ITEM00844,Rice 50kg,Food,72246.35,81101.97,90170.09,928
ITEM00845,Rice 50kg,Food,82073.68,96833.64,109559.76,774
ITEM00846,Rice 50kg,Food,86228.43,98410.7,124939.65,928
ITEM00847,Garri 25kg,Food,33748.38,38987.46,49344.35,686
ITEM00848,Rice 50kg,Food,84204.77,92364.61,116068.08,501
ITEM00849,Plastic Chair,Fashion,11903.7,12889.08,15762.59,182
ITEM00850,School Bag,Electronics,10162.04,11036.88,13737.6,962
ITEM00851,Cooking Gas Cylinder,Household,30095.11,35767.15,44626.54,918
ITEM00852,Plastic Chair,Fashion,9733.13,11542.68,14749.96,421
ITEM00853,Cooking Gas Cylinder,Household,30156.59,35491.62,44239.19,233
ITEM00854,Vegetable Oil 5L,Food,23242.74,25658.9,32004.14,393
ITEM00855,Vegetable Oil 5L,Food,24466.86,27966.97,35261.21,400
ITEM00856,Table Fan,Household,25836.17,30371.3,36787.87,917
ITEM00857,Vegetable Oil 5L,Food,24945.41,28960.63,33090.58,76
ITEM00858,Rice 50kg,Food,81522.99,89174.94,99600.25,636
ITEM00859,Sneakers,Fashion,23174.42,27518.81,32577.01,770
ITEM00860,Plastic Chair,Fashion,11550.98,12697.78,14200.4,764
ITEM00861,Cooking Gas Cylinder,Household,33089.67,36419.01,41294.08,201
ITEM00862,LED Bulb,Household,2384.66,2833.27,3130.1,418
ITEM00863,Garri 25kg,Food,31791.87,36184.05,41974.99,348
ITEM00864,Plastic Chair,Fashion,11318.23,12730.14,16472.8,412
ITEM00865,Table Fan,Household,25499.07,29233.12,34371.9,96
ITEM00866,Sneakers,Fashion,20880.1,25009.51,28715.38,92
ITEM00867,Plastic Chair,Fashion,11640.35,12738.68,15040.43,33
ITEM00868,Table Fan,Household,28194.03,33010.52,38301.04,967
ITEM00869,Phone Charger,Electronics,4274.47,4787.92,5912.0,422
ITEM00870,Rice 50kg,Food,80549.63,88124.99,108119.97,235
ITEM00871,Phone Charger,Electronics,5365.5,6066.4,6706.22,799
ITEM00872,Palm Oil 25L,Food,50792.61,58200.73,69972.68,499
ITEM00873,Beans 50kg,Food,77458.44,85569.53,94746.01,370
ITEM00874,Garri 25kg,Food,27867.56,31452.23,38858.36,123
ITEM00875,Sneakers,Fashion,22047.84,25493.5,32814.26,392
ITEM00876,Power Bank,Electronics,13193.56,15161.7,19429.68,650
ITEM00877,Bluetooth Speaker,Electronics,14501.66,16920.24,19308.4,627
ITEM00878,Ankara Fabric,Fashion,17431.6,20575.71,25689.37,396
ITEM00879,Bluetooth Speaker,Electronics,16770.12,18935.09,23831.95,616
ITEM00880,School Bag,Electronics,11930.95,13490.99,17172.32,769
ITEM00881,Beans 50kg,Food,65521.62,74668.64,86012.28,930
ITEM00882,Table Fan,Household,29966.83,34400.8,40942.69,533
ITEM00883,Phone Charger,Electronics,5408.24,5911.2,6764.19,235
ITEM00884,Garri 25kg,Food,31528.54,35233.66,38928.33,138
ITEM00885,Plastic Chair,Fashion,10018.84,11027.0,13583.09,166
ITEM00886,Ankara Fabric,Fashion,16361.4,18427.88,21860.86,20
ITEM00887,Rice 50kg,Food,83204.86,99579.78,114479.25,562
ITEM00888,Palm Oil 25L,Food,66868.18,76893.57,97610.29,220
ITEM00889,Rice 50kg,Food,80506.09,91094.72,109234.97,233
ITEM00890,Vegetable Oil 5L,Food,22798.58,26170.77,33994.04,727
ITEM00891,Beans 50kg,Food,62404.03,72406.72,91136.28,326
ITEM00892,Ankara Fabric,Fashion,16423.65,18594.76,23686.79,830
ITEM00893,Power Bank,Electronics,15420.14,17482.21,21934.34,145
ITEM00894,Cooking Gas Cylinder,Household,30047.61,34980.47,39219.58,347
ITEM00895,Ankara Fabric,Fashion,16618.07,18068.89,20110.78,61
ITEM00896,School Bag,Electronics,11844.83,13560.08,17397.79,540
ITEM00897,Power Bank,Electronics,11777.87,13493.66,15215.98,133
ITEM00898,Rice 50kg,Food,72410.18,84778.59,99889.96,247
ITEM00899,Beans 50kg,Food,74031.1,88683.14,108369.22,738
ITEM00900,School Bag,Electronics,10966.08,12890.53,14725.88,881
ITEM00901,Rice 50kg,Food,71393.15,81420.65,93231.29,549
ITEM00902,Rice 50kg,Food,90226.8,99279.65,118465.27,965
ITEM00903,Palm Oil 25L,Food,59414.6,68361.93,80132.41,759
ITEM00904,LED Bulb,Household,2805.4,3310.69,4089.75,755
ITEM00905,Phone Charger,Electronics,5344.31,6369.82,7102.45,990
ITEM00906,Ankara Fabric,Fashion,16953.16,19988.41,23941.15,97
ITEM00907,Yam Tubers,Food,25119.24,27698.39,31433.57,239
ITEM00908,Garri 25kg,Food,28690.91,33439.52,40841.19,442
ITEM00909,Yam Tubers,Food,25044.82,29693.6,33353.12,622
ITEM00910,Beans 50kg,Food,61617.04,71581.87,81569.43,990
ITEM00911,Plastic Chair,Fashion,11524.19,13394.46,16887.43,108
ITEM00912,Palm Oil 25L,Food,52521.4,59875.42,68679.1,237
ITEM00913,Yam Tubers,Food,25083.8,29007.83,36184.75,305
ITEM00914,Cooking Gas Cylinder,Household,30321.01,33817.8,39046.46,673
ITEM00915,School Bag,Electronics,9868.46,10763.11,12345.35,952
ITEM00916,Phone Charger,Electronics,4414.2,5205.78,6037.82,939
ITEM00917,Bluetooth Speaker,Electronics,17612.16,21014.43,26818.33,750
ITEM00918,Plastic Chair,Fashion,11946.4,14130.42,16665.89,775
ITEM00919,Vegetable Oil 5L,Food,21246.18,23797.2,27337.08,421
ITEM00920,School Bag,Electronics,11603.39,12661.9,15287.06,612
ITEM00921,Table Fan,Household,29922.22,33321.88,39224.13,179
ITEM00922,Bluetooth Speaker,Electronics,16195.57,19129.24,24065.34,511
ITEM00923,Phone Charger,Electronics,5028.97,5827.05,7564.03,299
ITEM00924,Garri 25kg,Food,30094.3,35992.88,43382.76,929
ITEM00925,Vegetable Oil 5L,Food,21958.3,24617.93,29303.95,373
ITEM00926,Cooking Gas Cylinder,Household,35300.96,40461.13,47283.16,400
ITEM00927,Bluetooth Speaker,Electronics,14890.43,17493.35,22648.08,408
ITEM00928,Tomato Basket,Food,21157.29,23443.95,28054.36,902
ITEM00929,Phone Charger,Electronics,5410.98,6469.86,7347.16,933
ITEM00930,Bluetooth Speaker,Electronics,18640.23,21456.54,27761.39,436
ITEM00931,Bluetooth Speaker,Electronics,17318.89,18720.82,24190.6,995
ITEM00932,Sneakers,Fashion,22380.15,24238.11,28774.16,758
ITEM00933,Vegetable Oil 5L,Food,28061.86,33277.61,38922.73,847
ITEM00934,Sneakers,Fashion,20336.15,23537.75,29094.72,916
ITEM00935,Phone Charger,Electronics,4189.37,4908.13,6212.64,339
ITEM00936,LED Bulb,Household,2546.46,2989.75,3586.82,555
ITEM00937,Garri 25kg,Food,29407.71,33244.09,38768.02,292
ITEM00938,Garri 25kg,Food,29347.75,34508.06,40038.98,316
ITEM00939,Phone Charger,Electronics,4090.2,4877.58,5683.94,469
ITEM00940,Power Bank,Electronics,13889.77,15287.92,17177.61,60
ITEM00941,Sneakers,Fashion,20442.62,23952.55,30077.79,223
ITEM00942,Yam Tubers,Food,22658.94,25308.56,28370.7,811
ITEM00943,LED Bulb,Household,2155.32,2410.9,2844.05,174
ITEM00944,Power Bank,Electronics,12950.66,14628.17,18533.73,625
ITEM00945,Garri 25kg,Food,34524.41,40864.69,48253.89,767
ITEM00946,Garri 25kg,Food,29481.04,31917.55,36990.92,270
ITEM00947,Cooking Gas Cylinder,Household,36880.28,41751.1,53844.34,463
ITEM00948,Garri 25kg,Food,33385.89,38781.24,43640.87,878
ITEM00949,Cooking Gas Cylinder,Household,33195.06,36290.49,46341.9,837
ITEM00950,Vegetable Oil 5L,Food,26864.06,31567.16,35115.8,921
ITEM00951,Beans 50kg,Food,74029.47,88319.26,104455.7,632
ITEM00952,Tomato Basket,Food,19337.68,21095.71,25870.6,888
ITEM00953,School Bag,Electronics,8928.13,9806.24,11512.6,404
ITEM00954,Phone Charger,Electronics,4130.53,4943.8,5966.77,605
ITEM00955,Plastic Chair,Fashion,12619.86,13929.08,15890.29,670
ITEM00956,School Bag,Electronics,11389.19,12408.22,15061.18,976
ITEM00957,Yam Tubers,Food,28281.74,33775.84,38062.39,374
ITEM00958,School Bag,Electronics,11767.26,13969.08,17590.14,876
ITEM00959,Cooking Gas Cylinder,Household,29964.65,34719.65,42245.42,514
ITEM00960,Phone Charger,Electronics,5220.26,5983.31,7158.36,113
ITEM00961,Garri 25kg,Food,30545.66,36358.74,40392.13,658
ITEM00962,Yam Tubers,Food,27171.69,31482.81,37777.95,981
ITEM00963,Table Fan,Household,23004.4,26662.27,32333.71,458
ITEM00964,Palm Oil 25L,Food,55251.13,65264.97,75259.22,553
ITEM00965,Cooking Gas Cylinder,Household,37638.9,43600.51,53869.21,928
ITEM00966,School Bag,Electronics,11423.02,13027.28,14530.01,920
ITEM00967,School Bag,Electronics,10877.1,12255.95,13993.09,406
ITEM00968,Tomato Basket,Food,17867.16,20375.28,25418.36,762
ITEM00969,LED Bulb,Household,2357.77,2694.22,3042.97,634
ITEM00970,Rice 50kg,Food,93482.39,105008.76,120666.59,651
ITEM00971,Tomato Basket,Food,18653.51,21148.87,26016.73,723
ITEM00972,Phone Charger,Electronics,4723.86,5556.32,6921.89,333
ITEM00973,Power Bank,Electronics,13711.95,15494.25,17203.23,311
ITEM00974,Power Bank,Electronics,13133.48,14224.45,16007.02,36
ITEM00975,Garri 25kg,Food,31489.85,35078.5,41716.18,857
ITEM00976,Palm Oil 25L,Food,57802.34,64033.95,78029.15,283
ITEM00977,Beans 50kg,Food,76861.01,90329.36,107560.25,677
ITEM00978,Bluetooth Speaker,Electronics,19086.16,21642.09,26607.08,688
ITEM00979,Tomato Basket,Food,21463.03,23902.03,29906.18,706
ITEM00980,Bluetooth Speaker,Electronics,17327.91,20399.88,26313.99,864
ITEM00981,School Bag,Electronics,10317.77,11166.98,13065.1,869
ITEM00982,Sneakers,Fashion,23354.58,25711.3,29121.15,12
ITEM00983,Bluetooth Speaker,Electronics,18725.45,22081.7,25456.15,841
ITEM00984,Sneakers,Fashion,22415.68,25690.13,29020.41,215
ITEM00985,Bluetooth Speaker,Electronics,18019.9,21134.43,24914.3,648
ITEM00986,Sneakers,Fashion,23648.21,27918.63,35582.68,676
ITEM00987,School Bag,Electronics,11055.64,13189.77,15424.28,63
ITEM00988,Tomato Basket,Food,20402.96,22190.48,25070.02,290
ITEM00989,Vegetable Oil 5L,Food,22358.54,26291.59,31668.92,911
ITEM00990,Plastic Chair,Fashion,10994.64,12809.32,16631.48,150
ITEM00991,Tomato Basket,Food,19503.13,21547.9,24513.67,239
ITEM00992,Bluetooth Speaker,Electronics,14462.64,17236.63,21641.89,91
ITEM00993,Palm Oil 25L,Food,65300.54,73691.93,93196.11,175
ITEM00994,Phone Charger,Electronics,4958.44,5883.25,6943.81,641
ITEM00995,Bluetooth Speaker,Electronics,15108.6,17414.37,21313.63,842
ITEM00996,School Bag,Electronics,11496.52,13142.94,15593.76,598
ITEM00997,Power Bank,Electronics,14379.08,15804.66,18214.33,291
ITEM00998,Yam Tubers,Food,26937.25,32047.76,37983.77,860
ITEM00999,Cooking Gas Cylinder,Household,33866.45,38838.02,43462.0,373
ITEM01000,Power Bank,Electronics,14934.52,16140.2,20036.3,321
ITEM01001,Plastic Chair,Fashion,10716.29,11597.11,14680.07,510
ITEM01002,Ankara Fabric,Fashion,15827.87,18571.09,21569.95,145
ITEM01003,Bluetooth Speaker,Electronics,14453.28,15890.4,19279.75,362
ITEM01004,LED Bulb,Household,2608.65,3004.78,3444.76,801
ITEM01005,Garri 25kg,Food,33029.03,38370.82,43186.05,612
ITEM01006,LED Bulb,Household,2550.33,2839.86,3500.76,988
ITEM01007,Table Fan,Household,26972.13,30972.57,34900.56,777
ITEM01008,Power Bank,Electronics,14755.24,16361.07,20555.98,366
ITEM01009,Ankara Fabric,Fashion,16343.38,19506.77,22517.66,769
ITEM01010,Power Bank,Electronics,12601.2,14910.0,18841.8,866
ITEM01011,Vegetable Oil 5L,Food,27874.19,31067.6,36464.07,634
ITEM01012,Plastic Chair,Fashion,11683.98,13360.14,15681.71,764
ITEM01013,Vegetable Oil 5L,Food,28086.35,32020.57,40029.38,508
ITEM01014,Tomato Basket,Food,21686.19,25919.39,31156.49,912
ITEM01015,Power Bank,Electronics,15196.58,17130.86,19532.53,245
ITEM01016,Table Fan,Household,29068.51,33355.16,42363.78,430
ITEM01017,Yam Tubers,Food,25820.72,30763.96,35933.25,261
ITEM01018,Power Bank,Electronics,12172.29,13383.89,14997.39,110
ITEM01019,Rice 50kg,Food,83066.44,95198.99,112639.46,619
ITEM01020,Beans 50kg,Food,75572.91,82577.06,100313.98,127
ITEM01021,Rice 50kg,Food,82513.09,95228.34,116366.85,233
ITEM01022,Beans 50kg,Food,77733.02,87362.74,110699.22,765
ITEM01023,Table Fan,Household,23838.21,28513.28,34452.06,248
ITEM01024,Table Fan,Household,26035.62,29416.32,33674.1,864
ITEM01025,Plastic Chair,Fashion,11019.68,12081.35,13921.74,58
ITEM01026,Rice 50kg,Food,80335.2,94801.97,106194.14,462
ITEM01027,Beans 50kg,Food,61780.32,72808.35,90805.47,76
ITEM01028,Vegetable Oil 5L,Food,21953.43,25540.25,28635.43,68
ITEM01029,Bluetooth Speaker,Electronics,18721.85,21901.89,26745.77,793
ITEM01030,Tomato Basket,Food,18910.99,21024.59,25637.17,76
ITEM01031,Power Bank,Electronics,11672.33,13505.42,16977.68,893
ITEM01032,Garri 25kg,Food,26503.37,28744.56,32048.05,602
ITEM01033,Ankara Fabric,Fashion,15376.66,16970.1,19355.79,487
ITEM01034,Tomato Basket,Food,17086.96,20365.49,26106.78,919
ITEM01035,Beans 50kg,Food,74307.64,86843.96,105467.41,393
ITEM01036,Ankara Fabric,Fashion,16873.25,18690.18,22270.06,405
ITEM01037,LED Bulb,Household,2296.22,2510.61,3137.1,415
ITEM01038,Rice 50kg,Food,84267.55,100604.53,128824.72,654
ITEM01039,Phone Charger,Electronics,4302.4,4704.51,5422.43,848
ITEM01040,Table Fan,Household,25409.02,28225.57,36137.06,546
ITEM01041,Ankara Fabric,Fashion,17307.9,19071.85,21393.64,288
ITEM01042,Table Fan,Household,27357.19,29570.27,38309.37,890
ITEM01043,Phone Charger,Electronics,5355.68,5986.02,6781.99,602
ITEM01044,Yam Tubers,Food,22939.36,27456.15,31663.73,834
ITEM01045,Ankara Fabric,Fashion,14709.61,16489.89,18457.45,437
ITEM01046,Garri 25kg,Food,30729.85,35047.91,44186.14,207
ITEM01047,Vegetable Oil 5L,Food,24353.59,28481.82,36936.55,945
ITEM01048,School Bag,Electronics,12067.59,13831.02,16035.62,680
ITEM01049,Sneakers,Fashion,19455.34,22747.79,26503.95,314
ITEM01050,Garri 25kg,Food,34273.27,39736.31,45927.07,849
ITEM01051,Power Bank,Electronics,14972.91,17264.18,19525.19,18
ITEM01052,Yam Tubers,Food,25398.99,29410.96,36983.95,930
ITEM01053,Power Bank,Electronics,12868.35,15131.89,16828.84,582
ITEM01054,Cooking Gas Cylinder,Household,35201.87,41018.03,53059.07,594
ITEM01055,Beans 50kg,Food,65641.82,77129.99,99147.76,23
ITEM01056,Cooking Gas Cylinder,Household,38140.63,41858.26,47035.62,184
ITEM01057,Phone Charger,Electronics,4797.52,5571.46,6718.65,723
ITEM01058,Plastic Chair,Fashion,12405.28,14494.86,18822.59,562
ITEM01059,Phone Charger,Electronics,4976.68,5553.95,7056.43,136
ITEM01060,Tomato Basket,Food,19081.62,22610.75,28105.77,669
ITEM01061,Plastic Chair,Fashion,11696.53,13059.94,14424.6,748
ITEM01062,Sneakers,Fashion,22025.96,24432.51,27209.89,279
ITEM01063,Garri 25kg,Food,34761.91,41159.89,51812.22,692
ITEM01064,Sneakers,Fashion,19917.34,22101.13,25975.21,973
ITEM01065,Ankara Fabric,Fashion,17701.07,19999.74,24673.4,487
ITEM01066,Yam Tubers,Food,27341.43,30735.89,38353.36,237
ITEM01067,LED Bulb,Household,2770.55,3290.77,3897.71,962
ITEM01068,School Bag,Electronics,10446.16,11852.51,13377.65,912
ITEM01069,Tomato Basket,Food,20922.05,24338.98,28655.22,462
ITEM01070,Rice 50kg,Food,77246.64,90786.79,115681.41,430
ITEM01071,Sneakers,Fashion,23728.86,27415.1,31971.96,835
ITEM01072,Palm Oil 25L,Food,52635.97,62807.52,69875.24,10
ITEM01073,Ankara Fabric,Fashion,14602.79,17177.28,22190.06,319
ITEM01074,Power Bank,Electronics,13280.22,14980.41,18517.82,547
ITEM01075,Phone Charger,Electronics,4544.14,5426.15,6555.71,657
ITEM01076,Garri 25kg,Food,29949.26,34230.48,43329.67,632
ITEM01077,Ankara Fabric,Fashion,16988.49,18393.59,21745.5,376
ITEM01078,Garri 25kg,Food,28737.09,31932.7,41417.45,870
ITEM01079,Phone Charger,Electronics,5153.2,5949.93,7565.42,653
ITEM01080,Table Fan,Household,23547.07,25873.94,29913.09,545
ITEM01081,LED Bulb,Household,2699.3,3104.44,3645.26,939
ITEM01082,Cooking Gas Cylinder,Household,38066.24,42763.31,49397.97,103
ITEM01083,Cooking Gas Cylinder,Household,33967.84,38863.49,47874.7,712
ITEM01084,Bluetooth Speaker,Electronics,18134.64,19589.49,24053.27,927
ITEM01085,Palm Oil 25L,Food,66347.95,78410.71,94445.79,665
ITEM01086,Table Fan,Household,29435.78,33069.06,42763.86,569
ITEM01087,Plastic Chair,Fashion,10638.47,11668.48,13937.47,370
ITEM01088,Cooking Gas Cylinder,Household,34834.24,39451.52,49580.48,278
ITEM01089,Sneakers,Fashion,23843.76,27142.34,33429.02,550
ITEM01090,Garri 25kg,Food,29071.13,33620.42,40466.78,899
ITEM01091,Power Bank,Electronics,14730.73,16836.45,18661.84,467
ITEM01092,Phone Charger,Electronics,4552.42,4940.39,6084.09,129
ITEM01093,Table Fan,Household,29478.52,34919.71,42899.53,488
ITEM01094,Yam Tubers,Food,21901.0,24852.84,27958.82,106
ITEM01095,Tomato Basket,Food,16403.06,17866.85,22497.63,936
ITEM01096,Beans 50kg,Food,80451.18,94348.27,112595.12,539
ITEM01097,Table Fan,Household,29992.6,34767.98,40498.76,221
ITEM01098,Ankara Fabric,Fashion,17280.24,20009.35,25307.67,628
ITEM01099,Rice 50kg,Food,93101.49,105319.17,123083.79,542
ITEM01100,Phone Charger,Electronics,4711.18,5320.14,6513.82,515
ITEM01101,Power Bank,Electronics,12636.68,14460.92,17694.14,596
ITEM01102,Phone Charger,Electronics,4267.24,4634.52,5146.92,929
ITEM01103,LED Bulb,Household,2500.91,2790.7,3305.77,857
ITEM01104,Garri 25kg,Food,28396.45,34034.49,38954.37,270
ITEM01105,Tomato Basket,Food,21482.64,24908.33,28393.36,247
ITEM01106,Palm Oil 25L,Food,50220.86,56763.23,69875.11,990
ITEM01107,Vegetable Oil 5L,Food,21877.5,24211.47,26687.86,648
ITEM01108,LED Bulb,Household,2309.86,2701.2,3494.86,29
ITEM01109,LED Bulb,Household,2274.22,2527.19,2979.75,534
ITEM01110,Rice 50kg,Food,75254.15,82740.76,95959.49,127
ITEM01111,School Bag,Electronics,10991.55,12074.68,15503.82,39
ITEM01112,Palm Oil 25L,Food,55946.96,65318.73,78208.36,193
ITEM01113,Palm Oil 25L,Food,61035.93,70626.95,86367.23,262
ITEM01114,Vegetable Oil 5L,Food,27368.4,29787.13,36911.32,88
ITEM01115,Palm Oil 25L,Food,60815.25,66520.04,84765.3,837
ITEM01116,Power Bank,Electronics,14287.86,16517.64,18598.01,443
ITEM01117,Cooking Gas Cylinder,Household,33587.78,38576.71,43064.36,556
ITEM01118,Bluetooth Speaker,Electronics,15264.67,17742.43,23042.84,866
ITEM01119,Ankara Fabric,Fashion,14665.72,16152.3,17796.23,838
ITEM01120,Power Bank,Electronics,15380.34,17951.79,22289.65,822
ITEM01121,Rice 50kg,Food,84996.56,101344.08,123864.06,204
ITEM01122,Beans 50kg,Food,65327.73,75265.78,91110.0,747
ITEM01123,Vegetable Oil 5L,Food,24139.23,26638.5,33489.0,995
ITEM01124,Vegetable Oil 5L,Food,26966.02,31322.25,40671.78,17
ITEM01125,Table Fan,Household,28364.39,31801.3,35279.64,869
ITEM01126,Table Fan,Household,27491.29,29853.19,36507.65,867
ITEM01127,Table Fan,Household,30119.82,33622.17,41804.31,842
ITEM01128,School Bag,Electronics,11043.18,13126.7,15242.57,402
ITEM01129,Bluetooth Speaker,Electronics,17727.92,20020.79,25598.03,206
ITEM01130,Sneakers,Fashion,19952.47,23618.93,28139.56,734
ITEM01131,Yam Tubers,Food,22047.92,25157.53,28500.86,626
ITEM01132,Sneakers,Fashion,25069.94,28630.81,36386.36,729
ITEM01133,Plastic Chair,Fashion,11326.23,12239.42,15771.54,263
ITEM01134,Ankara Fabric,Fashion,15107.93,17471.6,19566.5,185
ITEM01135,School Bag,Electronics,10780.42,11782.32,14731.86,902
ITEM01136,Rice 50kg,Food,71220.57,81009.83,92594.46,520
ITEM01137,Ankara Fabric,Fashion,16997.89,18888.7,20802.97,852
ITEM01138,Yam Tubers,Food,22874.84,25781.91,29703.93,926
ITEM01139,Ankara Fabric,Fashion,16916.14,19359.66,24605.78,464
ITEM01140,Bluetooth Speaker,Electronics,17175.33,18579.17,20961.7,270
ITEM01141,Table Fan,Household,25190.23,28065.7,31605.73,896
ITEM01142,Tomato Basket,Food,16322.2,19566.29,24415.0,717
ITEM01143,LED Bulb,Household,2736.88,2974.68,3513.9,669
ITEM01144,Table Fan,Household,24379.33,27264.07,30800.14,958
ITEM01145,Tomato Basket,Food,16445.29,18395.22,21080.92,253
ITEM01146,Power Bank,Electronics,14536.3,16360.99,20597.19,367
ITEM01147,Bluetooth Speaker,Electronics,16235.22,18868.15,23106.95,48
ITEM01148,Plastic Chair,Fashion,10634.8,11801.75,14777.98,393
ITEM01149,Sneakers,Fashion,20330.65,23080.01,25839.33,452
ITEM01150,Table Fan,Household,29909.35,34616.59,41249.85,458
ITEM01151,Yam Tubers,Food,23479.97,26266.54,33080.64,159
ITEM01152,Power Bank,Electronics,12326.28,14715.76,16969.61,810
ITEM01153,Phone Charger,Electronics,4525.32,5419.34,6144.66,494
ITEM01154,LED Bulb,Household,2277.36,2492.26,2931.78,444
ITEM01155,Tomato Basket,Food,17960.63,20138.51,23495.12,865
ITEM01156,Bluetooth Speaker,Electronics,14872.97,16433.99,18687.0,491
ITEM01157,Garri 25kg,Food,27824.33,30673.95,39593.6,893
ITEM01158,Table Fan,Household,26328.13,29985.57,35881.32,230
ITEM01159,Yam Tubers,Food,27846.0,31957.72,39040.04,852
ITEM01160,Tomato Basket,Food,16476.56,18636.28,20951.3,988
ITEM01161,Bluetooth Speaker,Electronics,15534.64,17285.5,21123.0,752
ITEM01162,Power Bank,Electronics,15153.8,16872.77,20434.01,893
ITEM01163,Table Fan,Household,30159.12,36162.45,46518.87,742
ITEM01164,Bluetooth Speaker,Electronics,17915.2,21334.16,25226.86,604
ITEM01165,Power Bank,Electronics,12448.92,13558.21,17034.71,766
ITEM01166,Beans 50kg,Food,68316.02,79163.65,91896.04,960
ITEM01167,Rice 50kg,Food,74896.04,84993.92,103334.59,608
ITEM01168,Yam Tubers,Food,22214.41,25827.76,33198.85,690
ITEM01169,Cooking Gas Cylinder,Household,33739.98,38856.16,47599.34,88
ITEM01170,LED Bulb,Household,2556.87,3034.26,3769.25,959
ITEM01171,School Bag,Electronics,10058.79,10944.35,13956.2,779
ITEM01172,School Bag,Electronics,10849.1,12172.16,15642.26,169
ITEM01173,Yam Tubers,Food,23471.91,28125.43,32109.54,296
ITEM01174,Palm Oil 25L,Food,56271.55,62004.18,70633.15,233
ITEM01175,Rice 50kg,Food,89150.57,97644.84,118159.55,326
ITEM01176,Tomato Basket,Food,21156.39,24699.6,32087.33,886
ITEM01177,Tomato Basket,Food,17985.59,21102.36,25281.27,469
ITEM01178,Palm Oil 25L,Food,60265.83,69948.91,81573.09,425
ITEM01179,Vegetable Oil 5L,Food,22869.49,26829.2,32394.97,781
ITEM01180,Rice 50kg,Food,71012.03,82604.5,91928.83,377
ITEM01181,School Bag,Electronics,11249.25,12332.47,14002.79,886
ITEM01182,LED Bulb,Household,2253.25,2597.97,2935.15,756
ITEM01183,Sneakers,Fashion,21509.7,25235.73,27900.19,264
ITEM01184,Phone Charger,Electronics,4781.35,5660.45,7044.11,634
ITEM01185,Phone Charger,Electronics,4345.64,4821.7,5617.73,487
ITEM01186,Tomato Basket,Food,16688.97,18279.29,20723.36,350
ITEM01187,Garri 25kg,Food,29586.52,34726.61,41756.97,907
ITEM01188,School Bag,Electronics,11924.7,13245.79,15427.22,403
ITEM01189,Bluetooth Speaker,Electronics,17587.19,19061.55,22466.01,125
ITEM01190,Rice 50kg,Food,79082.69,93240.52,108448.64,414
ITEM01191,Phone Charger,Electronics,4136.03,4718.05,5193.61,521
ITEM01192,Vegetable Oil 5L,Food,25237.01,28245.16,34958.07,135
ITEM01193,Garri 25kg,Food,27208.0,29421.95,33015.49,745
ITEM01194,Sneakers,Fashion,22280.79,24157.71,27632.28,237
ITEM01195,Power Bank,Electronics,14520.4,17063.14,19418.93,101
ITEM01196,School Bag,Electronics,10259.29,11682.92,13625.48,542
ITEM01197,Ankara Fabric,Fashion,14567.26,15994.37,18106.26,169
ITEM01198,Cooking Gas Cylinder,Household,30247.53,33968.61,39722.56,784
ITEM01199,Plastic Chair,Fashion,9431.77,10373.4,11915.44,77
ITEM01200,School Bag,Electronics,10279.58,11241.2,12502.94,424
ITEM01201,Table Fan,Household,30105.1,33511.7,42697.68,61
ITEM01202,Power Bank,Electronics,12463.45,14282.38,16583.51,389
ITEM01203,Cooking Gas Cylinder,Household,35777.58,39541.41,44249.07,933
ITEM01204,Ankara Fabric,Fashion,16357.02,18340.16,22087.15,654
ITEM01205,Sneakers,Fashion,19101.48,21725.1,24433.24,539
ITEM01206,LED Bulb,Household,2239.83,2531.91,3176.58,165
ITEM01207,Power Bank,Electronics,12816.67,14039.83,15616.73,319
ITEM01208,Ankara Fabric,Fashion,16290.93,17670.19,21079.25,386
ITEM01209,Vegetable Oil 5L,Food,24051.91,26078.4,33608.94,582
ITEM01210,Cooking Gas Cylinder,Household,37459.05,42029.86,47569.13,216
ITEM01211,School Bag,Electronics,11657.93,13596.14,15503.32,999
ITEM01212,Plastic Chair,Fashion,11852.63,12987.53,15845.99,655
ITEM01213,Phone Charger,Electronics,5508.84,6469.78,8384.65,318
ITEM01214,Table Fan,Household,29060.32,33880.88,39883.46,121
ITEM01215,Beans 50kg,Food,77395.76,83624.05,102834.92,599
ITEM01216,Beans 50kg,Food,76979.69,83385.15,94263.87,453
ITEM01217,Power Bank,Electronics,14432.58,15924.96,19560.3,677
ITEM01218,Ankara Fabric,Fashion,16903.38,18369.48,21134.69,600
ITEM01219,Plastic Chair,Fashion,12434.45,14222.05,17388.69,643
ITEM01220,Phone Charger,Electronics,4764.3,5168.1,5776.55,835
ITEM01221,Sneakers,Fashion,22912.69,26952.6,32477.72,529
ITEM01222,Bluetooth Speaker,Electronics,17076.19,19452.44,22321.3,727
ITEM01223,Cooking Gas Cylinder,Household,38685.89,45160.15,55833.37,365
ITEM01224,Sneakers,Fashion,21546.97,25211.78,31502.97,943
ITEM01225,Phone Charger,Electronics,5260.41,6001.13,7619.21,413
ITEM01226,Cooking Gas Cylinder,Household,38143.22,45430.24,58990.22,683
ITEM01227,Beans 50kg,Food,79699.61,95546.19,113878.73,998
ITEM01228,Cooking Gas Cylinder,Household,32363.67,36347.82,44857.53,355
ITEM01229,Garri 25kg,Food,32949.46,36083.08,39824.34,110
ITEM01230,Vegetable Oil 5L,Food,26388.36,29649.66,37981.73,239
ITEM01231,Plastic Chair,Fashion,12439.72,13768.31,16840.69,251
ITEM01232,Ankara Fabric,Fashion,17392.1,19891.7,23557.12,66
ITEM01233,Cooking Gas Cylinder,Household,35772.02,40258.07,47780.79,548
ITEM01234,Ankara Fabric,Fashion,15868.06,18052.36,22594.32,284
ITEM01235,School Bag,Electronics,9451.97,11073.76,14027.06,106
ITEM01236,Tomato Basket,Food,21707.29,24157.66,30476.84,145
ITEM01237,Rice 50kg,Food,75973.43,86951.36,104525.7,280
ITEM01238,Garri 25kg,Food,33090.05,37068.11,43526.46,375
ITEM01239,Tomato Basket,Food,20686.03,24289.44,31311.71,974
ITEM01240,Rice 50kg,Food,80553.9,93180.27,114317.28,705
ITEM01241,Power Bank,Electronics,12330.33,13329.35,16111.59,717
ITEM01242,Plastic Chair,Fashion,9973.57,11561.42,14101.05,695
ITEM01243,Cooking Gas Cylinder,Household,38743.21,42633.78,52267.88,805
ITEM01244,Power Bank,Electronics,13543.56,15804.48,19638.88,324
ITEM01245,Table Fan,Household,23680.11,27186.68,32913.19,108
ITEM01246,Cooking Gas Cylinder,Household,37278.7,42057.01,53625.68,513
ITEM01247,Table Fan,Household,24976.39,29054.73,36955.95,11
ITEM01248,Phone Charger,Electronics,5342.01,6318.48,7509.21,224
ITEM01249,Tomato Basket,Food,17914.56,21021.83,23832.6,755
ITEM01250,Cooking Gas Cylinder,Household,31852.84,36485.7,44342.2,507
ITEM01251,Vegetable Oil 5L,Food,21448.71,25024.71,30633.95,693
ITEM01252,Yam Tubers,Food,25086.48,28339.44,34139.84,514
ITEM01253,Beans 50kg,Food,68965.49,81012.6,103543.46,547
ITEM01254,Plastic Chair,Fashion,11829.33,13952.53,15607.36,308
ITEM01255,Sneakers,Fashion,21766.38,23866.29,27624.85,226
ITEM01256,Beans 50kg,Food,66720.14,73963.52,94167.25,266
ITEM01257,Palm Oil 25L,Food,54781.29,60938.64,78481.81,800
ITEM01258,Bluetooth Speaker,Electronics,15868.55,17454.29,20686.56,979
ITEM01259,Bluetooth Speaker,Electronics,19182.02,21620.14,24615.15,91
ITEM01260,Plastic Chair,Fashion,9894.76,10915.54,12924.72,541
ITEM01261,Vegetable Oil 5L,Food,28088.1,32342.45,38527.41,475
ITEM01262,LED Bulb,Household,2370.19,2588.71,3116.58,566
ITEM01263,Phone Charger,Electronics,4207.28,4680.14,5404.96,240
ITEM01264,Plastic Chair,Fashion,10170.68,11796.59,13713.83,17
ITEM01265,Vegetable Oil 5L,Food,21254.35,23971.19,29511.35,211
ITEM01266,Rice 50kg,Food,89134.73,100773.55,123382.98,190
ITEM01267,Rice 50kg,Food,82308.8,96774.66,119267.07,61
ITEM01268,Yam Tubers,Food,23777.4,28488.69,33487.23,363
ITEM01269,Cooking Gas Cylinder,Household,36701.52,42126.3,49173.67,687
ITEM01270,Rice 50kg,Food,85213.9,92839.53,108650.82,966
ITEM01271,Yam Tubers,Food,28299.04,30912.41,39884.28,660
ITEM01272,Beans 50kg,Food,79686.47,95322.56,112389.97,183
ITEM01273,LED Bulb,Household,2635.51,3061.17,3738.38,368
ITEM01274,Sneakers,Fashion,24097.59,28201.31,33970.42,310
ITEM01275,Ankara Fabric,Fashion,16859.78,19575.75,24963.86,220
ITEM01276,Ankara Fabric,Fashion,15459.56,17029.54,19989.68,990
ITEM01277,Sneakers,Fashion,23349.42,26473.66,31419.7,659
ITEM01278,Plastic Chair,Fashion,9608.25,11297.09,14331.03,486
ITEM01279,Rice 50kg,Food,88347.32,104600.01,118427.24,442
ITEM01280,Table Fan,Household,30740.85,34075.62,41533.38,325
ITEM01281,Ankara Fabric,Fashion,13570.13,15626.22,18438.65,422
ITEM01282,Ankara Fabric,Fashion,17062.94,18749.65,24321.26,638
ITEM01283,Yam Tubers,Food,28247.35,33755.39,42001.05,928
ITEM01284,Plastic Chair,Fashion,10096.42,11209.7,12354.34,501
ITEM01285,Yam Tubers,Food,25186.08,29397.1,37272.43,193
ITEM01286,Rice 50kg,Food,92525.31,102493.39,127156.99,957
ITEM01287,LED Bulb,Household,2845.17,3283.12,3979.77,321
ITEM01288,Palm Oil 25L,Food,52413.52,60753.12,69697.54,92
ITEM01289,Beans 50kg,Food,66829.09,74809.24,84524.22,548
ITEM01290,School Bag,Electronics,11124.16,13107.15,16065.17,792
ITEM01291,Palm Oil 25L,Food,54071.59,64142.12,76200.07,265
ITEM01292,Table Fan,Household,25580.64,30251.88,38490.2,286
ITEM01293,Phone Charger,Electronics,4113.54,4605.91,5308.2,296
ITEM01294,Rice 50kg,Food,73476.63,85917.76,105464.39,808
ITEM01295,Cooking Gas Cylinder,Household,35654.46,40900.62,47026.25,957
ITEM01296,Power Bank,Electronics,14120.01,16253.77,19947.65,849
ITEM01297,Vegetable Oil 5L,Food,25594.5,29108.4,32300.68,233
ITEM01298,Sneakers,Fashion,23837.18,27461.18,32358.64,850
ITEM01299,Bluetooth Speaker,Electronics,16567.94,18163.07,20606.68,316
ITEM01300,Rice 50kg,Food,76427.87,86291.78,105378.38,868
ITEM01301,Ankara Fabric,Fashion,13247.45,14589.69,16972.85,991
ITEM01302,Yam Tubers,Food,22799.72,25390.06,31846.92,720
ITEM01303,Sneakers,Fashion,20761.76,22741.14,25536.45,955
ITEM01304,LED Bulb,Household,2258.66,2496.94,3024.4,150
ITEM01305,School Bag,Electronics,8988.46,10550.93,12858.8,658
ITEM01306,Sneakers,Fashion,19739.15,22620.68,24982.75,61
ITEM01307,Vegetable Oil 5L,Food,25720.83,27851.47,30837.07,655
ITEM01308,Vegetable Oil 5L,Food,25452.45,29897.03,34729.83,347
ITEM01309,Phone Charger,Electronics,5427.38,6453.9,7885.47,970
ITEM01310,Table Fan,Household,29415.16,34876.13,45078.31,500
ITEM01311,Power Bank,Electronics,13774.41,16236.75,18155.24,764
ITEM01312,Tomato Basket,Food,16934.07,20305.07,25191.13,309
ITEM01313,Plastic Chair,Fashion,11211.44,12897.28,15973.84,84
ITEM01314,Table Fan,Household,23448.92,28033.43,34590.31,744
ITEM01315,LED Bulb,Household,2448.16,2922.77,3516.76,229
ITEM01316,Tomato Basket,Food,18374.47,20535.1,26559.39,725
ITEM01317,Ankara Fabric,Fashion,15164.33,17948.69,21544.8,470
ITEM01318,School Bag,Electronics,9806.45,11523.53,14607.91,972
ITEM01319,Phone Charger,Electronics,5067.6,5944.78,6851.38,359
ITEM01320,Yam Tubers,Food,27557.08,32725.52,41275.44,406
ITEM01321,Beans 50kg,Food,75638.86,85177.13,110671.42,743
ITEM01322,Vegetable Oil 5L,Food,25438.98,28695.33,36787.91,787
ITEM01323,Bluetooth Speaker,Electronics,17195.56,19891.93,23090.84,134
ITEM01324,LED Bulb,Household,2148.31,2510.38,3186.26,743
ITEM01325,Table Fan,Household,28805.77,34151.21,38216.96,496
ITEM01326,Palm Oil 25L,Food,59796.2,70864.56,87556.11,988
ITEM01327,Sneakers,Fashion,20486.89,23899.2,27924.53,634
ITEM01328,Beans 50kg,Food,66384.68,79318.22,97698.95,775
ITEM01329,Sneakers,Fashion,24875.0,27398.21,32397.01,350
ITEM01330,Tomato Basket,Food,19708.86,23533.19,25929.02,290
ITEM01331,Phone Charger,Electronics,4765.31,5183.25,5941.32,787
ITEM01332,Ankara Fabric,Fashion,16062.29,18418.22,20416.17,25
ITEM01333,Phone Charger,Electronics,4675.79,5100.46,6046.36,584
ITEM01334,Plastic Chair,Fashion,10901.6,12516.78,15871.46,968
ITEM01335,Bluetooth Speaker,Electronics,15930.58,17950.78,22395.39,991
ITEM01336,Cooking Gas Cylinder,Household,34368.46,37454.51,47109.63,718
ITEM01337,School Bag,Electronics,11084.62,12833.48,16188.66,502
ITEM01338,Tomato Basket,Food,16377.67,19124.92,22460.08,814
ITEM01339,Plastic Chair,Fashion,11973.59,13181.75,15833.99,24
ITEM01340,Yam Tubers,Food,23372.35,27189.81,32673.73,795
ITEM01341,Bluetooth Speaker,Electronics,17931.05,19750.8,22173.07,198
ITEM01342,Garri 25kg,Food,32327.35,35446.53,43231.6,738
ITEM01343,Garri 25kg,Food,32419.44,35586.29,44270.62,354
ITEM01344,Bluetooth Speaker,Electronics,17551.46,20217.34,24709.5,753
ITEM01345,Palm Oil 25L,Food,67126.1,78769.45,98398.26,607
ITEM01346,Cooking Gas Cylinder,Household,35087.61,40407.85,45409.47,930
ITEM01347,Table Fan,Household,28881.78,33997.39,42574.31,789
ITEM01348,Sneakers,Fashion,23355.97,26882.19,30689.46,914
ITEM01349,Ankara Fabric,Fashion,14273.64,16781.22,21402.18,159
ITEM01350,School Bag,Electronics,9817.41,11753.24,13504.31,385
ITEM01351,Beans 50kg,Food,68404.36,77085.91,92379.64,443
ITEM01352,Yam Tubers,Food,23332.73,25619.18,30677.77,40
ITEM01353,Power Bank,Electronics,12960.31,14207.71,16392.43,32
ITEM01354,LED Bulb,Household,2418.22,2785.06,3265.04,48
ITEM01355,Palm Oil 25L,Food,60838.4,69699.66,79256.83,769
ITEM01356,Power Bank,Electronics,12365.55,13628.18,16544.88,452
ITEM01357,Tomato Basket,Food,20734.46,24588.02,31536.73,754
ITEM01358,Garri 25kg,Food,30419.09,36345.02,42280.95,836
ITEM01359,Beans 50kg,Food,74331.13,82536.23,99176.57,45
ITEM01360,Yam Tubers,Food,21860.82,24152.4,30730.94,849
ITEM01361,Beans 50kg,Food,69369.27,76699.57,91310.82,233
ITEM01362,Beans 50kg,Food,60092.61,67693.76,85717.36,410
ITEM01363,Tomato Basket,Food,20002.69,23650.92,28127.52,963
ITEM01364,Palm Oil 25L,Food,56233.67,64753.93,76930.81,308
ITEM01365,Bluetooth Speaker,Electronics,19291.19,20990.87,23750.07,940
ITEM01366,Rice 50kg,Food,77673.46,88295.88,99332.49,511
ITEM01367,Tomato Basket,Food,19363.69,21122.69,25818.25,23
ITEM01368,Phone Charger,Electronics,4450.64,5023.64,6357.25,834
ITEM01369,Cooking Gas Cylinder,Household,36261.18,40917.93,46117.84,53
ITEM01370,School Bag,Electronics,10396.18,12036.73,15431.31,640
ITEM01371,Table Fan,Household,25952.09,29739.39,34847.91,463
ITEM01372,Tomato Basket,Food,17311.03,20513.06,24309.03,148
ITEM01373,Phone Charger,Electronics,4240.59,4588.12,5867.7,519
ITEM01374,Phone Charger,Electronics,4252.63,4987.82,6380.71,368
ITEM01375,LED Bulb,Household,2874.28,3112.04,3749.92,107
ITEM01376,Cooking Gas Cylinder,Household,34079.26,38050.0,43961.18,559
ITEM01377,Cooking Gas Cylinder,Household,29770.26,35294.42,40037.56,53
ITEM01378,Ankara Fabric,Fashion,17606.12,20473.27,23632.62,542
ITEM01379,Power Bank,Electronics,11555.92,12718.9,15976.54,233
ITEM01380,Bluetooth Speaker,Electronics,16584.79,18888.32,22003.35,832
ITEM01381,Cooking Gas Cylinder,Household,37283.51,43496.01,53887.74,950
ITEM01382,Vegetable Oil 5L,Food,27547.3,32849.64,37417.06,932
ITEM01383,Tomato Basket,Food,20213.45,23369.15,27942.51,938
ITEM01384,LED Bulb,Household,2472.72,2677.86,3134.22,109
ITEM01385,Yam Tubers,Food,28558.32,32555.46,39090.07,514
ITEM01386,Palm Oil 25L,Food,50845.95,55846.93,67797.56,232
ITEM01387,Bluetooth Speaker,Electronics,19483.15,21153.51,27461.21,105
ITEM01388,Tomato Basket,Food,20991.53,24178.49,30947.96,398
ITEM01389,LED Bulb,Household,2821.7,3310.5,4102.29,435
ITEM01390,LED Bulb,Household,2316.08,2511.39,2839.75,303
ITEM01391,Tomato Basket,Food,16962.01,19913.92,25565.61,123
ITEM01392,Bluetooth Speaker,Electronics,17832.91,20771.17,26556.3,414
ITEM01393,Cooking Gas Cylinder,Household,35166.52,41153.22,52566.68,163
ITEM01394,Ankara Fabric,Fashion,15607.73,17314.71,20704.99,50
ITEM01395,Palm Oil 25L,Food,66515.76,74978.66,85036.39,456
ITEM01396,School Bag,Electronics,10878.25,11904.84,14891.53,75
ITEM01397,School Bag,Electronics,9904.85,10981.18,12932.57,966
ITEM01398,Sneakers,Fashion,21340.44,23823.07,27847.12,839
ITEM01399,Rice 50kg,Food,72984.0,81620.37,96161.56,926
ITEM01400,Tomato Basket,Food,17246.19,18988.14,23010.09,111
ITEM01401,Table Fan,Household,24111.14,26586.03,31018.02,470
ITEM01402,Vegetable Oil 5L,Food,26780.64,31820.13,39392.81,825
ITEM01403,Tomato Basket,Food,20167.78,23678.33,29113.56,579
ITEM01404,Tomato Basket,Food,19172.97,21499.36,25837.34,313
ITEM01405,Palm Oil 25L,Food,56776.31,67774.86,75283.95,833
ITEM01406,Garri 25kg,Food,32567.0,36106.08,46479.66,316
ITEM01407,Tomato Basket,Food,20783.56,23460.87,27738.7,974
ITEM01408,Table Fan,Household,30087.99,35432.31,42160.57,109
ITEM01409,Rice 50kg,Food,83156.6,94228.6,112245.72,708
ITEM01410,Vegetable Oil 5L,Food,26851.16,29755.24,34903.07,23
ITEM01411,Beans 50kg,Food,70237.43,78962.62,97512.32,915
ITEM01412,Bluetooth Speaker,Electronics,16870.1,19233.38,21210.25,361
ITEM01413,Vegetable Oil 5L,Food,27185.92,31385.53,40007.19,30
ITEM01414,Plastic Chair,Fashion,10625.03,11992.19,13437.1,837
ITEM01415,Bluetooth Speaker,Electronics,16469.15,18639.07,24229.73,967
ITEM01416,Plastic Chair,Fashion,10356.21,11512.72,14110.18,920
ITEM01417,School Bag,Electronics,10558.91,12081.95,13450.22,490
ITEM01418,Phone Charger,Electronics,4864.58,5381.86,6525.44,70
ITEM01419,Table Fan,Household,28299.74,33509.81,39081.2,235
ITEM01420,Power Bank,Electronics,13218.53,15461.51,19954.76,40
ITEM01421,Cooking Gas Cylinder,Household,32037.29,36177.58,45261.56,53
ITEM01422,Cooking Gas Cylinder,Household,38851.84,45443.73,54596.23,167
ITEM01423,School Bag,Electronics,10014.9,10824.5,12837.38,567
ITEM01424,Sneakers,Fashion,24791.43,27799.59,36116.49,768
ITEM01425,Vegetable Oil 5L,Food,22349.05,25317.81,31228.93,588
ITEM01426,Plastic Chair,Fashion,11198.19,12725.35,15305.87,212
ITEM01427,Sneakers,Fashion,22241.66,26019.36,30692.14,605
ITEM01428,LED Bulb,Household,2746.49,3283.53,3825.03,238
ITEM01429,Vegetable Oil 5L,Food,21845.56,24589.35,30517.45,466
ITEM01430,Plastic Chair,Fashion,12352.79,13860.72,16876.5,890
ITEM01431,Phone Charger,Electronics,4845.26,5587.85,7094.54,143
ITEM01432,Palm Oil 25L,Food,60524.14,67408.78,81612.63,876
ITEM01433,Garri 25kg,Food,31094.55,34109.54,41493.1,278
ITEM01434,Bluetooth Speaker,Electronics,14633.73,17492.94,20912.3,673
ITEM01435,Tomato Basket,Food,18983.42,22346.21,27989.17,268
ITEM01436,Beans 50kg,Food,65034.54,77717.58,91939.77,172
ITEM01437,Phone Charger,Electronics,4573.47,5058.9,6426.76,455
ITEM01438,Sneakers,Fashion,22984.07,24871.92,28985.95,387
ITEM01439,Tomato Basket,Food,18986.87,21502.09,26630.88,512
ITEM01440,Cooking Gas Cylinder,Household,30728.79,36629.74,46834.57,243
ITEM01441,Plastic Chair,Fashion,9591.04,10517.52,13187.02,978
ITEM01442,Power Bank,Electronics,12226.91,13377.0,15631.32,675
ITEM01443,LED Bulb,Household,2268.16,2468.38,3063.93,842
ITEM01444,Phone Charger,Electronics,4955.95,5807.4,6628.54,782
ITEM01445,Garri 25kg,Food,28003.67,32885.03,36556.08,726
ITEM01446,Rice 50kg,Food,91390.3,106327.6,133789.5,150
ITEM01447,LED Bulb,Household,2282.32,2479.5,3128.14,592
ITEM01448,Cooking Gas Cylinder,Household,30706.88,35828.62,39575.8,898
ITEM01449,Ankara Fabric,Fashion,17247.22,19555.51,25217.98,105
ITEM01450,Beans 50kg,Food,65701.88,72202.9,85862.25,468
ITEM01451,Vegetable Oil 5L,Food,23951.86,26716.26,34224.99,192
ITEM01452,Rice 50kg,Food,93292.05,106365.77,133769.31,797
ITEM01453,Rice 50kg,Food,92931.48,104042.2,133187.62,932
ITEM01454,Vegetable Oil 5L,Food,26079.64,31200.9,39521.4,61
ITEM01455,Bluetooth Speaker,Electronics,14801.59,16828.95,21790.11,803
ITEM01456,Beans 50kg,Food,71960.14,80930.55,99206.31,366
ITEM01457,Cooking Gas Cylinder,Household,40135.32,46588.27,53364.61,964
ITEM01458,Phone Charger,Electronics,5443.56,6304.0,7425.56,24
ITEM01459,Vegetable Oil 5L,Food,21604.12,23338.77,29182.24,199
ITEM01460,Power Bank,Electronics,13078.67,15095.62,17079.09,721
ITEM01461,Plastic Chair,Fashion,10391.27,11526.54,14822.77,780
ITEM01462,Tomato Basket,Food,16889.45,19001.11,21681.32,88
ITEM01463,Rice 50kg,Food,86792.04,101092.06,128912.08,168
ITEM01464,Rice 50kg,Food,76436.67,87664.17,104911.64,344
ITEM01465,Table Fan,Household,25743.41,28941.74,36701.71,44
ITEM01466,Beans 50kg,Food,61397.54,67542.77,87242.24,783
ITEM01467,School Bag,Electronics,10493.6,11969.6,14177.15,672
ITEM01468,Yam Tubers,Food,22436.26,25091.01,31095.81,751
ITEM01469,Plastic Chair,Fashion,10775.9,12818.48,14681.57,474
ITEM01470,Beans 50kg,Food,62510.19,71519.25,90125.5,643
ITEM01471,LED Bulb,Household,2840.39,3362.78,4250.5,577
ITEM01472,Sneakers,Fashion,19656.88,22149.8,25672.71,697
ITEM01473,Phone Charger,Electronics,4831.52,5697.77,6295.06,456
ITEM01474,Palm Oil 25L,Food,53636.54,58291.36,69147.6,654
ITEM01475,Cooking Gas Cylinder,Household,30551.8,34088.91,38656.83,648
ITEM01476,Tomato Basket,Food,17303.16,18849.73,23820.6,644
ITEM01477,Power Bank,Electronics,11696.84,12677.01,14606.69,873
ITEM01478,Yam Tubers,Food,22295.48,26537.5,34199.89,356
ITEM01479,Palm Oil 25L,Food,58884.67,68660.95,88872.11,880
ITEM01480,Phone Charger,Electronics,5018.61,5796.57,7429.85,37
ITEM01481,Garri 25kg,Food,27162.26,31070.89,37904.09,491
ITEM01482,Rice 50kg,Food,80549.06,92498.23,106695.37,447
ITEM01483,Vegetable Oil 5L,Food,25097.17,29028.46,36618.0,869
ITEM01484,Beans 50kg,Food,64418.74,75961.91,94217.0,55
ITEM01485,Phone Charger,Electronics,4615.79,5315.67,6886.1,224
ITEM01486,Table Fan,Household,23531.86,27528.27,32358.12,474
ITEM01487,Garri 25kg,Food,28397.22,31626.48,35160.85,817
ITEM01488,Rice 50kg,Food,81182.12,97192.16,126318.44,469
ITEM01489,Beans 50kg,Food,80299.29,87030.59,110324.56,642
ITEM01490,Power Bank,Electronics,15509.87,17470.15,19991.06,186
ITEM01491,Vegetable Oil 5L,Food,28025.22,33233.59,41380.0,943
ITEM01492,Power Bank,Electronics,13188.5,14529.28,15984.21,786
ITEM01493,Rice 50kg,Food,71684.74,78635.33,95271.56,52
ITEM01494,Tomato Basket,Food,17994.37,20223.0,23712.84,707
ITEM01495,Yam Tubers,Food,23032.86,26058.99,30652.32,138
ITEM01496,Phone Charger,Electronics,4100.34,4887.64,5615.43,563
ITEM01497,Bluetooth Speaker,Electronics,14935.69,17629.11,20361.08,711
ITEM01498,Plastic Chair,Fashion,10845.53,12317.17,14668.94,926
ITEM01499,Phone Charger,Electronics,4569.11,5468.12,6286.31,79
ITEM01500,Table Fan,Household,24410.87,28245.16,33704.61,294
ITEM01501,Bluetooth Speaker,Electronics,18102.11,21448.09,26069.5,693
ITEM01502,Vegetable Oil 5L,Food,23449.8,26018.18,32320.37,269
ITEM01503,Palm Oil 25L,Food,65228.06,74273.61,91759.78,715
ITEM01504,Tomato Basket,Food,17523.57,18987.95,21805.72,191
ITEM01505,School Bag,Electronics,10620.94,11481.93,12720.12,171
ITEM01506,Vegetable Oil 5L,Food,22178.42,25830.2,32714.89,548
ITEM01507,LED Bulb,Household,2496.48,2731.63,3481.36,692
ITEM01508,Power Bank,Electronics,12092.49,13854.81,17952.76,213
ITEM01509,Table Fan,Household,24258.79,28225.61,36465.85,875
ITEM01510,Sneakers,Fashion,22740.67,24647.89,30237.12,870
ITEM01511,Tomato Basket,Food,17653.58,20016.49,25598.18,90
ITEM01512,Palm Oil 25L,Food,53200.9,61824.67,73546.73,311
ITEM01513,Ankara Fabric,Fashion,17498.42,20766.56,26113.27,560
ITEM01514,Tomato Basket,Food,16395.12,18295.44,23620.63,496
ITEM01515,Vegetable Oil 5L,Food,24978.84,29897.32,37648.37,262
ITEM01516,LED Bulb,Household,2536.2,2996.12,3544.87,534
ITEM01517,Power Bank,Electronics,12489.97,14464.33,17003.57,963
ITEM01518,Rice 50kg,Food,80838.18,91107.15,105530.19,314
ITEM01519,Power Bank,Electronics,11830.34,13786.29,16177.0,226
ITEM01520,Phone Charger,Electronics,5118.63,6029.45,7621.93,741
ITEM01521,Table Fan,Household,24745.75,27626.05,34264.59,574
ITEM01522,Ankara Fabric,Fashion,14074.24,16876.98,19408.12,695
ITEM01523,Palm Oil 25L,Food,55723.35,66256.97,82311.51,649
ITEM01524,Garri 25kg,Food,34742.04,39545.48,46500.7,763
ITEM01525,School Bag,Electronics,11433.87,13340.35,16162.56,731
ITEM01526,Rice 50kg,Food,92993.55,106280.57,124781.24,609
ITEM01527,Tomato Basket,Food,19866.19,23269.49,28024.05,459
ITEM01528,Garri 25kg,Food,32515.17,38343.12,47774.02,465
ITEM01529,Rice 50kg,Food,81508.76,88256.6,109987.69,272
ITEM01530,LED Bulb,Household,2803.89,3054.83,3820.48,454
ITEM01531,Beans 50kg,Food,70228.42,78682.24,92704.03,608
ITEM01532,Rice 50kg,Food,78434.48,93345.94,115571.53,719
ITEM01533,LED Bulb,Household,2605.28,2938.22,3372.32,775
ITEM01534,Palm Oil 25L,Food,59816.67,70972.57,84846.69,383
ITEM01535,Plastic Chair,Fashion,9759.27,11081.57,13482.07,735
ITEM01536,Rice 50kg,Food,79361.05,88460.77,109452.19,442
ITEM01537,Garri 25kg,Food,29263.93,34767.81,44586.21,364
ITEM01538,Beans 50kg,Food,77283.51,88665.86,102936.96,172
ITEM01539,Ankara Fabric,Fashion,14936.62,16777.68,21291.83,273
ITEM01540,School Bag,Electronics,11512.9,12495.28,14522.33,682
ITEM01541,Power Bank,Electronics,13266.68,14504.62,17556.13,224
ITEM01542,Vegetable Oil 5L,Food,26363.23,28913.01,36592.88,86
ITEM01543,Beans 50kg,Food,62340.92,70057.5,87195.66,279
ITEM01544,Bluetooth Speaker,Electronics,19165.72,22095.77,28118.5,990
ITEM01545,Palm Oil 25L,Food,58655.91,65513.42,82741.89,158
ITEM01546,School Bag,Electronics,9743.36,10599.45,12245.22,152
ITEM01547,Sneakers,Fashion,20293.83,22562.22,29299.01,409
ITEM01548,Table Fan,Household,25097.13,28335.7,36479.38,389
ITEM01549,Power Bank,Electronics,12960.23,15540.26,18431.29,921
ITEM01550,Rice 50kg,Food,87350.98,98458.39,109233.87,245
ITEM01551,Vegetable Oil 5L,Food,27804.58,30326.55,35200.01,423
ITEM01552,Table Fan,Household,28369.2,32617.03,41333.3,297
ITEM01553,Bluetooth Speaker,Electronics,17240.55,20522.4,26477.47,257
ITEM01554,School Bag,Electronics,10338.08,12141.08,15374.67,329
ITEM01555,Phone Charger,Electronics,5272.6,6223.49,7339.67,264
ITEM01556,Garri 25kg,Food,34251.81,40807.19,45349.33,721
ITEM01557,LED Bulb,Household,2344.78,2711.47,3263.3,792
ITEM01558,Plastic Chair,Fashion,12496.29,14987.93,17614.96,184
ITEM01559,Cooking Gas Cylinder,Household,33898.71,36745.99,41324.34,500
ITEM01560,Table Fan,Household,29430.63,34733.47,38942.14,271
ITEM01561,Vegetable Oil 5L,Food,27931.13,33038.09,37353.11,868
ITEM01562,Vegetable Oil 5L,Food,25996.89,30936.4,35303.53,110
ITEM01563,Vegetable Oil 5L,Food,22012.4,25036.47,31314.55,415
ITEM01564,LED Bulb,Household,2564.6,3012.2,3543.38,338
ITEM01565,Bluetooth Speaker,Electronics,15055.76,16612.67,19725.68,369
ITEM01566,Phone Charger,Electronics,5216.36,6011.21,7331.73,941
ITEM01567,Cooking Gas Cylinder,Household,32703.81,36727.6,47453.04,545
ITEM01568,School Bag,Electronics,11114.93,12799.29,16015.67,386
ITEM01569,LED Bulb,Household,2807.57,3259.77,4006.73,809
ITEM01570,Cooking Gas Cylinder,Household,31650.6,35500.84,44332.26,779
ITEM01571,Beans 50kg,Food,67750.01,74928.03,93199.87,153
ITEM01572,Yam Tubers,Food,26103.39,29199.32,36150.21,467
ITEM01573,Ankara Fabric,Fashion,15126.41,17541.72,21037.46,417
ITEM01574,Plastic Chair,Fashion,9926.9,11527.37,13986.95,455
ITEM01575,Garri 25kg,Food,26620.37,31118.09,37102.05,355
ITEM01576,Tomato Basket,Food,18467.61,20225.44,23845.62,825
ITEM01577,Bluetooth Speaker,Electronics,17760.97,20926.36,24152.24,995
ITEM01578,Plastic Chair,Fashion,11244.15,13072.2,15308.1,36
ITEM01579,Beans 50kg,Food,62781.07,68033.37,80667.57,858
ITEM01580,School Bag,Electronics,10344.68,11588.86,14090.61,866
ITEM01581,Tomato Basket,Food,18255.98,20738.9,24886.16,371
ITEM01582,Palm Oil 25L,Food,55003.38,61783.87,69296.16,490
ITEM01583,Power Bank,Electronics,14428.55,15786.13,18438.12,111
ITEM01584,Phone Charger,Electronics,4525.9,5000.58,5876.88,357
ITEM01585,School Bag,Electronics,10626.45,11507.88,14285.72,245
ITEM01586,Tomato Basket,Food,21412.37,23364.52,27256.55,907
ITEM01587,Plastic Chair,Fashion,11129.61,12375.64,13632.89,116
ITEM01588,Beans 50kg,Food,72457.48,85383.64,95362.19,346
ITEM01589,Table Fan,Household,23543.29,26914.61,32281.37,486
ITEM01590,Rice 50kg,Food,74082.1,83782.39,95319.15,977
ITEM01591,Ankara Fabric,Fashion,13644.42,15820.16,18967.17,819
ITEM01592,Tomato Basket,Food,20509.43,23482.92,28528.01,936
ITEM01593,Yam Tubers,Food,27519.41,30155.26,38800.4,317
ITEM01594,Rice 50kg,Food,74286.8,82214.3,101215.34,275
ITEM01595,Sneakers,Fashion,20147.19,22296.95,24665.07,575
ITEM01596,Garri 25kg,Food,29355.83,33817.75,39774.61,347
ITEM01597,Sneakers,Fashion,22601.11,25661.19,32299.52,25
ITEM01598,Ankara Fabric,Fashion,16066.35,18098.91,20851.98,814
ITEM01599,Table Fan,Household,28512.71,32698.28,42017.11,103
ITEM01600,Ankara Fabric,Fashion,17384.15,20798.63,25079.04,203
ITEM01601,Tomato Basket,Food,17831.73,19930.58,22292.15,943
ITEM01602,Ankara Fabric,Fashion,16238.23,18550.93,21302.67,734
ITEM01603,Table Fan,Household,27483.76,31266.74,40060.82,646
ITEM01604,Tomato Basket,Food,17893.27,20863.5,27086.92,137
ITEM01605,Garri 25kg,Food,34788.96,40620.8,51694.16,258
ITEM01606,LED Bulb,Household,2196.61,2564.52,2985.45,213
ITEM01607,Garri 25kg,Food,32971.61,36406.67,45645.36,644
ITEM01608,School Bag,Electronics,11217.8,12719.77,14557.08,505
ITEM01609,Vegetable Oil 5L,Food,27552.65,32438.86,38177.44,366
ITEM01610,Garri 25kg,Food,31172.8,35093.83,43496.47,748
ITEM01611,Plastic Chair,Fashion,10411.35,12473.95,16138.55,780
ITEM01612,Garri 25kg,Food,34047.99,38262.26,45449.43,742
ITEM01613,Sneakers,Fashion,23787.35,27110.92,32510.52,114
ITEM01614,Sneakers,Fashion,22002.08,25015.12,28618.14,612
ITEM01615,Beans 50kg,Food,75625.0,85610.5,101075.58,217
ITEM01616,Garri 25kg,Food,28841.24,34075.23,37912.23,279
ITEM01617,Plastic Chair,Fashion,11295.37,12409.47,15781.33,978
ITEM01618,Power Bank,Electronics,14978.99,17197.68,18997.71,421
ITEM01619,Garri 25kg,Food,29307.26,33827.38,41834.48,789
ITEM01620,Cooking Gas Cylinder,Household,34827.27,41170.94,47537.8,253
ITEM01621,Vegetable Oil 5L,Food,27815.18,32073.8,38335.3,972
ITEM01622,Rice 50kg,Food,89336.01,106774.62,123464.74,284
ITEM01623,LED Bulb,Household,2790.28,3305.53,3900.58,190
ITEM01624,Rice 50kg,Food,79177.08,88824.71,107420.66,329
ITEM01625,Bluetooth Speaker,Electronics,19532.18,23110.25,28383.52,181
ITEM01626,Cooking Gas Cylinder,Household,31351.94,37466.11,48258.49,602
ITEM01627,Bluetooth Speaker,Electronics,17095.73,18991.03,22151.89,152
ITEM01628,Bluetooth Speaker,Electronics,16894.29,19482.92,23710.16,215
ITEM01629,Yam Tubers,Food,27238.24,30338.4,38843.6,705
ITEM01630,Garri 25kg,Food,34800.15,40296.76,46665.52,52
ITEM01631,Bluetooth Speaker,Electronics,18178.81,19837.39,25253.2,446
ITEM01632,LED Bulb,Household,2595.11,3031.36,3915.03,695
ITEM01633,Beans 50kg,Food,68476.01,77403.8,98264.03,451
ITEM01634,Table Fan,Household,27083.64,31159.1,37826.28,31
ITEM01635,Phone Charger,Electronics,4813.39,5213.4,6487.68,166
ITEM01636,Bluetooth Speaker,Electronics,14553.88,16932.75,20255.18,971
ITEM01637,Garri 25kg,Food,31028.33,35357.37,43116.58,774
ITEM01638,School Bag,Electronics,11621.31,13422.96,17381.32,356
ITEM01639,Palm Oil 25L,Food,62704.15,70095.73,80625.79,874
ITEM01640,Vegetable Oil 5L,Food,26673.46,29274.08,36841.7,16
ITEM01641,Ankara Fabric,Fashion,14990.76,16973.3,20389.13,56
ITEM01642,Rice 50kg,Food,82712.74,98699.25,112060.63,885
ITEM01643,Phone Charger,Electronics,4128.22,4571.32,5616.81,677
ITEM01644,School Bag,Electronics,10131.44,11763.63,14804.35,603
ITEM01645,Garri 25kg,Food,30762.07,33407.03,40547.82,351
ITEM01646,Tomato Basket,Food,17604.69,20530.1,26021.62,819
ITEM01647,Tomato Basket,Food,16328.07,18101.51,21236.21,612
ITEM01648,Sneakers,Fashion,23256.69,26377.32,33835.61,440
ITEM01649,Cooking Gas Cylinder,Household,34318.42,38578.38,47438.45,386
ITEM01650,Table Fan,Household,26316.99,28778.71,36279.36,360
ITEM01651,Palm Oil 25L,Food,54574.77,61203.95,70665.9,579
ITEM01652,Rice 50kg,Food,82930.63,93049.41,110656.74,658
ITEM01653,Rice 50kg,Food,80475.46,91955.5,117879.91,806
ITEM01654,School Bag,Electronics,10418.05,12467.1,13840.71,411
ITEM01655,Garri 25kg,Food,31752.1,36083.16,42606.86,261
ITEM01656,Palm Oil 25L,Food,50261.95,59798.2,75110.35,560
ITEM01657,Table Fan,Household,30302.34,34404.88,42963.54,587
ITEM01658,Table Fan,Household,23525.81,25711.48,32661.92,285
ITEM01659,Table Fan,Household,26602.49,29465.41,36769.23,82
ITEM01660,Vegetable Oil 5L,Food,22349.19,25230.05,32532.09,339
ITEM01661,School Bag,Electronics,10574.91,11833.8,14196.44,79
ITEM01662,School Bag,Electronics,9807.72,11611.36,14222.27,91
ITEM01663,Palm Oil 25L,Food,65372.12,75925.62,96390.7,966
ITEM01664,Bluetooth Speaker,Electronics,16471.44,18932.22,23482.35,783
ITEM01665,Power Bank,Electronics,14061.96,16015.83,17944.32,45
ITEM01666,Yam Tubers,Food,23116.6,26067.95,30588.12,355
ITEM01667,Ankara Fabric,Fashion,13265.24,15300.96,18522.09,262
ITEM01668,Sneakers,Fashion,21367.42,23396.32,29267.47,975
ITEM01669,Bluetooth Speaker,Electronics,17186.08,18896.16,22840.05,443
ITEM01670,Ankara Fabric,Fashion,15311.89,17093.8,21461.43,267
ITEM01671,Ankara Fabric,Fashion,17648.37,19422.77,24618.79,638
ITEM01672,Bluetooth Speaker,Electronics,18054.88,20966.26,24174.64,480
ITEM01673,Vegetable Oil 5L,Food,28143.17,30478.27,37281.62,195
ITEM01674,Ankara Fabric,Fashion,14547.03,15990.4,19371.13,312
ITEM01675,Ankara Fabric,Fashion,16844.1,20016.06,22927.67,136
ITEM01676,Cooking Gas Cylinder,Household,35583.36,42689.55,51141.04,696
ITEM01677,Garri 25kg,Food,32039.37,36477.17,44126.93,970
ITEM01678,Phone Charger,Electronics,5499.63,6266.52,7917.55,810
ITEM01679,LED Bulb,Household,2615.49,3067.47,3657.03,381
ITEM01680,Power Bank,Electronics,15115.21,16390.07,18294.32,492
ITEM01681,Cooking Gas Cylinder,Household,37370.38,42274.96,50622.54,70
ITEM01682,Rice 50kg,Food,72833.7,79532.89,100815.12,373
ITEM01683,Rice 50kg,Food,86905.82,98039.43,119044.48,41
ITEM01684,Plastic Chair,Fashion,10948.24,13116.64,15264.79,747
ITEM01685,Yam Tubers,Food,28140.98,32937.22,42297.79,910
ITEM01686,Power Bank,Electronics,14742.68,17664.76,19981.14,199
ITEM01687,Phone Charger,Electronics,4229.95,4947.04,5765.16,677
ITEM01688,Yam Tubers,Food,22254.37,25658.69,30467.82,603
ITEM01689,LED Bulb,Household,2177.21,2548.44,3179.42,423
ITEM01690,Beans 50kg,Food,69858.14,80971.94,102603.55,736
ITEM01691,Plastic Chair,Fashion,9616.55,10921.4,12141.45,682
ITEM01692,LED Bulb,Household,2667.76,2974.83,3743.55,276
ITEM01693,Sneakers,Fashion,22345.57,25528.05,31759.6,800
ITEM01694,Yam Tubers,Food,27519.14,30574.29,39102.39,659
ITEM01695,Garri 25kg,Food,28952.1,32959.11,42190.57,319
ITEM01696,Sneakers,Fashion,22126.33,24284.45,30489.25,737
ITEM01697,Phone Charger,Electronics,4249.17,4877.4,5550.68,644
ITEM01698,Garri 25kg,Food,34576.87,38360.76,44604.91,126
ITEM01699,Yam Tubers,Food,22562.54,25162.49,32390.76,174
ITEM01700,Cooking Gas Cylinder,Household,30824.8,35136.68,42853.91,330
ITEM01701,Vegetable Oil 5L,Food,22332.12,24554.24,29655.43,53
ITEM01702,Palm Oil 25L,Food,64420.3,77013.54,98819.3,412
ITEM01703,Sneakers,Fashion,19398.38,21990.65,28034.55,466
ITEM01704,Palm Oil 25L,Food,61025.37,68487.15,85300.7,778
ITEM01705,LED Bulb,Household,2684.64,2908.81,3712.96,179
ITEM01706,Table Fan,Household,29033.76,34294.4,38504.62,571
ITEM01707,Cooking Gas Cylinder,Household,31745.64,36669.39,45892.06,667
ITEM01708,LED Bulb,Household,2171.22,2453.41,3172.57,455
ITEM01709,Vegetable Oil 5L,Food,24123.73,26764.41,29703.01,908
ITEM01710,Palm Oil 25L,Food,53733.99,62837.41,71924.28,325
ITEM01711,Tomato Basket,Food,20135.84,24031.26,30250.4,413
ITEM01712,Phone Charger,Electronics,4593.64,5171.04,6225.99,14
ITEM01713,Table Fan,Household,26589.77,29147.31,32566.98,416
ITEM01714,Ankara Fabric,Fashion,13702.7,14978.47,17279.04,30
ITEM01715,School Bag,Electronics,10712.78,11577.98,13486.17,984
ITEM01716,Table Fan,Household,24452.75,28591.98,33287.14,248
ITEM01717,School Bag,Electronics,11063.8,13251.87,16903.21,814
ITEM01718,Yam Tubers,Food,21783.77,26121.74,32192.63,125
ITEM01719,Phone Charger,Electronics,5485.29,6440.3,8030.94,281
ITEM01720,Power Bank,Electronics,14247.33,15664.4,17273.36,128
ITEM01721,Beans 50kg,Food,63316.32,75810.22,89873.2,375
ITEM01722,Ankara Fabric,Fashion,13240.54,14820.63,17244.76,606
ITEM01723,Sneakers,Fashion,20907.46,23417.07,29748.69,425
ITEM01724,Ankara Fabric,Fashion,13885.58,16141.72,20835.31,609
ITEM01725,Bluetooth Speaker,Electronics,15563.9,16900.62,20021.62,808
ITEM01726,Plastic Chair,Fashion,12230.08,14420.39,18668.81,54
ITEM01727,Cooking Gas Cylinder,Household,36083.65,43288.68,47741.86,430
ITEM01728,Bluetooth Speaker,Electronics,15349.93,18005.6,20979.12,597
ITEM01729,Phone Charger,Electronics,4881.59,5730.02,7191.09,528
ITEM01730,Beans 50kg,Food,64871.39,73099.53,85674.1,154
ITEM01731,Plastic Chair,Fashion,12571.46,13676.63,17563.42,214
ITEM01732,LED Bulb,Household,2149.57,2526.0,2888.97,383
ITEM01733,Sneakers,Fashion,23533.3,27102.34,34125.46,654
ITEM01734,Table Fan,Household,29211.28,34735.73,39610.56,989
ITEM01735,Table Fan,Household,23494.02,25700.47,29283.66,374
ITEM01736,Plastic Chair,Fashion,9917.17,11073.66,13168.24,526
ITEM01737,Power Bank,Electronics,13031.44,14637.94,18868.13,313
ITEM01738,Beans 50kg,Food,77731.25,90323.21,109931.57,43
ITEM01739,Rice 50kg,Food,82910.2,97380.47,119486.47,404
ITEM01740,Palm Oil 25L,Food,61748.93,73809.88,81334.55,354
ITEM01741,Phone Charger,Electronics,5207.54,5808.74,6455.39,159
ITEM01742,Ankara Fabric,Fashion,17025.77,19396.38,21595.67,674
ITEM01743,Phone Charger,Electronics,4765.85,5163.68,6526.52,265
ITEM01744,Rice 50kg,Food,82216.31,91289.58,104742.97,232
ITEM01745,Palm Oil 25L,Food,62858.7,70708.53,82429.71,395
ITEM01746,Cooking Gas Cylinder,Household,32515.09,37433.22,45743.04,964
ITEM01747,Cooking Gas Cylinder,Household,38722.14,44007.77,53548.25,640
ITEM01748,Yam Tubers,Food,21405.9,24054.6,28435.09,431
ITEM01749,Plastic Chair,Fashion,9996.05,11544.33,12708.69,822
ITEM01750,Ankara Fabric,Fashion,16895.93,19927.63,23712.3,30
ITEM01751,LED Bulb,Household,2380.19,2639.64,3293.68,343
ITEM01752,LED Bulb,Household,2237.37,2508.42,2877.28,545
ITEM01753,School Bag,Electronics,9513.28,11079.08,13756.57,493
ITEM01754,Yam Tubers,Food,25230.67,29604.48,32654.65,679
ITEM01755,School Bag,Electronics,11590.47,13665.72,17514.01,704
ITEM01756,Tomato Basket,Food,16552.71,18292.73,23597.76,461
ITEM01757,Tomato Basket,Food,16323.74,18685.98,20563.78,930
ITEM01758,School Bag,Electronics,10390.28,12343.67,14708.26,928
ITEM01759,Bluetooth Speaker,Electronics,19326.56,21781.69,25762.6,480
ITEM01760,Bluetooth Speaker,Electronics,15872.95,17961.61,22782.08,902
ITEM01761,Yam Tubers,Food,28443.78,34080.73,41174.44,644
ITEM01762,Yam Tubers,Food,27907.61,30518.82,37302.33,147
ITEM01763,Rice 50kg,Food,76665.12,89289.74,101835.06,128
ITEM01764,School Bag,Electronics,11498.39,13591.35,15159.96,89
ITEM01765,Bluetooth Speaker,Electronics,17947.92,19708.53,24408.35,219
ITEM01766,LED Bulb,Household,2508.87,2924.67,3580.19,319
ITEM01767,Power Bank,Electronics,13187.81,14986.21,18979.53,78
ITEM01768,Phone Charger,Electronics,5254.32,6212.43,7883.19,612
ITEM01769,Beans 50kg,Food,76154.67,90539.85,111020.6,417
ITEM01770,Palm Oil 25L,Food,63547.77,75284.93,90919.52,605
ITEM01771,Tomato Basket,Food,21840.06,23756.0,30474.24,508
ITEM01772,Yam Tubers,Food,24838.84,29081.88,36650.52,278
ITEM01773,Yam Tubers,Food,27301.92,32505.21,41492.42,618
ITEM01774,Yam Tubers,Food,27718.59,32002.82,41577.05,951
ITEM01775,Plastic Chair,Fashion,10048.29,11576.68,13668.61,323
ITEM01776,Garri 25kg,Food,26741.22,29024.94,36089.23,314
ITEM01777,Tomato Basket,Food,18457.07,21829.61,27016.63,520
ITEM01778,Garri 25kg,Food,34317.65,37254.16,42277.08,806
ITEM01779,Tomato Basket,Food,17797.89,19891.3,24412.78,536
ITEM01780,Sneakers,Fashion,23320.07,27776.62,32932.45,833
ITEM01781,Rice 50kg,Food,69880.76,83435.5,99298.85,83
ITEM01782,Tomato Basket,Food,18175.58,21793.03,24757.48,107
ITEM01783,Rice 50kg,Food,84841.71,96479.3,120497.62,412
ITEM01784,Cooking Gas Cylinder,Household,31112.45,34263.88,42473.1,240
ITEM01785,Ankara Fabric,Fashion,17344.22,19747.32,23824.32,32
ITEM01786,Vegetable Oil 5L,Food,21973.61,24001.28,27153.71,223
ITEM01787,Palm Oil 25L,Food,66253.35,78490.63,95081.42,278
ITEM01788,Beans 50kg,Food,64044.18,73475.61,82294.64,920
ITEM01789,Power Bank,Electronics,15501.83,17494.44,20431.31,784
ITEM01790,Ankara Fabric,Fashion,15987.08,17418.62,20457.68,357
ITEM01791,Bluetooth Speaker,Electronics,14880.16,16794.18,21440.88,958
ITEM01792,Table Fan,Household,23478.75,27797.5,32887.56,838
ITEM01793,Tomato Basket,Food,16577.05,19302.47,23543.1,258
ITEM01794,Vegetable Oil 5L,Food,25160.71,27422.53,34962.51,483
ITEM01795,Power Bank,Electronics,14753.8,16217.21,19219.85,922
ITEM01796,Palm Oil 25L,Food,57282.44,64561.72,82428.58,462
ITEM01797,Cooking Gas Cylinder,Household,34420.78,37593.17,42378.49,377
ITEM01798,Palm Oil 25L,Food,60580.39,72216.97,84708.24,904
ITEM01799,Power Bank,Electronics,13633.81,15791.71,17670.06,663
ITEM01800,Power Bank,Electronics,14261.65,15564.86,18867.51,446
ITEM01801,Rice 50kg,Food,81305.93,95499.25,123333.12,871
ITEM01802,Phone Charger,Electronics,5107.96,5742.41,7071.15,747
ITEM01803,Phone Charger,Electronics,5516.13,6119.51,7497.71,354
ITEM01804,Vegetable Oil 5L,Food,23399.69,26872.16,31054.32,430
ITEM01805,Garri 25kg,Food,26463.6,28623.16,36815.72,56
ITEM01806,Rice 50kg,Food,72790.38,82678.78,98743.85,110
ITEM01807,Rice 50kg,Food,83316.45,98418.11,113515.48,954
ITEM01808,Power Bank,Electronics,12869.24,15331.99,19893.87,62
ITEM01809,Beans 50kg,Food,79239.63,88836.07,105237.42,838
ITEM01810,Cooking Gas Cylinder,Household,36338.18,42046.64,49375.36,216
ITEM01811,Vegetable Oil 5L,Food,24649.61,27292.51,30212.6,546
ITEM01812,Sneakers,Fashion,23967.06,27495.62,31225.65,725
ITEM01813,Sneakers,Fashion,20406.69,22661.29,28594.89,991
ITEM01814,Power Bank,Electronics,14794.94,16992.92,20332.69,379
ITEM01815,LED Bulb,Household,2127.3,2341.32,3022.58,925
ITEM01816,Beans 50kg,Food,72513.22,86504.5,96606.25,459
ITEM01817,Palm Oil 25L,Food,66695.2,79129.19,96789.94,868
ITEM01818,Vegetable Oil 5L,Food,26615.77,29821.11,37097.37,110
ITEM01819,Garri 25kg,Food,34288.8,40227.6,49248.1,275
ITEM01820,Tomato Basket,Food,18412.64,20096.67,24236.09,626
ITEM01821,Tomato Basket,Food,20848.16,24368.23,29623.48,709
ITEM01822,Plastic Chair,Fashion,11167.74,12439.7,15399.22,805
ITEM01823,Tomato Basket,Food,19675.68,21569.99,27451.11,364
ITEM01824,Table Fan,Household,23427.21,27207.97,31759.01,628
ITEM01825,Plastic Chair,Fashion,10015.12,11380.95,13565.31,624
ITEM01826,LED Bulb,Household,2538.22,2902.75,3562.21,984
ITEM01827,Beans 50kg,Food,60734.82,69387.32,80686.57,126
ITEM01828,Cooking Gas Cylinder,Household,37535.19,40805.77,46345.43,26
ITEM01829,School Bag,Electronics,11571.18,12568.22,16253.64,579
ITEM01830,Cooking Gas Cylinder,Household,39413.8,45410.23,51719.78,25
ITEM01831,Yam Tubers,Food,22013.26,25422.32,29147.88,203
ITEM01832,Cooking Gas Cylinder,Household,39617.06,43010.7,52633.79,505
ITEM01833,School Bag,Electronics,9138.0,10284.02,11471.56,275
ITEM01834,Beans 50kg,Food,69455.18,80119.48,88677.0,273
ITEM01835,Yam Tubers,Food,27551.88,31927.17,35528.64,352
ITEM01836,Garri 25kg,Food,27003.89,31848.21,35818.17,689
ITEM01837,Cooking Gas Cylinder,Household,29941.43,33848.42,40138.79,372
ITEM01838,Tomato Basket,Food,16292.2,18667.46,23630.24,795
ITEM01839,Palm Oil 25L,Food,59199.48,68045.5,79503.98,167
ITEM01840,Bluetooth Speaker,Electronics,18589.14,20772.35,24625.76,111
ITEM01841,Phone Charger,Electronics,4263.49,4632.11,5651.41,174
ITEM01842,Beans 50kg,Food,62116.82,67117.66,77885.27,918
ITEM01843,Plastic Chair,Fashion,11226.2,13250.68,15722.04,284
ITEM01844,Table Fan,Household,24847.79,27432.66,32295.43,39
ITEM01845,Ankara Fabric,Fashion,16570.49,19149.37,22373.68,322
ITEM01846,School Bag,Electronics,11916.35,13694.82,16128.09,691
ITEM01847,Yam Tubers,Food,26995.25,30449.45,33562.11,368
ITEM01848,Bluetooth Speaker,Electronics,18923.59,22330.2,28521.3,390
ITEM01849,Power Bank,Electronics,13579.32,15803.73,20473.25,95
ITEM01850,Garri 25kg,Food,34090.57,36910.85,46969.03,670
ITEM01851,Beans 50kg,Food,63340.97,74311.83,81828.36,228
ITEM01852,Vegetable Oil 5L,Food,21327.36,24331.1,30418.18,106
ITEM01853,Phone Charger,Electronics,5024.57,5635.77,6845.32,717
ITEM01854,Garri 25kg,Food,26833.16,31320.36,35042.32,937
ITEM01855,Beans 50kg,Food,78242.11,90942.99,117004.68,614
ITEM01856,Table Fan,Household,28551.59,31899.85,40042.08,938
ITEM01857,Yam Tubers,Food,28391.51,34012.02,38401.59,408
ITEM01858,Bluetooth Speaker,Electronics,16050.82,18584.36,24026.02,524
ITEM01859,Power Bank,Electronics,13443.94,15496.74,17437.55,363
ITEM01860,Ankara Fabric,Fashion,16623.86,18093.17,21547.81,514
ITEM01861,Ankara Fabric,Fashion,14303.92,15927.68,18026.87,893
ITEM01862,Tomato Basket,Food,19238.54,21809.52,24645.59,638
ITEM01863,Table Fan,Household,28291.68,32696.0,42294.27,36
ITEM01864,Yam Tubers,Food,28591.06,32637.61,39635.91,584
ITEM01865,Table Fan,Household,28982.1,33954.38,39109.84,383
ITEM01866,Yam Tubers,Food,22135.98,24604.32,30885.31,548
ITEM01867,Beans 50kg,Food,69482.0,80895.04,103145.12,562
ITEM01868,Ankara Fabric,Fashion,15912.78,18745.13,24059.76,593
ITEM01869,Rice 50kg,Food,73306.93,85901.5,110520.61,867
ITEM01870,Plastic Chair,Fashion,10775.49,12634.28,16185.98,860
ITEM01871,Rice 50kg,Food,76686.54,90997.85,111725.93,971
ITEM01872,Palm Oil 25L,Food,52253.25,56961.34,66558.95,614
ITEM01873,School Bag,Electronics,10537.93,12262.6,15758.84,292
ITEM01874,Cooking Gas Cylinder,Household,31489.15,37668.62,42358.34,203
ITEM01875,Yam Tubers,Food,25679.03,29501.05,33447.11,850
ITEM01876,Garri 25kg,Food,27928.18,30890.75,36660.07,914
ITEM01877,Palm Oil 25L,Food,62957.63,75539.74,87379.31,46
ITEM01878,LED Bulb,Household,2271.43,2500.76,3058.79,223
ITEM01879,Ankara Fabric,Fashion,17342.73,19428.48,24889.06,682
ITEM01880,Beans 50kg,Food,60050.4,66094.32,79194.62,173
ITEM01881,Yam Tubers,Food,25164.98,28580.91,34605.03,59
ITEM01882,Vegetable Oil 5L,Food,23177.77,26197.03,31033.7,997
ITEM01883,Palm Oil 25L,Food,54133.85,61655.69,76546.4,105
ITEM01884,Table Fan,Household,26769.98,31892.63,35724.14,221
ITEM01885,School Bag,Electronics,11577.36,13168.08,14612.85,989
ITEM01886,Palm Oil 25L,Food,66350.41,75755.92,93048.55,109
ITEM01887,Sneakers,Fashion,20701.44,24560.23,29643.6,801
ITEM01888,Phone Charger,Electronics,4302.11,5068.45,5988.23,566
ITEM01889,Beans 50kg,Food,74622.95,82739.44,96540.25,544
ITEM01890,Phone Charger,Electronics,4918.08,5319.15,5906.18,828
ITEM01891,Palm Oil 25L,Food,53707.99,62061.72,76715.19,31
ITEM01892,Vegetable Oil 5L,Food,26413.17,31204.05,36954.75,70
ITEM01893,Table Fan,Household,27153.34,31127.01,37011.68,203
ITEM01894,Ankara Fabric,Fashion,16213.29,17921.22,22915.66,495
ITEM01895,Garri 25kg,Food,29691.85,34708.67,43299.39,962
ITEM01896,Table Fan,Household,26506.69,30756.9,35182.47,77
ITEM01897,Bluetooth Speaker,Electronics,15369.74,17641.45,21724.27,425
ITEM01898,Table Fan,Household,29077.78,34416.47,38768.47,434
ITEM01899,Ankara Fabric,Fashion,13905.1,16326.11,18592.38,204
ITEM01900,Tomato Basket,Food,20586.32,23883.31,29682.89,350
ITEM01901,Bluetooth Speaker,Electronics,18519.84,21478.77,24167.45,208
ITEM01902,Bluetooth Speaker,Electronics,18257.66,21169.11,24472.31,145
ITEM01903,Ankara Fabric,Fashion,13265.32,15162.52,19402.14,526
ITEM01904,Vegetable Oil 5L,Food,22832.53,25930.23,32352.19,931
ITEM01905,Tomato Basket,Food,18819.53,21927.61,28196.53,410
ITEM01906,Vegetable Oil 5L,Food,25202.25,29064.73,37097.25,638
ITEM01907,Tomato Basket,Food,21389.57,24358.39,28317.01,673
ITEM01908,Garri 25kg,Food,29843.14,32684.18,40086.35,844
ITEM01909,Rice 50kg,Food,91225.57,106207.68,124872.53,826
ITEM01910,LED Bulb,Household,2247.57,2601.61,3224.49,906
ITEM01911,Beans 50kg,Food,67296.89,75444.51,88246.8,816
ITEM01912,LED Bulb,Household,2164.21,2429.89,2673.52,930
ITEM01913,Rice 50kg,Food,87965.24,97606.81,109201.3,966
ITEM01914,Plastic Chair,Fashion,9847.15,11771.58,14763.95,750
ITEM01915,Tomato Basket,Food,17615.01,20842.51,23276.94,498
ITEM01916,Power Bank,Electronics,14614.69,16767.82,20454.8,313
ITEM01917,Vegetable Oil 5L,Food,24755.17,27928.74,35512.95,575
ITEM01918,Power Bank,Electronics,11531.59,13473.73,16818.18,830
ITEM01919,Phone Charger,Electronics,4083.22,4668.46,5521.33,756
ITEM01920,Bluetooth Speaker,Electronics,17054.37,20415.82,23309.17,524
ITEM01921,Yam Tubers,Food,23537.17,25575.83,32852.35,85
ITEM01922,Bluetooth Speaker,Electronics,15369.59,16662.39,20216.14,278
ITEM01923,Table Fan,Household,27920.11,32058.8,37864.14,581
ITEM01924,Phone Charger,Electronics,4408.95,4869.21,6273.55,391
ITEM01925,Yam Tubers,Food,25691.55,29609.94,33844.27,461
ITEM01926,Garri 25kg,Food,29877.17,35068.95,41677.92,308
ITEM01927,Yam Tubers,Food,22650.6,24838.04,27861.55,85
ITEM01928,Garri 25kg,Food,27634.37,31306.24,35218.77,471
ITEM01929,Palm Oil 25L,Food,54342.43,63180.69,74535.47,450
ITEM01930,Cooking Gas Cylinder,Household,30063.24,35476.53,43988.49,783
ITEM01931,Beans 50kg,Food,65970.67,75177.62,87790.83,121
ITEM01932,Power Bank,Electronics,15127.92,16712.39,20688.6,490
ITEM01933,Table Fan,Household,29684.03,34145.42,43058.68,855
ITEM01934,Cooking Gas Cylinder,Household,33656.04,38184.19,48704.53,275
ITEM01935,Garri 25kg,Food,31705.25,37178.56,41228.94,323
ITEM01936,Garri 25kg,Food,31626.45,36265.08,45503.47,96
ITEM01937,Yam Tubers,Food,27465.53,30583.71,34542.12,578
ITEM01938,Bluetooth Speaker,Electronics,15655.08,18324.7,22716.25,857
ITEM01939,Cooking Gas Cylinder,Household,32862.07,37532.74,44075.92,486
ITEM01940,Palm Oil 25L,Food,55491.6,61113.21,75875.64,423
ITEM01941,Garri 25kg,Food,26730.09,30674.62,35053.87,751
ITEM01942,Vegetable Oil 5L,Food,23137.96,27622.05,33947.45,447
ITEM01943,Table Fan,Household,30061.1,35011.02,39391.0,404
ITEM01944,Rice 50kg,Food,92134.9,102809.31,116580.53,766
ITEM01945,Yam Tubers,Food,22072.27,25720.92,31453.91,291
ITEM01946,Garri 25kg,Food,30609.94,34096.81,39803.05,851
ITEM01947,Garri 25kg,Food,29896.54,34235.21,42477.53,275
ITEM01948,LED Bulb,Household,2492.02,2848.86,3524.12,516
ITEM01949,Rice 50kg,Food,83346.1,92488.08,113235.63,257
ITEM01950,Tomato Basket,Food,16265.47,18245.73,22736.15,636
ITEM01951,LED Bulb,Household,2756.68,3288.89,4140.01,439
ITEM01952,School Bag,Electronics,11992.04,13312.03,17069.81,246
ITEM01953,Beans 50kg,Food,73221.5,86117.51,96116.02,746
ITEM01954,Phone Charger,Electronics,5031.05,5836.44,7087.25,935
ITEM01955,Cooking Gas Cylinder,Household,35293.79,40373.11,50456.51,37
ITEM01956,Yam Tubers,Food,23757.05,26049.65,29784.86,572
ITEM01957,Power Bank,Electronics,12078.36,13341.13,15378.65,721
ITEM01958,Bluetooth Speaker,Electronics,17428.72,19197.34,22142.08,722
ITEM01959,Sneakers,Fashion,18996.61,21853.99,26540.95,228
ITEM01960,Palm Oil 25L,Food,64743.7,77485.64,90908.8,123
ITEM01961,Table Fan,Household,26359.38,31242.95,38529.4,518
ITEM01962,Cooking Gas Cylinder,Household,34104.92,36936.66,45138.37,640
ITEM01963,Garri 25kg,Food,29392.69,32709.57,40279.3,296
ITEM01964,Plastic Chair,Fashion,12548.87,13789.59,15864.42,375
ITEM01965,Plastic Chair,Fashion,9927.23,11883.7,14895.91,536
ITEM01966,Ankara Fabric,Fashion,13878.58,15381.26,18962.13,455
ITEM01967,Yam Tubers,Food,22491.49,24834.15,27966.47,488
ITEM01968,Phone Charger,Electronics,5028.28,5805.17,6618.1,685
ITEM01969,Table Fan,Household,30984.35,35531.07,41222.9,984
ITEM01970,Garri 25kg,Food,28539.92,31596.61,40671.41,798
ITEM01971,Table Fan,Household,30285.5,35144.62,40952.97,18
ITEM01972,LED Bulb,Household,2333.96,2547.85,2812.76,355
ITEM01973,Sneakers,Fashion,22976.14,24867.63,28058.78,19
ITEM01974,Tomato Basket,Food,16380.84,17853.31,19753.52,874
ITEM01975,Bluetooth Speaker,Electronics,16977.84,19079.42,22524.55,647
ITEM01976,Rice 50kg,Food,85802.42,102705.67,129350.67,226
ITEM01977,LED Bulb,Household,2527.24,2895.38,3445.76,840
ITEM01978,Tomato Basket,Food,17505.66,20491.55,25979.17,567
ITEM01979,Rice 50kg,Food,90081.02,100762.79,111796.9,60
ITEM01980,Plastic Chair,Fashion,12551.45,14639.02,17478.17,159
ITEM01981,Sneakers,Fashion,21730.69,25988.64,32678.51,811
ITEM01982,School Bag,Electronics,10928.15,12271.56,15154.69,296
ITEM01983,Rice 50kg,Food,89144.17,106962.94,135903.38,529
ITEM01984,Ankara Fabric,Fashion,14297.92,16537.11,19096.51,896
ITEM01985,School Bag,Electronics,11648.02,13626.21,16353.77,296
ITEM01986,Plastic Chair,Fashion,10274.66,11407.55,14092.61,21
ITEM01987,Table Fan,Household,29234.23,33829.0,38351.87,93
ITEM01988,Palm Oil 25L,Food,52134.16,59501.79,75160.37,916
ITEM01989,Palm Oil 25L,Food,55254.44,66016.26,76730.3,603
ITEM01990,LED Bulb,Household,2525.21,3001.37,3357.52,335
ITEM01991,Bluetooth Speaker,Electronics,17127.1,19312.53,24201.31,87
ITEM01992,Phone Charger,Electronics,5304.62,6331.72,7857.69,698
ITEM01993,Vegetable Oil 5L,Food,28146.54,33386.79,42626.11,49
ITEM01994,School Bag,Electronics,9262.71,10659.96,13627.85,100
ITEM01995,Ankara Fabric,Fashion,14436.95,15734.18,18184.07,598
ITEM01996,Rice 50kg,Food,78496.92,86291.25,105989.18,644
ITEM01997,Bluetooth Speaker,Electronics,16892.48,18399.71,23916.4,574
ITEM01998,Cooking Gas Cylinder,Household,34936.05,38183.68,43863.93,910
ITEM01999,Vegetable Oil 5L,Food,27118.03,32466.64,38783.85,276
ITEM02000,Vegetable Oil 5L,Food,26488.61,29282.1,37540.63,559
ITEM02001,Table Fan,Household,23102.7,26866.19,30106.68,312
ITEM02002,Beans 50kg,Food,69055.46,79854.58,102665.04,368
ITEM02003,Yam Tubers,Food,25885.55,29916.9,35829.41,159
ITEM02004,Phone Charger,Electronics,4742.97,5240.05,6699.98,795
ITEM02005,Plastic Chair,Fashion,9781.13,11243.62,13765.27,706
ITEM02006,Garri 25kg,Food,30046.51,34705.66,42836.75,715
ITEM02007,Phone Charger,Electronics,4672.78,5366.45,6732.74,150
ITEM02008,Garri 25kg,Food,28095.76,30971.06,34484.03,126
ITEM02009,Plastic Chair,Fashion,11845.81,13821.31,16938.75,784
ITEM02010,School Bag,Electronics,9937.41,10819.75,13901.07,669
ITEM02011,Power Bank,Electronics,13860.4,15952.54,20598.32,39
ITEM02012,Yam Tubers,Food,25117.98,28442.37,36794.88,668
ITEM02013,Garri 25kg,Food,34510.07,38307.37,47086.13,980
ITEM02014,LED Bulb,Household,2216.51,2608.58,3199.84,754
ITEM02015,Sneakers,Fashion,19454.14,21421.09,25930.08,284
ITEM02016,Tomato Basket,Food,17861.82,21290.54,26006.62,323
ITEM02017,Phone Charger,Electronics,4700.95,5576.02,6816.26,754
ITEM02018,Ankara Fabric,Fashion,14563.22,16358.44,18133.03,407
ITEM02019,Ankara Fabric,Fashion,16723.82,18674.12,20873.46,739
ITEM02020,Phone Charger,Electronics,4433.18,4860.98,5949.27,960
ITEM02021,Tomato Basket,Food,16633.22,19792.85,23015.98,411
ITEM02022,Sneakers,Fashion,21431.08,24759.41,28727.97,577
ITEM02023,Sneakers,Fashion,23804.3,25799.44,29377.51,494
ITEM02024,School Bag,Electronics,11604.27,13244.18,16690.51,513
ITEM02025,Beans 50kg,Food,74900.24,81663.42,105579.84,84
ITEM02026,Power Bank,Electronics,13734.44,15778.81,19337.75,986
ITEM02027,School Bag,Electronics,11206.2,12787.12,16483.68,545
ITEM02028,Cooking Gas Cylinder,Household,36904.59,40223.85,51356.87,237
ITEM02029,Power Bank,Electronics,12424.18,14634.49,16735.79,578
ITEM02030,Tomato Basket,Food,19289.33,21439.66,24241.94,403
ITEM02031,Bluetooth Speaker,Electronics,18380.11,21044.82,24039.86,823
ITEM02032,Palm Oil 25L,Food,55763.04,64500.25,72191.38,762
ITEM02033,Beans 50kg,Food,73233.44,87548.86,106509.82,388
ITEM02034,Sneakers,Fashion,21877.77,24924.41,28825.83,715
ITEM02035,Cooking Gas Cylinder,Household,35033.17,41692.2,53473.72,42
ITEM02036,Table Fan,Household,23679.45,26582.14,32501.49,967
ITEM02037,Bluetooth Speaker,Electronics,17847.71,21111.92,24741.52,515
ITEM02038,Rice 50kg,Food,90995.9,100850.68,130796.08,657
ITEM02039,Cooking Gas Cylinder,Household,31235.03,36385.61,46960.68,648
ITEM02040,Phone Charger,Electronics,4607.19,5024.76,6309.7,319
ITEM02041,Vegetable Oil 5L,Food,21182.71,25383.79,31941.35,692
ITEM02042,LED Bulb,Household,2147.22,2564.8,3322.58,403
ITEM02043,Ankara Fabric,Fashion,17776.91,20142.41,24575.58,683
ITEM02044,Ankara Fabric,Fashion,15469.64,17679.82,22559.53,98
ITEM02045,Vegetable Oil 5L,Food,23438.06,26994.39,30043.83,154
ITEM02046,Cooking Gas Cylinder,Household,32636.21,36324.25,43981.85,924
ITEM02047,Phone Charger,Electronics,5491.22,6374.96,7653.16,738
ITEM02048,Bluetooth Speaker,Electronics,15736.48,18314.55,20284.18,137
ITEM02049,Ankara Fabric,Fashion,16549.54,18916.28,21136.87,221
ITEM02050,Sneakers,Fashion,20572.8,22583.36,24940.34,550
ITEM02051,Garri 25kg,Food,27005.55,32144.77,37249.46,15
ITEM02052,Tomato Basket,Food,20044.68,21924.98,24352.12,407
ITEM02053,Yam Tubers,Food,21262.23,24568.52,29104.66,333
ITEM02054,Cooking Gas Cylinder,Household,36845.36,40248.79,50816.08,142
ITEM02055,Ankara Fabric,Fashion,14339.25,15737.79,19243.63,306
ITEM02056,Yam Tubers,Food,26845.78,29059.61,35881.58,300
ITEM02057,Ankara Fabric,Fashion,16754.34,18825.24,20826.38,76
ITEM02058,Ankara Fabric,Fashion,16542.1,19135.07,24261.46,637
ITEM02059,Yam Tubers,Food,21433.63,24489.75,27654.75,279
ITEM02060,Yam Tubers,Food,26528.02,30797.57,35741.51,40
ITEM02061,LED Bulb,Household,2867.61,3329.3,4006.34,31
ITEM02062,Bluetooth Speaker,Electronics,15687.39,17206.26,22127.22,966
ITEM02063,Garri 25kg,Food,28900.42,31411.3,40823.06,127
ITEM02064,Ankara Fabric,Fashion,16957.9,19587.1,24611.82,910
ITEM02065,School Bag,Electronics,9430.25,10923.88,13609.65,174
ITEM02066,Power Bank,Electronics,14150.36,16227.7,19563.08,93
ITEM02067,Ankara Fabric,Fashion,16685.87,18512.83,22828.65,550
ITEM02068,LED Bulb,Household,2152.87,2534.56,2861.22,869
ITEM02069,Tomato Basket,Food,19306.44,21026.31,24260.98,80
ITEM02070,Phone Charger,Electronics,4909.26,5674.51,7359.43,335
ITEM02071,Palm Oil 25L,Food,55520.94,60764.86,78746.58,755
ITEM02072,Sneakers,Fashion,24483.87,28365.39,33034.18,76
ITEM02073,Yam Tubers,Food,22470.62,25394.66,29158.4,177
ITEM02074,Tomato Basket,Food,18225.91,21254.55,24355.67,313
ITEM02075,Sneakers,Fashion,24301.21,26397.51,31597.1,808
ITEM02076,Yam Tubers,Food,22679.82,26004.91,29769.2,810
ITEM02077,Phone Charger,Electronics,5262.78,5775.3,7101.88,712
ITEM02078,Phone Charger,Electronics,4193.86,4872.79,5432.98,669
ITEM02079,Vegetable Oil 5L,Food,24420.83,26726.03,29952.81,35
ITEM02080,Garri 25kg,Food,27050.58,29453.48,34030.16,246
ITEM02081,Table Fan,Household,28441.02,33150.13,41619.62,922
ITEM02082,Beans 50kg,Food,76102.63,82771.04,96399.94,721
ITEM02083,Tomato Basket,Food,20994.19,23239.39,27751.63,248
ITEM02084,Sneakers,Fashion,25176.33,29682.09,36548.29,710
ITEM02085,Garri 25kg,Food,32599.75,38375.2,48264.8,727
ITEM02086,Sneakers,Fashion,23775.81,28114.78,32653.12,745
ITEM02087,Ankara Fabric,Fashion,15526.78,17376.51,21654.5,980
ITEM02088,Sneakers,Fashion,24724.06,28268.65,32712.86,545
ITEM02089,Tomato Basket,Food,19819.42,23244.25,28564.7,69
ITEM02090,Rice 50kg,Food,91435.36,100253.23,119318.99,820
ITEM02091,LED Bulb,Household,2301.59,2685.79,3452.11,24
ITEM02092,Tomato Basket,Food,18981.41,20721.97,26864.35,644
ITEM02093,Plastic Chair,Fashion,11758.4,13987.68,17552.08,798
ITEM02094,Palm Oil 25L,Food,53738.18,62146.98,79740.34,134
ITEM02095,Garri 25kg,Food,28315.46,32256.88,36363.2,799
ITEM02096,Plastic Chair,Fashion,12577.54,14315.35,17620.66,812
ITEM02097,LED Bulb,Household,2450.96,2700.38,3077.55,657
ITEM02098,Table Fan,Household,24422.71,27390.31,31646.59,330
ITEM02099,Ankara Fabric,Fashion,14716.31,17177.68,20691.63,209
ITEM02100,Vegetable Oil 5L,Food,23745.71,27186.78,33939.91,707
ITEM02101,LED Bulb,Household,2592.31,2964.35,3688.54,165
ITEM02102,Sneakers,Fashion,24791.9,27356.11,34848.73,678
ITEM02103,Garri 25kg,Food,35525.29,41310.35,50062.15,177
ITEM02104,Garri 25kg,Food,32410.8,36528.4,46948.8,342
ITEM02105,Table Fan,Household,28619.37,31536.56,40290.4,511
ITEM02106,Vegetable Oil 5L,Food,23190.44,27672.09,35138.34,170
ITEM02107,Plastic Chair,Fashion,12178.62,13893.57,15920.69,796
ITEM02108,Garri 25kg,Food,28375.52,32443.56,39136.33,698
ITEM02109,Vegetable Oil 5L,Food,21606.9,25879.98,32278.73,26
ITEM02110,Vegetable Oil 5L,Food,27978.43,31446.88,40730.65,850
ITEM02111,Vegetable Oil 5L,Food,27176.42,32425.88,35744.01,719
ITEM02112,Sneakers,Fashion,20704.06,24086.92,28071.44,839
ITEM02113,LED Bulb,Household,2631.38,3041.8,3554.25,605
ITEM02114,LED Bulb,Household,2475.26,2742.91,3175.49,630
ITEM02115,Ankara Fabric,Fashion,14677.55,15942.91,20143.62,389
ITEM02116,Palm Oil 25L,Food,55225.9,62545.22,69363.54,235
ITEM02117,Cooking Gas Cylinder,Household,31178.29,33710.6,39505.02,243
ITEM02118,Bluetooth Speaker,Electronics,17251.52,18778.63,23329.39,323
ITEM02119,Bluetooth Speaker,Electronics,16727.64,19260.86,22753.78,298
ITEM02120,Sneakers,Fashion,22080.43,25766.46,29085.51,757
ITEM02121,Plastic Chair,Fashion,10060.68,11068.29,13527.34,529
ITEM02122,Cooking Gas Cylinder,Household,39605.41,46255.16,55715.36,416
ITEM02123,Bluetooth Speaker,Electronics,17706.82,21141.35,27406.97,728
ITEM02124,School Bag,Electronics,11758.74,13748.1,17181.07,735
ITEM02125,Ankara Fabric,Fashion,13683.11,16066.24,20841.69,935
ITEM02126,Vegetable Oil 5L,Food,25402.95,29571.21,33630.47,316
ITEM02127,Tomato Basket,Food,20991.93,23237.41,29100.65,250
ITEM02128,School Bag,Electronics,9967.4,11196.45,13551.37,16
ITEM02129,Beans 50kg,Food,63598.01,75930.43,94343.7,168
ITEM02130,Tomato Basket,Food,17660.62,20474.76,24436.83,607
ITEM02131,Ankara Fabric,Fashion,14444.14,16967.29,19384.76,811
ITEM02132,Cooking Gas Cylinder,Household,34445.59,41205.31,45702.76,604
ITEM02133,Power Bank,Electronics,12795.15,14174.12,17967.93,991
ITEM02134,Yam Tubers,Food,23284.56,26046.16,32895.3,631
ITEM02135,Phone Charger,Electronics,5013.86,5802.92,6571.85,883
ITEM02136,Sneakers,Fashion,19050.01,20629.7,25354.64,275
ITEM02137,Bluetooth Speaker,Electronics,16185.86,18590.2,23192.15,330
ITEM02138,Rice 50kg,Food,86667.9,102011.81,123589.86,812
ITEM02139,Bluetooth Speaker,Electronics,15346.83,17698.79,20591.58,664
ITEM02140,Yam Tubers,Food,22906.96,25551.5,32608.55,492
ITEM02141,Sneakers,Fashion,20024.4,23366.32,28705.25,956
ITEM02142,Table Fan,Household,22957.5,25196.4,31345.42,764
ITEM02143,Cooking Gas Cylinder,Household,34724.56,41231.0,50731.57,302
ITEM02144,School Bag,Electronics,9047.72,9881.1,12294.64,614
ITEM02145,Yam Tubers,Food,23297.05,27574.83,31132.35,402
ITEM02146,Phone Charger,Electronics,5512.52,6282.82,8070.4,421
ITEM02147,Garri 25kg,Food,34891.08,39477.09,45681.39,806
ITEM02148,LED Bulb,Household,2286.31,2606.57,3303.33,682
ITEM02149,Table Fan,Household,25461.02,28109.6,35943.09,22
ITEM02150,Table Fan,Household,26706.01,30309.24,37287.79,579
ITEM02151,Tomato Basket,Food,20963.16,24777.75,30220.43,650
ITEM02152,Tomato Basket,Food,20725.08,24375.07,27344.19,515
ITEM02153,Table Fan,Household,23972.56,26359.4,31295.05,306
ITEM02154,Bluetooth Speaker,Electronics,15084.69,17510.47,21403.55,652
ITEM02155,Sneakers,Fashion,21450.43,25372.01,28324.65,948
ITEM02156,Power Bank,Electronics,14998.89,17674.27,19835.7,95
ITEM02157,Phone Charger,Electronics,5350.2,6051.48,7859.04,606
ITEM02158,School Bag,Electronics,9263.2,10057.72,11731.79,911
ITEM02159,Plastic Chair,Fashion,11245.18,13401.34,15678.85,406
ITEM02160,Tomato Basket,Food,17037.35,19209.72,22097.05,341
ITEM02161,Plastic Chair,Fashion,11614.23,13046.46,16036.76,255
ITEM02162,Vegetable Oil 5L,Food,27560.78,32277.59,38559.29,232
ITEM02163,Yam Tubers,Food,24660.77,27414.8,34490.18,397
ITEM02164,LED Bulb,Household,2187.31,2581.4,3104.13,774
ITEM02165,Cooking Gas Cylinder,Household,35832.17,39025.75,43048.65,189
ITEM02166,LED Bulb,Household,2431.39,2842.01,3400.58,238
ITEM02167,Tomato Basket,Food,20772.12,24841.27,27599.58,998
ITEM02168,Table Fan,Household,25706.79,30835.1,39017.41,995
ITEM02169,LED Bulb,Household,2781.17,3311.98,3718.46,234
ITEM02170,Cooking Gas Cylinder,Household,32623.85,38642.68,44183.68,426
ITEM02171,Rice 50kg,Food,73574.93,81923.16,97651.84,409
ITEM02172,Ankara Fabric,Fashion,14600.13,17461.73,19889.55,303
ITEM02173,Cooking Gas Cylinder,Household,30116.62,35879.36,43336.67,161
ITEM02174,Ankara Fabric,Fashion,14482.79,16570.12,19753.9,71
ITEM02175,Palm Oil 25L,Food,61834.08,69764.26,90031.09,617
ITEM02176,Ankara Fabric,Fashion,13836.62,15124.97,16904.8,51
ITEM02177,Beans 50kg,Food,61838.66,71168.64,86494.55,624
ITEM02178,Power Bank,Electronics,12011.16,13981.78,17394.45,104
ITEM02179,School Bag,Electronics,9169.29,10347.35,11646.21,162
ITEM02180,Phone Charger,Electronics,5339.47,6026.79,7396.64,14
ITEM02181,Sneakers,Fashion,24931.16,28640.85,36455.44,403
ITEM02182,Vegetable Oil 5L,Food,21167.22,22931.18,28836.21,333
ITEM02183,School Bag,Electronics,11319.23,13525.84,17408.22,338
ITEM02184,School Bag,Electronics,11247.03,12538.06,15598.81,317
ITEM02185,School Bag,Electronics,12065.26,13234.47,15600.76,938
ITEM02186,Vegetable Oil 5L,Food,23381.85,25267.8,32446.13,435
ITEM02187,Tomato Basket,Food,17777.4,21027.59,24078.09,811
ITEM02188,Vegetable Oil 5L,Food,24155.15,28589.67,34786.21,240
ITEM02189,Phone Charger,Electronics,5313.47,5799.31,7267.3,488
ITEM02190,Bluetooth Speaker,Electronics,18165.83,19950.96,25426.63,72
ITEM02191,Yam Tubers,Food,24787.18,28102.42,36064.07,266
ITEM02192,Yam Tubers,Food,23084.22,25445.38,28422.36,80
ITEM02193,Vegetable Oil 5L,Food,26168.57,30572.7,38069.48,30
ITEM02194,Palm Oil 25L,Food,65275.13,70951.76,80943.25,190
ITEM02195,Sneakers,Fashion,21339.68,24454.53,30710.58,167
ITEM02196,Plastic Chair,Fashion,11556.33,13011.68,16136.28,323
ITEM02197,Vegetable Oil 5L,Food,23766.56,26993.9,30672.38,746
ITEM02198,Table Fan,Household,26825.8,30339.19,38426.59,156
ITEM02199,Bluetooth Speaker,Electronics,17127.04,18811.99,22430.62,614
ITEM02200,Garri 25kg,Food,33564.25,37136.62,44889.68,371
ITEM02201,Yam Tubers,Food,28581.29,31090.07,40239.28,408
ITEM02202,Rice 50kg,Food,80631.41,88197.4,108599.67,922
ITEM02203,Rice 50kg,Food,78120.95,93537.91,113902.3,470
ITEM02204,Tomato Basket,Food,18279.47,20355.55,22459.35,268
ITEM02205,Phone Charger,Electronics,4272.8,4772.05,5439.38,245
ITEM02206,Plastic Chair,Fashion,10329.9,11313.85,12505.35,176
ITEM02207,Garri 25kg,Food,27153.96,31786.96,37084.66,803
ITEM02208,Table Fan,Household,26415.94,31458.67,36772.09,668
ITEM02209,Palm Oil 25L,Food,53112.22,62394.65,75252.07,275
ITEM02210,Garri 25kg,Food,29571.58,34111.23,42228.13,495
ITEM02211,Sneakers,Fashion,23937.61,28188.64,32018.61,510
ITEM02212,Plastic Chair,Fashion,10161.56,11467.4,13994.02,56
ITEM02213,School Bag,Electronics,10852.47,12839.99,16478.78,909
ITEM02214,Beans 50kg,Food,78424.81,92213.64,104847.05,789
ITEM02215,Beans 50kg,Food,71405.51,77132.73,95013.46,540
ITEM02216,Yam Tubers,Food,22703.44,25848.67,28669.22,718
ITEM02217,Phone Charger,Electronics,4576.46,5087.9,6137.18,118
ITEM02218,Cooking Gas Cylinder,Household,35948.88,39196.78,48929.65,977
ITEM02219,Vegetable Oil 5L,Food,24548.59,29005.23,32103.23,643
ITEM02220,Palm Oil 25L,Food,52780.57,57053.37,66566.05,938
ITEM02221,Cooking Gas Cylinder,Household,34441.36,40214.41,51297.15,865
ITEM02222,Garri 25kg,Food,31400.52,37636.13,43096.98,588
ITEM02223,Rice 50kg,Food,76276.38,86790.5,108017.28,295
ITEM02224,Phone Charger,Electronics,4961.92,5579.92,6821.16,689
ITEM02225,Yam Tubers,Food,21776.2,25101.43,28433.33,517
ITEM02226,School Bag,Electronics,9985.31,11748.36,14665.96,415
ITEM02227,Table Fan,Household,29464.64,32671.29,39415.17,714
ITEM02228,LED Bulb,Household,2319.46,2574.8,2889.97,889
ITEM02229,Vegetable Oil 5L,Food,25273.05,29136.32,37582.19,179
ITEM02230,Cooking Gas Cylinder,Household,34055.31,40620.69,48679.52,557
ITEM02231,School Bag,Electronics,9921.85,11070.93,13827.77,780
ITEM02232,Beans 50kg,Food,78738.77,88597.69,101315.01,332
ITEM02233,LED Bulb,Household,2382.45,2857.03,3221.12,348
ITEM02234,Garri 25kg,Food,28551.09,31438.93,39244.0,19
ITEM02235,School Bag,Electronics,11789.3,12841.33,15856.02,329
ITEM02236,Plastic Chair,Fashion,11811.62,13592.46,15696.87,590
ITEM02237,Vegetable Oil 5L,Food,25836.23,27978.36,34952.16,971
ITEM02238,Vegetable Oil 5L,Food,21189.08,23342.99,28034.9,530
ITEM02239,Power Bank,Electronics,12006.38,13863.35,16216.23,297
ITEM02240,LED Bulb,Household,2603.75,3018.12,3794.92,813
ITEM02241,Palm Oil 25L,Food,53856.96,61464.31,75192.77,195
ITEM02242,Sneakers,Fashion,20189.21,22734.06,27313.92,195
ITEM02243,Phone Charger,Electronics,5201.96,5977.8,7499.87,526
ITEM02244,Beans 50kg,Food,65504.42,75802.13,91642.17,817
ITEM02245,Ankara Fabric,Fashion,13507.88,15890.91,20462.84,220
ITEM02246,Table Fan,Household,23245.1,27316.02,34516.82,25
ITEM02247,Bluetooth Speaker,Electronics,16710.21,19380.1,22706.45,726
ITEM02248,Garri 25kg,Food,32089.3,38099.87,45452.54,591
ITEM02249,Garri 25kg,Food,34430.63,40647.53,52494.93,688
ITEM02250,Phone Charger,Electronics,4239.56,4646.51,5943.08,402
ITEM02251,Power Bank,Electronics,12271.52,14662.04,16688.87,127
ITEM02252,Bluetooth Speaker,Electronics,17151.98,20359.56,23512.46,338
ITEM02253,Vegetable Oil 5L,Food,23501.2,26286.35,30830.85,475
ITEM02254,Power Bank,Electronics,13429.28,14536.15,18547.68,438
ITEM02255,Tomato Basket,Food,21417.51,24683.19,31729.83,890
ITEM02256,Sneakers,Fashion,22296.28,25253.0,31830.6,231
ITEM02257,Plastic Chair,Fashion,10719.9,12541.72,14487.47,318
ITEM02258,Sneakers,Fashion,25230.3,28837.03,36836.79,191
ITEM02259,Rice 50kg,Food,71304.31,77663.14,85940.19,574
ITEM02260,Cooking Gas Cylinder,Household,39537.19,43861.08,51956.11,807
ITEM02261,Rice 50kg,Food,82040.88,97292.52,114369.85,884
ITEM02262,Cooking Gas Cylinder,Household,35039.44,38001.07,45869.11,235
ITEM02263,Rice 50kg,Food,92380.32,107937.2,130833.72,435
ITEM02264,Power Bank,Electronics,13529.66,15086.02,17274.72,739
ITEM02265,Beans 50kg,Food,68706.55,77934.99,88916.9,55
ITEM02266,Beans 50kg,Food,65222.26,74596.05,94044.23,714
ITEM02267,Sneakers,Fashion,23048.19,25583.72,28531.97,143
ITEM02268,Ankara Fabric,Fashion,15823.85,18327.74,21968.68,43
ITEM02269,Garri 25kg,Food,28343.41,32969.43,37530.07,121
ITEM02270,Cooking Gas Cylinder,Household,37198.84,40554.44,47201.85,882
ITEM02271,Tomato Basket,Food,19821.3,22296.4,25762.58,684
ITEM02272,Tomato Basket,Food,18414.8,21532.89,26737.49,791
ITEM02273,Tomato Basket,Food,16175.09,18869.8,22477.78,693
ITEM02274,Phone Charger,Electronics,4723.08,5409.59,6274.52,798
ITEM02275,Palm Oil 25L,Food,50257.23,58967.86,74669.26,501
ITEM02276,Phone Charger,Electronics,4188.0,4577.14,5113.39,811
ITEM02277,Palm Oil 25L,Food,57771.8,63213.05,79223.16,66
ITEM02278,Rice 50kg,Food,71715.23,83110.69,95549.24,586
ITEM02279,Yam Tubers,Food,23317.49,27122.91,34815.07,757
ITEM02280,Sneakers,Fashion,23026.24,27119.0,29861.05,993
ITEM02281,Ankara Fabric,Fashion,14610.06,16096.26,19497.93,365
ITEM02282,Yam Tubers,Food,28732.36,32812.72,40177.64,187
ITEM02283,Tomato Basket,Food,21372.92,24777.62,30116.21,723
ITEM02284,Plastic Chair,Fashion,11281.52,12486.89,15770.97,81
ITEM02285,Sneakers,Fashion,25081.85,28644.26,32151.26,778
ITEM02286,Table Fan,Household,29980.94,34676.36,41025.99,707
ITEM02287,LED Bulb,Household,2364.17,2614.15,3327.15,694
ITEM02288,Plastic Chair,Fashion,11823.67,13302.43,16997.13,300
ITEM02289,LED Bulb,Household,2227.62,2463.66,2955.58,129
ITEM02290,Phone Charger,Electronics,5065.75,6019.9,7293.68,612
ITEM02291,Yam Tubers,Food,24933.11,27636.26,34622.2,369
ITEM02292,Tomato Basket,Food,16245.91,17781.15,22331.74,397
ITEM02293,Palm Oil 25L,Food,55003.87,59636.22,76192.2,195
ITEM02294,Ankara Fabric,Fashion,17617.53,19121.97,24261.4,340
ITEM02295,Ankara Fabric,Fashion,14643.62,16151.77,19105.68,833
ITEM02296,Plastic Chair,Fashion,9948.8,11470.82,14108.54,894
ITEM02297,Garri 25kg,Food,28094.04,30401.07,36379.35,355
ITEM02298,Power Bank,Electronics,13415.81,14950.71,16798.5,150
ITEM02299,Palm Oil 25L,Food,65064.89,70724.24,89419.21,43
ITEM02300,LED Bulb,Household,2693.5,3039.45,3709.2,197
ITEM02301,Vegetable Oil 5L,Food,24035.86,26098.84,29011.5,19
ITEM02302,Garri 25kg,Food,28291.16,32617.02,40294.21,671
ITEM02303,Bluetooth Speaker,Electronics,14684.93,17072.86,19746.82,646
ITEM02304,Table Fan,Household,26697.31,31176.06,34725.55,784
ITEM02305,LED Bulb,Household,2736.08,3028.63,3698.92,339
ITEM02306,Beans 50kg,Food,74823.32,88607.28,110443.81,833
ITEM02307,Tomato Basket,Food,18479.02,21488.05,25859.94,177
ITEM02308,Garri 25kg,Food,31880.73,34647.92,38151.85,238
ITEM02309,Tomato Basket,Food,18636.61,21113.26,25660.56,916
ITEM02310,Bluetooth Speaker,Electronics,17402.98,20398.57,22465.39,883
ITEM02311,Vegetable Oil 5L,Food,24628.66,27517.78,35368.1,602
ITEM02312,Beans 50kg,Food,73800.3,83083.42,95833.49,613
ITEM02313,Power Bank,Electronics,13531.22,15636.04,19923.46,703
ITEM02314,Rice 50kg,Food,92839.03,100884.25,111217.0,824
ITEM02315,Palm Oil 25L,Food,57726.1,69042.27,77288.91,238
ITEM02316,Rice 50kg,Food,70091.54,77166.42,91849.78,77
ITEM02317,Beans 50kg,Food,64463.84,69827.28,87404.3,193
ITEM02318,Phone Charger,Electronics,4800.87,5188.01,6684.82,363
ITEM02319,Table Fan,Household,27328.63,30825.24,37120.33,243
ITEM02320,Plastic Chair,Fashion,11172.87,13252.26,15519.61,529
ITEM02321,Beans 50kg,Food,74505.59,87795.26,97357.13,146
ITEM02322,Rice 50kg,Food,76456.34,90940.65,110651.3,581
ITEM02323,Tomato Basket,Food,19939.95,22812.38,26827.56,713
ITEM02324,Sneakers,Fashion,23346.61,26471.55,33931.94,108
ITEM02325,Ankara Fabric,Fashion,15087.46,16993.05,20323.89,294
ITEM02326,Plastic Chair,Fashion,10677.16,11590.8,14524.31,543
ITEM02327,Tomato Basket,Food,17169.87,20417.42,25922.82,75
ITEM02328,Garri 25kg,Food,30200.08,34414.24,38532.09,668
ITEM02329,Rice 50kg,Food,89055.68,101043.3,120056.54,756
ITEM02330,Garri 25kg,Food,34803.45,39739.28,50816.34,367
ITEM02331,Beans 50kg,Food,71965.88,84581.39,100219.73,18
ITEM02332,Table Fan,Household,25374.9,28088.4,34072.1,505
ITEM02333,Vegetable Oil 5L,Food,25839.83,30108.26,38376.62,870
ITEM02334,Plastic Chair,Fashion,11792.48,13741.69,15755.1,299
ITEM02335,Bluetooth Speaker,Electronics,16144.29,19081.68,24403.87,850
ITEM02336,Bluetooth Speaker,Electronics,18665.39,20178.08,23798.14,871
ITEM02337,Phone Charger,Electronics,4186.12,4606.61,5613.64,287
ITEM02338,Plastic Chair,Fashion,9385.49,10666.85,12433.36,603
ITEM02339,Rice 50kg,Food,72725.08,85965.76,103625.18,51
ITEM02340,Beans 50kg,Food,62776.18,75068.63,83315.46,555
ITEM02341,Phone Charger,Electronics,5345.66,6154.91,6850.73,880
ITEM02342,Yam Tubers,Food,24437.36,27014.43,31956.57,944
ITEM02343,Bluetooth Speaker,Electronics,15852.15,17471.45,20389.02,207
ITEM02344,Ankara Fabric,Fashion,15170.2,17547.87,21463.83,668
ITEM02345,Bluetooth Speaker,Electronics,16463.69,18195.81,20153.35,75
ITEM02346,Vegetable Oil 5L,Food,23040.74,26413.23,29940.29,287
ITEM02347,Tomato Basket,Food,16936.03,19987.52,22824.11,836
ITEM02348,Ankara Fabric,Fashion,16225.01,18281.99,21720.8,645
ITEM02349,Palm Oil 25L,Food,52567.9,59160.79,67997.45,398
ITEM02350,Power Bank,Electronics,14615.47,15848.09,17869.24,962
ITEM02351,Bluetooth Speaker,Electronics,15478.61,17188.84,20962.05,760
ITEM02352,Ankara Fabric,Fashion,16575.88,19290.72,24089.76,33
ITEM02353,Ankara Fabric,Fashion,16920.98,19006.43,23511.98,89
ITEM02354,Phone Charger,Electronics,4260.47,4682.24,5409.09,630
ITEM02355,Tomato Basket,Food,16644.45,18187.26,23113.99,877
ITEM02356,Yam Tubers,Food,28371.8,30965.16,37850.71,165
ITEM02357,Yam Tubers,Food,24722.85,28656.16,35044.57,542
ITEM02358,Palm Oil 25L,Food,61305.17,70716.41,80798.42,818
ITEM02359,School Bag,Electronics,8998.27,10278.03,11803.72,863
ITEM02360,Palm Oil 25L,Food,55083.17,62796.97,75039.24,644
ITEM02361,Sneakers,Fashion,22035.62,24203.41,27774.97,999
ITEM02362,Ankara Fabric,Fashion,17295.92,19718.6,24404.04,937
ITEM02363,Cooking Gas Cylinder,Household,32600.11,35442.6,41174.06,835
ITEM02364,Garri 25kg,Food,33559.28,39972.56,45184.31,672
ITEM02365,Ankara Fabric,Fashion,16254.29,17667.82,19970.34,985
ITEM02366,Beans 50kg,Food,61920.69,70021.37,78805.24,27
ITEM02367,Tomato Basket,Food,17822.24,19249.24,22867.13,98
ITEM02368,Garri 25kg,Food,28562.14,33541.6,36916.16,515
ITEM02369,Garri 25kg,Food,30465.51,33510.24,40496.27,674
ITEM02370,Garri 25kg,Food,32258.61,38419.68,44553.79,904
ITEM02371,Rice 50kg,Food,80362.13,87215.19,105573.62,681
ITEM02372,Plastic Chair,Fashion,10156.97,11969.93,15406.32,239
ITEM02373,Beans 50kg,Food,74113.45,85882.41,109397.84,909
ITEM02374,Yam Tubers,Food,25633.53,28452.41,34577.81,92
ITEM02375,Sneakers,Fashion,22127.47,24435.15,28921.79,103
ITEM02376,Cooking Gas Cylinder,Household,35571.41,39943.89,49517.34,722
ITEM02377,Table Fan,Household,24747.4,29187.28,37494.8,963
ITEM02378,Garri 25kg,Food,32678.01,38672.29,46325.9,507
ITEM02379,Cooking Gas Cylinder,Household,33818.76,37235.61,41698.73,143
ITEM02380,Sneakers,Fashion,21098.89,23681.68,29678.3,57
ITEM02381,Palm Oil 25L,Food,52800.3,58529.07,64504.65,979
ITEM02382,Phone Charger,Electronics,4939.45,5407.3,6774.95,287
ITEM02383,LED Bulb,Household,2577.0,2983.07,3332.04,642
ITEM02384,Yam Tubers,Food,23802.25,26694.34,29932.98,333
ITEM02385,Palm Oil 25L,Food,65369.35,72366.88,90917.5,222
ITEM02386,Table Fan,Household,29798.21,35278.69,43671.64,671
ITEM02387,Cooking Gas Cylinder,Household,30895.07,36141.0,43816.64,741
ITEM02388,Cooking Gas Cylinder,Household,37047.9,43451.68,54928.01,476
ITEM02389,Cooking Gas Cylinder,Household,33885.26,36755.47,46689.5,512
ITEM02390,Table Fan,Household,31047.69,36941.03,44015.33,492
ITEM02391,Phone Charger,Electronics,4404.03,5060.1,6574.38,595
ITEM02392,Palm Oil 25L,Food,55115.28,62856.57,73637.47,808
ITEM02393,School Bag,Electronics,10317.63,11156.15,12654.44,713
ITEM02394,Palm Oil 25L,Food,54906.26,65213.23,82768.33,285
ITEM02395,Power Bank,Electronics,14277.57,16351.63,19345.84,254
ITEM02396,Sneakers,Fashion,21873.99,25789.84,32879.47,675
ITEM02397,Cooking Gas Cylinder,Household,32069.23,37157.37,41327.67,648
ITEM02398,Vegetable Oil 5L,Food,24546.85,28857.36,32384.03,373
ITEM02399,Vegetable Oil 5L,Food,27357.59,31821.03,35259.44,840
ITEM02400,Ankara Fabric,Fashion,16859.64,20071.67,24495.5,424
ITEM02401,Rice 50kg,Food,81971.19,90746.87,114919.37,342
ITEM02402,Bluetooth Speaker,Electronics,15921.31,17581.14,20755.1,560
ITEM02403,Ankara Fabric,Fashion,14011.47,16330.44,18259.7,200
ITEM02404,Bluetooth Speaker,Electronics,18929.75,21583.09,25353.52,698
ITEM02405,Yam Tubers,Food,26576.25,30613.17,35805.44,898
ITEM02406,Table Fan,Household,27584.52,32136.66,39486.14,945
ITEM02407,Yam Tubers,Food,27845.76,31902.65,39253.98,452
ITEM02408,Ankara Fabric,Fashion,13740.86,16138.96,18085.39,276
ITEM02409,Phone Charger,Electronics,5062.78,5661.53,6703.45,484
ITEM02410,Rice 50kg,Food,75031.12,88767.73,109051.42,112
ITEM02411,Bluetooth Speaker,Electronics,15064.94,16464.8,18963.7,671
ITEM02412,Rice 50kg,Food,81153.97,93820.52,110841.07,434
ITEM02413,LED Bulb,Household,2415.54,2866.81,3505.36,130
ITEM02414,School Bag,Electronics,11889.7,13201.41,15585.24,551
ITEM02415,Yam Tubers,Food,23679.85,26502.96,29316.84,721
ITEM02416,Power Bank,Electronics,14775.35,16498.94,18883.42,235
ITEM02417,School Bag,Electronics,11283.81,12950.55,16255.75,410
ITEM02418,Vegetable Oil 5L,Food,25734.24,29067.97,33419.47,891
ITEM02419,Vegetable Oil 5L,Food,27589.94,30154.57,38101.57,712
ITEM02420,Phone Charger,Electronics,4667.41,5540.0,6611.34,800
ITEM02421,Vegetable Oil 5L,Food,23689.08,26166.04,31257.54,455
ITEM02422,Ankara Fabric,Fashion,13923.41,15929.62,19977.39,498
ITEM02423,Beans 50kg,Food,65291.0,75174.53,88454.77,502
ITEM02424,Table Fan,Household,30076.19,32629.36,37448.59,455
ITEM02425,Tomato Basket,Food,18853.98,20578.84,23069.02,152
ITEM02426,Bluetooth Speaker,Electronics,16190.9,19374.08,23915.01,50
ITEM02427,Garri 25kg,Food,28359.84,32890.09,39270.38,833
ITEM02428,Yam Tubers,Food,24887.2,26978.42,34043.56,541
ITEM02429,Ankara Fabric,Fashion,16507.49,19401.32,23117.35,537
ITEM02430,Vegetable Oil 5L,Food,22932.19,26166.2,30953.63,599
ITEM02431,Garri 25kg,Food,33396.76,36369.88,42180.71,418
ITEM02432,Power Bank,Electronics,14025.64,16293.45,18572.67,892
ITEM02433,Garri 25kg,Food,33674.33,38386.12,48600.18,475
ITEM02434,Tomato Basket,Food,17580.18,19418.9,21730.57,506
ITEM02435,Phone Charger,Electronics,4988.68,5913.2,7571.42,536
ITEM02436,Bluetooth Speaker,Electronics,15234.05,16985.44,18775.4,165
ITEM02437,School Bag,Electronics,10070.96,11220.53,13514.57,181
ITEM02438,Sneakers,Fashion,23480.78,26127.83,29045.41,188
ITEM02439,Table Fan,Household,28066.51,32896.61,41315.56,261
ITEM02440,Beans 50kg,Food,63445.08,73896.65,84412.09,168
ITEM02441,Yam Tubers,Food,27687.57,32903.28,39917.76,231
ITEM02442,Rice 50kg,Food,71012.43,78647.74,100927.8,939
ITEM02443,Rice 50kg,Food,84342.31,99048.55,121815.03,367
ITEM02444,Palm Oil 25L,Food,67563.62,77614.76,88144.28,795
ITEM02445,School Bag,Electronics,10599.24,11839.79,14910.27,399
ITEM02446,LED Bulb,Household,2725.5,2955.14,3511.58,826
ITEM02447,Plastic Chair,Fashion,11314.1,13331.1,14699.35,755
ITEM02448,School Bag,Electronics,11391.73,12632.61,15125.7,842
ITEM02449,Plastic Chair,Fashion,11513.46,13307.36,16800.51,295
ITEM02450,Garri 25kg,Food,32777.53,37558.59,44544.17,104
ITEM02451,Table Fan,Household,24795.27,26792.13,33535.33,315
ITEM02452,LED Bulb,Household,2681.37,3215.82,3991.17,705
ITEM02453,Beans 50kg,Food,64496.11,75958.33,90495.42,657
ITEM02454,Phone Charger,Electronics,5492.12,6252.1,7281.55,707
ITEM02455,Table Fan,Household,24795.08,28802.98,35868.58,993
ITEM02456,Power Bank,Electronics,12433.57,14139.35,16596.54,232
ITEM02457,Table Fan,Household,29905.25,34969.72,39656.27,449
ITEM02458,LED Bulb,Household,2307.24,2529.01,2944.2,495
ITEM02459,Power Bank,Electronics,12936.66,14664.5,18702.64,157
ITEM02460,Beans 50kg,Food,74507.44,83468.04,96545.63,665
ITEM02461,Tomato Basket,Food,17054.87,19359.98,22205.74,58
ITEM02462,Palm Oil 25L,Food,52965.57,60065.96,67675.36,898
ITEM02463,Power Bank,Electronics,13444.75,14751.2,16389.1,97
ITEM02464,Bluetooth Speaker,Electronics,15692.85,18787.15,24335.72,119
ITEM02465,Phone Charger,Electronics,4419.35,4781.11,5772.5,181
ITEM02466,Palm Oil 25L,Food,50313.53,54399.43,67777.82,893
ITEM02467,Tomato Basket,Food,18261.56,20540.84,25770.43,862
ITEM02468,Sneakers,Fashion,20800.45,24012.98,28106.32,923
ITEM02469,Rice 50kg,Food,70466.43,77622.89,97787.86,834
ITEM02470,Palm Oil 25L,Food,61145.83,69949.8,90395.91,924
ITEM02471,LED Bulb,Household,2594.99,3027.66,3779.59,476
ITEM02472,Beans 50kg,Food,60986.81,66554.13,82683.3,14
ITEM02473,Phone Charger,Electronics,4536.54,5435.37,6448.77,443
ITEM02474,Palm Oil 25L,Food,65598.66,73497.0,93213.61,228
ITEM02475,Beans 50kg,Food,71725.51,82992.86,92766.72,252
ITEM02476,Phone Charger,Electronics,4673.24,5109.19,6386.17,694
ITEM02477,Power Bank,Electronics,13358.66,15564.69,18248.02,175
ITEM02478,Garri 25kg,Food,28287.0,33402.84,40524.16,328
ITEM02479,Beans 50kg,Food,76549.51,83640.62,106942.29,398
ITEM02480,Garri 25kg,Food,34850.24,38164.63,46599.16,70
ITEM02481,Sneakers,Fashion,24710.38,27520.59,30413.45,704
ITEM02482,Table Fan,Household,24763.87,26780.45,33328.83,765
ITEM02483,Palm Oil 25L,Food,55650.1,66686.97,85746.44,562
ITEM02484,Tomato Basket,Food,17065.55,19656.2,24145.73,38
ITEM02485,Tomato Basket,Food,17901.05,20638.31,26257.79,789
ITEM02486,Yam Tubers,Food,23746.04,28378.31,35900.24,451
ITEM02487,Vegetable Oil 5L,Food,25478.33,30060.44,38244.65,273
ITEM02488,Rice 50kg,Food,74365.3,87580.7,102366.08,948
ITEM02489,Power Bank,Electronics,15198.56,17033.64,20352.35,860
ITEM02490,Yam Tubers,Food,22023.25,24670.08,31321.3,445
ITEM02491,Tomato Basket,Food,16189.2,18051.1,23142.95,448
ITEM02492,Vegetable Oil 5L,Food,27108.85,30405.38,34338.87,912
ITEM02493,LED Bulb,Household,2652.83,2982.68,3389.24,199
ITEM02494,School Bag,Electronics,10044.38,11016.68,12882.54,414
ITEM02495,Phone Charger,Electronics,4937.52,5543.42,6951.78,574
ITEM02496,Palm Oil 25L,Food,54106.73,61335.91,78203.06,353
ITEM02497,Plastic Chair,Fashion,9905.69,11065.86,13456.61,322
ITEM02498,LED Bulb,Household,2478.36,2725.81,3060.14,116
ITEM02499,Rice 50kg,Food,78388.42,88172.02,102345.64,274
ITEM02500,LED Bulb,Household,2586.42,2942.6,3741.23,364
ITEM02501,Sneakers,Fashion,20139.78,23492.81,27475.09,839
ITEM02502,Beans 50kg,Food,73421.48,85561.62,95877.05,343
ITEM02503,Ankara Fabric,Fashion,16740.91,18487.37,21453.0,169
ITEM02504,Beans 50kg,Food,62999.36,68316.42,86170.32,848
ITEM02505,Rice 50kg,Food,70778.91,79021.54,94722.8,358
ITEM02506,Beans 50kg,Food,68731.33,75525.86,85670.09,920
ITEM02507,Phone Charger,Electronics,5194.59,5856.88,6808.78,117
ITEM02508,School Bag,Electronics,10974.96,13142.75,16963.56,31
ITEM02509,Yam Tubers,Food,26514.11,29211.36,34656.1,922
ITEM02510,Garri 25kg,Food,30096.41,33655.75,39993.8,107
ITEM02511,Palm Oil 25L,Food,54308.54,63378.81,71656.96,18
ITEM02512,Table Fan,Household,27257.41,31103.48,36108.37,646
ITEM02513,Cooking Gas Cylinder,Household,31895.84,34615.64,43717.38,324
ITEM02514,Ankara Fabric,Fashion,16551.96,18197.27,22878.34,489
ITEM02515,Beans 50kg,Food,63636.3,75869.1,90064.19,414
ITEM02516,Plastic Chair,Fashion,10311.17,11263.71,14403.25,303
ITEM02517,Sneakers,Fashion,22043.2,25486.59,29973.55,486
ITEM02518,Power Bank,Electronics,13446.18,15800.32,20111.69,267
ITEM02519,Garri 25kg,Food,31937.9,35510.24,39285.44,232
ITEM02520,Cooking Gas Cylinder,Household,34343.17,40078.8,46869.99,232
ITEM02521,Phone Charger,Electronics,5404.04,5946.54,7558.13,127
ITEM02522,Rice 50kg,Food,90362.38,100679.05,128895.56,530
ITEM02523,Palm Oil 25L,Food,65710.31,73425.92,91876.74,553
ITEM02524,Yam Tubers,Food,25971.37,31154.54,38443.86,27
ITEM02525,Beans 50kg,Food,72835.17,80537.39,101726.85,464
ITEM02526,Tomato Basket,Food,19622.43,21496.47,26688.12,741
ITEM02527,Phone Charger,Electronics,4706.23,5605.51,6451.07,11
ITEM02528,Cooking Gas Cylinder,Household,33132.11,36426.49,43465.82,307
ITEM02529,Beans 50kg,Food,71932.06,85276.44,105072.59,961
ITEM02530,Bluetooth Speaker,Electronics,14580.21,16884.68,20558.13,432
ITEM02531,LED Bulb,Household,2130.59,2448.53,3126.82,26
ITEM02532,Plastic Chair,Fashion,12160.42,14229.64,17001.13,531
ITEM02533,LED Bulb,Household,2159.82,2520.77,2862.58,416
ITEM02534,Garri 25kg,Food,31230.59,34143.26,39022.89,219
ITEM02535,Plastic Chair,Fashion,11379.46,13654.62,17330.6,82
ITEM02536,Cooking Gas Cylinder,Household,31830.8,37974.99,41838.73,884
ITEM02537,Tomato Basket,Food,21255.67,25243.04,32155.24,814
ITEM02538,Power Bank,Electronics,12244.89,14138.86,15709.94,685
ITEM02539,Bluetooth Speaker,Electronics,18961.03,21667.43,25531.42,27
ITEM02540,Power Bank,Electronics,14565.11,16667.63,21001.81,871
ITEM02541,Vegetable Oil 5L,Food,22594.46,24442.52,28879.4,478
ITEM02542,Cooking Gas Cylinder,Household,31332.81,35717.41,45163.58,480
ITEM02543,Cooking Gas Cylinder,Household,33070.44,38191.48,42776.74,878
ITEM02544,Yam Tubers,Food,24234.63,28089.02,33771.67,438
ITEM02545,Plastic Chair,Fashion,10161.09,11378.96,13842.45,243
ITEM02546,Yam Tubers,Food,28741.69,32666.48,41753.43,244
ITEM02547,Plastic Chair,Fashion,10107.85,11688.29,13075.97,927
ITEM02548,Bluetooth Speaker,Electronics,18686.24,21141.55,24687.41,549
ITEM02549,Phone Charger,Electronics,4309.13,5151.38,6345.82,583
ITEM02550,Garri 25kg,Food,35466.28,41305.91,53531.88,597
ITEM02551,Sneakers,Fashion,20188.45,21806.62,27686.88,228
ITEM02552,Tomato Basket,Food,18553.62,20089.74,25499.89,425
ITEM02553,Palm Oil 25L,Food,60036.58,69812.7,84015.15,952
ITEM02554,Palm Oil 25L,Food,52279.06,59050.11,71619.5,153
ITEM02555,Cooking Gas Cylinder,Household,38326.61,45253.63,57549.76,951
ITEM02556,Beans 50kg,Food,65268.4,71844.96,91525.1,280
ITEM02557,Plastic Chair,Fashion,11162.59,12074.12,15218.88,302
ITEM02558,Table Fan,Household,27402.03,30870.31,39011.25,24
ITEM02559,Rice 50kg,Food,84524.96,98752.85,126001.33,667
ITEM02560,School Bag,Electronics,9099.78,10888.86,12225.54,325
ITEM02561,Bluetooth Speaker,Electronics,15309.96,18158.2,21036.78,464
ITEM02562,Yam Tubers,Food,22458.94,25560.27,33106.25,584
ITEM02563,Sneakers,Fashion,20693.54,24367.43,29459.13,637
ITEM02564,Yam Tubers,Food,22336.86,24312.32,27601.6,956
ITEM02565,Phone Charger,Electronics,5407.57,6211.52,7457.63,560
ITEM02566,Phone Charger,Electronics,4818.65,5738.61,7053.65,186
ITEM02567,Plastic Chair,Fashion,11407.8,12863.05,16280.04,706
ITEM02568,School Bag,Electronics,10051.09,12013.18,15165.86,64
ITEM02569,Yam Tubers,Food,23321.85,25805.21,28639.87,845
ITEM02570,LED Bulb,Household,2502.38,2734.29,3255.74,303
ITEM02571,Plastic Chair,Fashion,10321.27,11796.91,13025.13,725
ITEM02572,LED Bulb,Household,2382.73,2832.76,3619.22,165
ITEM02573,Ankara Fabric,Fashion,15280.29,17073.49,19374.67,412
ITEM02574,Yam Tubers,Food,25043.0,29451.05,36076.8,698
ITEM02575,Plastic Chair,Fashion,12598.24,13861.89,16830.04,625
ITEM02576,Tomato Basket,Food,17422.94,20375.58,24962.24,15
ITEM02577,Vegetable Oil 5L,Food,24411.62,27996.31,33950.65,44
ITEM02578,Phone Charger,Electronics,4295.3,4729.13,5878.87,981
ITEM02579,Cooking Gas Cylinder,Household,33424.99,38979.24,47758.22,533
ITEM02580,Bluetooth Speaker,Electronics,18108.28,21107.94,23599.94,857
ITEM02581,Yam Tubers,Food,22558.47,25758.43,30223.75,81
ITEM02582,Phone Charger,Electronics,4917.15,5443.56,6582.99,495
ITEM02583,Vegetable Oil 5L,Food,23887.75,26178.0,30498.4,580
ITEM02584,Sneakers,Fashion,19040.42,22750.84,28485.56,921
ITEM02585,Tomato Basket,Food,21468.53,24875.53,28944.66,713
ITEM02586,Bluetooth Speaker,Electronics,16559.38,19492.19,24671.98,631
ITEM02587,Yam Tubers,Food,27129.45,31568.82,35652.14,300
ITEM02588,Tomato Basket,Food,18522.99,21848.55,27395.42,993
ITEM02589,Cooking Gas Cylinder,Household,39592.28,43531.67,49482.15,334
ITEM02590,Tomato Basket,Food,17805.68,20291.96,24464.05,285
ITEM02591,Beans 50kg,Food,68156.84,79065.69,92040.75,726
ITEM02592,Yam Tubers,Food,26941.48,29431.06,36125.65,996
ITEM02593,Bluetooth Speaker,Electronics,16202.7,17790.48,20326.48,858
ITEM02594,Beans 50kg,Food,67151.5,77632.36,97745.51,188
ITEM02595,Tomato Basket,Food,21820.49,25840.8,31389.26,817
ITEM02596,Garri 25kg,Food,31517.22,36536.33,47185.01,359
ITEM02597,Power Bank,Electronics,14266.99,15470.33,19219.63,229
ITEM02598,Ankara Fabric,Fashion,16167.1,19343.16,23627.26,935
ITEM02599,Cooking Gas Cylinder,Household,38443.2,42162.23,53370.29,950
ITEM02600,Yam Tubers,Food,27713.69,30704.2,35123.66,376
ITEM02601,Table Fan,Household,27512.37,32932.2,40392.95,35
ITEM02602,Palm Oil 25L,Food,55363.64,64915.2,76475.35,217
ITEM02603,Plastic Chair,Fashion,9425.24,11238.56,14034.24,545
ITEM02604,Bluetooth Speaker,Electronics,17583.46,20692.11,22862.59,68
ITEM02605,Ankara Fabric,Fashion,17013.43,19705.09,23361.22,234
ITEM02606,Ankara Fabric,Fashion,15270.01,17013.03,20931.81,157
ITEM02607,Bluetooth Speaker,Electronics,15290.0,17112.96,20400.84,952
ITEM02608,Vegetable Oil 5L,Food,22942.4,27385.72,31427.69,361
ITEM02609,Power Bank,Electronics,13540.46,16022.08,19112.26,386
ITEM02610,Table Fan,Household,29727.12,33387.68,42400.65,427
ITEM02611,Cooking Gas Cylinder,Household,31553.41,35491.02,40508.31,22
ITEM02612,LED Bulb,Household,2584.11,2883.15,3383.19,547
ITEM02613,Palm Oil 25L,Food,63484.62,71047.9,92224.95,913
ITEM02614,School Bag,Electronics,11873.55,14049.74,18019.68,815
ITEM02615,Beans 50kg,Food,61950.78,66984.95,74138.52,258
ITEM02616,Sneakers,Fashion,24814.18,28097.75,33887.76,23
ITEM02617,Cooking Gas Cylinder,Household,36065.41,43031.11,47897.18,775
ITEM02618,Rice 50kg,Food,88560.86,101412.49,130292.84,842
ITEM02619,Sneakers,Fashion,19054.91,21609.29,25678.51,922
ITEM02620,Cooking Gas Cylinder,Household,35064.56,39184.09,46381.72,581
ITEM02621,Table Fan,Household,27993.3,30481.05,35193.09,478
ITEM02622,Yam Tubers,Food,23551.25,26069.79,31642.56,758
ITEM02623,Beans 50kg,Food,68564.65,74794.1,84442.52,693
ITEM02624,LED Bulb,Household,2540.72,2782.61,3505.51,759
ITEM02625,LED Bulb,Household,2539.41,2792.39,3345.96,291
ITEM02626,Bluetooth Speaker,Electronics,14663.49,16368.03,19859.21,904
ITEM02627,Cooking Gas Cylinder,Household,34364.56,37159.15,47123.79,46
ITEM02628,Rice 50kg,Food,74959.93,89503.45,101768.08,102
ITEM02629,School Bag,Electronics,11812.59,12933.11,14679.56,658
ITEM02630,Rice 50kg,Food,93723.87,105531.0,124965.62,575
ITEM02631,LED Bulb,Household,2349.74,2785.71,3502.27,558
ITEM02632,Sneakers,Fashion,19856.22,21698.65,24122.58,909
ITEM02633,LED Bulb,Household,2289.63,2605.67,3280.63,872
ITEM02634,Bluetooth Speaker,Electronics,16886.54,19949.32,23942.2,722
ITEM02635,Beans 50kg,Food,77864.62,89297.91,108260.56,173
ITEM02636,Rice 50kg,Food,82000.89,90630.77,109923.99,105
ITEM02637,Tomato Basket,Food,16465.73,19236.28,21376.0,148
ITEM02638,Ankara Fabric,Fashion,13360.47,15521.67,17849.21,617
ITEM02639,Garri 25kg,Food,28464.74,31979.06,40007.7,715
ITEM02640,Table Fan,Household,29776.45,32323.98,38221.61,801
ITEM02641,Vegetable Oil 5L,Food,25392.88,27448.28,33270.15,112
ITEM02642,Power Bank,Electronics,13754.98,16217.77,20904.28,282
ITEM02643,Palm Oil 25L,Food,55795.76,62412.41,69231.23,344
ITEM02644,Phone Charger,Electronics,5418.37,5941.42,7069.91,636
ITEM02645,Phone Charger,Electronics,4556.9,5205.01,6101.59,56
ITEM02646,Rice 50kg,Food,90239.63,107430.28,120460.49,842
ITEM02647,Bluetooth Speaker,Electronics,19019.11,20559.99,26525.66,89
ITEM02648,Plastic Chair,Fashion,10945.01,11894.34,15370.97,528
ITEM02649,LED Bulb,Household,2795.72,3159.29,3672.03,933
ITEM02650,Tomato Basket,Food,17727.78,20584.01,26539.85,202
ITEM02651,Table Fan,Household,28283.31,32161.86,35604.29,690
ITEM02652,Table Fan,Household,23662.51,28104.1,36427.95,554
ITEM02653,Cooking Gas Cylinder,Household,34726.31,37688.12,47757.87,821
ITEM02654,Yam Tubers,Food,22879.99,25644.28,29307.97,592
ITEM02655,Table Fan,Household,23458.38,26324.1,32113.02,849
ITEM02656,Bluetooth Speaker,Electronics,14469.0,16217.08,20428.0,408
ITEM02657,Rice 50kg,Food,77688.9,88450.55,102944.04,172
ITEM02658,Vegetable Oil 5L,Food,25158.05,29557.42,34604.36,682
ITEM02659,Sneakers,Fashion,21704.52,24268.82,29748.59,967
ITEM02660,Garri 25kg,Food,29156.45,34093.75,38506.12,438
ITEM02661,Phone Charger,Electronics,5507.33,6044.71,6792.09,821
ITEM02662,Plastic Chair,Fashion,12450.43,14284.22,16426.3,878
ITEM02663,Garri 25kg,Food,27518.58,30958.69,38644.24,649
ITEM02664,Power Bank,Electronics,13156.19,15059.95,17670.14,793
ITEM02665,Palm Oil 25L,Food,61634.59,67362.29,80933.88,567
ITEM02666,Bluetooth Speaker,Electronics,18190.8,21727.38,24749.44,806
ITEM02667,Vegetable Oil 5L,Food,23517.84,27956.73,31837.71,342
ITEM02668,Cooking Gas Cylinder,Household,37585.96,44320.14,54517.78,530
ITEM02669,Beans 50kg,Food,62107.15,73729.51,82700.55,87
ITEM02670,Cooking Gas Cylinder,Household,33234.03,36477.76,44997.8,204
ITEM02671,Plastic Chair,Fashion,11714.23,13359.45,15766.03,583
ITEM02672,Table Fan,Household,28018.03,31328.34,38667.13,727
ITEM02673,Table Fan,Household,29731.4,35275.9,41496.66,39
ITEM02674,Palm Oil 25L,Food,50979.37,56216.61,71350.71,78
ITEM02675,LED Bulb,Household,2255.79,2495.8,2773.11,16
ITEM02676,School Bag,Electronics,9077.76,10552.04,13492.46,522
ITEM02677,Cooking Gas Cylinder,Household,31767.2,34647.47,39973.9,341
ITEM02678,Table Fan,Household,22984.69,26843.45,29756.2,62
ITEM02679,Bluetooth Speaker,Electronics,17021.47,18930.86,22953.31,795
ITEM02680,Yam Tubers,Food,25212.36,29229.0,33463.42,533
ITEM02681,Beans 50kg,Food,73315.73,86861.87,103525.51,19
ITEM02682,Beans 50kg,Food,67583.16,77933.75,98232.6,689
ITEM02683,Yam Tubers,Food,21274.06,23518.94,29594.1,912
ITEM02684,Plastic Chair,Fashion,11573.84,12568.03,15333.97,425
ITEM02685,Power Bank,Electronics,11694.88,12693.08,16444.83,950
ITEM02686,Power Bank,Electronics,14982.99,16341.31,19491.1,422
ITEM02687,Vegetable Oil 5L,Food,20991.51,24131.38,26734.61,86
ITEM02688,Bluetooth Speaker,Electronics,17155.42,19244.72,24323.11,131
ITEM02689,School Bag,Electronics,11743.99,13026.12,14905.25,76
ITEM02690,Cooking Gas Cylinder,Household,35761.14,39563.15,44913.98,308
ITEM02691,Ankara Fabric,Fashion,16004.14,19106.22,21284.36,390
ITEM02692,School Bag,Electronics,11072.07,12115.71,14121.82,449
ITEM02693,LED Bulb,Household,2216.81,2475.24,2884.22,485
ITEM02694,Phone Charger,Electronics,5051.9,5741.87,6663.75,864
ITEM02695,LED Bulb,Household,2785.27,3008.24,3665.95,21
ITEM02696,Yam Tubers,Food,28556.66,33997.11,42506.87,899
ITEM02697,Garri 25kg,Food,30470.38,33270.36,42837.37,246
ITEM02698,Phone Charger,Electronics,4576.09,5316.94,5948.64,954
ITEM02699,Garri 25kg,Food,33355.78,38541.4,43554.72,143
ITEM02700,Garri 25kg,Food,31398.73,36959.06,45014.97,109
ITEM02701,Table Fan,Household,25034.17,28993.74,32462.17,130
ITEM02702,Plastic Chair,Fashion,9918.12,11627.28,13652.2,303
ITEM02703,Palm Oil 25L,Food,53163.08,60103.51,73621.41,942
ITEM02704,Table Fan,Household,26669.33,30366.89,38144.13,468
ITEM02705,Beans 50kg,Food,63072.61,73429.1,83967.64,173
ITEM02706,Vegetable Oil 5L,Food,20969.93,24077.91,29702.44,645
ITEM02707,Ankara Fabric,Fashion,13417.21,15314.2,18823.82,512
ITEM02708,Tomato Basket,Food,21450.34,23695.49,30138.84,705
ITEM02709,Ankara Fabric,Fashion,13514.27,15013.99,17457.51,744
ITEM02710,Table Fan,Household,23542.76,26438.99,33049.22,788
ITEM02711,Beans 50kg,Food,68974.96,74569.8,93242.08,159
ITEM02712,Rice 50kg,Food,75729.47,85580.63,98232.78,500
ITEM02713,LED Bulb,Household,2847.02,3075.73,3765.4,634
ITEM02714,Power Bank,Electronics,15164.49,17405.83,21496.77,561
ITEM02715,Power Bank,Electronics,13114.21,15271.28,17636.58,972
ITEM02716,Phone Charger,Electronics,4726.17,5423.08,6455.42,960
ITEM02717,Phone Charger,Electronics,4620.16,5374.28,6380.1,813
ITEM02718,Sneakers,Fashion,18949.92,20465.94,25678.65,247
ITEM02719,Bluetooth Speaker,Electronics,15943.52,17332.73,19068.39,533
ITEM02720,Garri 25kg,Food,27490.86,31994.29,38399.72,805
ITEM02721,School Bag,Electronics,9247.47,10878.24,12367.12,275
ITEM02722,Sneakers,Fashion,22401.69,26123.15,32114.97,714
ITEM02723,Beans 50kg,Food,61574.06,71398.91,88254.32,256
ITEM02724,Yam Tubers,Food,22021.98,25653.1,30789.5,148
ITEM02725,Plastic Chair,Fashion,10935.7,12781.1,15444.76,247
ITEM02726,School Bag,Electronics,10318.19,12040.56,14003.31,927
ITEM02727,Garri 25kg,Food,27630.0,32287.35,37539.35,995
ITEM02728,Rice 50kg,Food,69809.45,76014.27,94943.61,856
ITEM02729,Bluetooth Speaker,Electronics,15434.17,16786.09,18906.95,278
ITEM02730,Phone Charger,Electronics,4419.68,4964.78,6227.33,781
ITEM02731,Cooking Gas Cylinder,Household,38152.61,43620.32,53696.73,226
ITEM02732,Power Bank,Electronics,15182.53,17786.55,22711.55,135
ITEM02733,LED Bulb,Household,2429.46,2721.39,3135.12,266
ITEM02734,Palm Oil 25L,Food,57318.97,63796.82,76635.03,148
ITEM02735,Phone Charger,Electronics,5105.97,5993.26,6639.32,644
ITEM02736,Garri 25kg,Food,32180.37,35717.66,45807.94,686
ITEM02737,Bluetooth Speaker,Electronics,15389.11,18136.09,22399.49,45
ITEM02738,Palm Oil 25L,Food,52056.1,57327.09,70201.33,116
ITEM02739,Power Bank,Electronics,13247.33,14878.56,18546.69,484
ITEM02740,Tomato Basket,Food,19369.52,21851.32,25279.04,122
ITEM02741,Palm Oil 25L,Food,52605.12,58704.23,71664.48,829
ITEM02742,Beans 50kg,Food,65658.74,70937.89,89394.82,406
ITEM02743,Power Bank,Electronics,12714.07,14090.51,15754.02,418
ITEM02744,Cooking Gas Cylinder,Household,32493.63,36409.71,47032.73,15
ITEM02745,Palm Oil 25L,Food,58305.47,65164.24,83304.49,704
ITEM02746,Yam Tubers,Food,26147.98,30704.7,39689.01,724
ITEM02747,Palm Oil 25L,Food,59166.2,64235.81,81044.37,758
ITEM02748,Plastic Chair,Fashion,10014.81,11283.42,13075.93,544
ITEM02749,Phone Charger,Electronics,4228.23,4585.53,5577.43,276
ITEM02750,Cooking Gas Cylinder,Household,38379.64,45736.16,51408.93,87
ITEM02751,Vegetable Oil 5L,Food,24347.89,28604.51,35779.48,322
ITEM02752,Beans 50kg,Food,60804.92,72835.75,82357.41,548
ITEM02753,Bluetooth Speaker,Electronics,15766.42,18749.73,23875.25,125
ITEM02754,Sneakers,Fashion,24006.62,26836.94,30811.8,63
ITEM02755,Cooking Gas Cylinder,Household,37643.13,43778.58,49560.96,224
ITEM02756,Table Fan,Household,30044.11,33552.86,37383.96,79
ITEM02757,LED Bulb,Household,2576.57,3057.32,3798.02,24
ITEM02758,School Bag,Electronics,10257.15,11583.3,13173.01,490
ITEM02759,Yam Tubers,Food,24449.76,27508.59,31346.96,747
ITEM02760,Phone Charger,Electronics,4359.36,5186.28,5880.93,504
ITEM02761,Garri 25kg,Food,32402.43,38248.12,44412.14,100
ITEM02762,Phone Charger,Electronics,4922.5,5887.16,7584.09,345
ITEM02763,Yam Tubers,Food,22411.48,24383.21,29194.61,45
ITEM02764,Rice 50kg,Food,91487.31,101477.78,116920.22,625
ITEM02765,Palm Oil 25L,Food,56671.89,63251.66,71732.32,240
ITEM02766,Bluetooth Speaker,Electronics,14703.67,16628.7,18354.44,393
ITEM02767,Yam Tubers,Food,23709.11,26951.93,31614.58,902
ITEM02768,Cooking Gas Cylinder,Household,38883.5,43354.19,48643.94,591
ITEM02769,Power Bank,Electronics,15188.67,17844.48,19725.33,767
ITEM02770,Cooking Gas Cylinder,Household,34899.18,38626.04,43284.19,356
ITEM02771,Sneakers,Fashion,25011.84,29103.33,33867.67,931
ITEM02772,Rice 50kg,Food,91230.95,107854.34,134836.56,717
ITEM02773,Palm Oil 25L,Food,64756.58,74628.32,83090.97,520
ITEM02774,Sneakers,Fashion,24374.09,27359.89,33809.57,583
ITEM02775,Bluetooth Speaker,Electronics,16397.56,18079.08,22130.76,626
ITEM02776,Tomato Basket,Food,20461.87,22428.7,28627.95,168
ITEM02777,Power Bank,Electronics,13813.22,16151.81,18361.34,259
ITEM02778,LED Bulb,Household,2664.76,3027.96,3811.76,689
ITEM02779,Yam Tubers,Food,22583.4,24515.59,31207.69,446
ITEM02780,Rice 50kg,Food,87692.29,105060.69,136084.78,786
ITEM02781,Tomato Basket,Food,21608.28,25077.62,31640.69,530
ITEM02782,LED Bulb,Household,2352.0,2778.42,3125.04,75
ITEM02783,Ankara Fabric,Fashion,17760.65,20115.4,25937.32,668
ITEM02784,Table Fan,Household,26014.85,31078.7,39252.35,613
ITEM02785,LED Bulb,Household,2274.79,2511.24,2869.01,371
ITEM02786,Beans 50kg,Food,61858.01,68180.91,77251.66,792
ITEM02787,Vegetable Oil 5L,Food,26594.47,31563.39,40631.0,357
ITEM02788,Beans 50kg,Food,71151.33,84457.06,95532.74,123
ITEM02789,Rice 50kg,Food,77255.43,88062.1,110554.98,130
ITEM02790,Table Fan,Household,27878.45,30529.53,36056.96,902
ITEM02791,LED Bulb,Household,2374.08,2650.95,3299.81,382
ITEM02792,Garri 25kg,Food,30519.73,35723.29,39951.86,420
ITEM02793,Ankara Fabric,Fashion,17186.39,20306.04,25281.26,312
ITEM02794,Bluetooth Speaker,Electronics,17857.65,20031.26,24085.23,740
ITEM02795,Beans 50kg,Food,75510.44,82106.13,105102.06,609
ITEM02796,LED Bulb,Household,2562.62,2972.35,3381.58,900
ITEM02797,Table Fan,Household,30980.32,36207.93,40620.64,895
ITEM02798,Bluetooth Speaker,Electronics,15681.19,17733.57,20202.87,989
ITEM02799,Ankara Fabric,Fashion,14394.65,16553.44,18468.93,335
ITEM02800,Yam Tubers,Food,21944.19,26299.78,34085.3,588
ITEM02801,Plastic Chair,Fashion,11178.26,12401.16,13945.99,353
ITEM02802,Phone Charger,Electronics,4963.24,5701.56,6500.74,707
ITEM02803,Cooking Gas Cylinder,Household,37372.6,43102.39,54392.5,750
ITEM02804,Beans 50kg,Food,66544.36,76252.71,87641.12,259
ITEM02805,Garri 25kg,Food,26463.99,31341.18,35868.69,861
ITEM02806,Cooking Gas Cylinder,Household,36388.41,41941.31,51774.96,297
ITEM02807,Vegetable Oil 5L,Food,28165.41,32135.24,37911.64,983
ITEM02808,Tomato Basket,Food,17828.93,19518.43,24731.73,852
ITEM02809,Plastic Chair,Fashion,9956.98,11593.76,14233.13,27
ITEM02810,Palm Oil 25L,Food,55137.28,60422.34,69947.5,404
ITEM02811,Power Bank,Electronics,13197.93,14295.85,17435.0,394
ITEM02812,Vegetable Oil 5L,Food,22669.21,25811.7,32865.84,824
ITEM02813,Palm Oil 25L,Food,56291.19,64661.32,75841.05,727
ITEM02814,Cooking Gas Cylinder,Household,36451.17,43737.27,54553.24,60
ITEM02815,Palm Oil 25L,Food,56257.0,65566.36,77575.93,842
ITEM02816,Beans 50kg,Food,67817.24,80148.5,96868.66,226
ITEM02817,Sneakers,Fashion,18964.21,21269.62,26517.69,376
ITEM02818,Table Fan,Household,30385.33,34671.79,38558.68,178
ITEM02819,Garri 25kg,Food,30134.04,36067.8,42956.39,165
ITEM02820,Ankara Fabric,Fashion,14700.87,16613.25,18590.94,531
ITEM02821,Bluetooth Speaker,Electronics,14891.07,17524.93,21818.55,93
ITEM02822,Table Fan,Household,28086.88,32106.64,39220.23,89
ITEM02823,Garri 25kg,Food,34383.57,38058.33,44352.64,787
ITEM02824,Cooking Gas Cylinder,Household,30182.11,34698.87,38698.13,350
ITEM02825,School Bag,Electronics,9382.61,10378.74,13338.34,651
ITEM02826,Table Fan,Household,24135.76,26075.39,30325.69,986
ITEM02827,Yam Tubers,Food,25767.06,28557.83,32986.44,60
ITEM02828,Cooking Gas Cylinder,Household,39422.92,43490.47,48718.07,796
ITEM02829,School Bag,Electronics,10303.97,11586.92,14083.57,118
ITEM02830,Garri 25kg,Food,29547.4,35061.88,40430.93,762
ITEM02831,LED Bulb,Household,2699.38,3040.97,3857.68,312
ITEM02832,Plastic Chair,Fashion,11800.48,13941.35,17239.22,143
ITEM02833,Tomato Basket,Food,17556.51,20131.59,22160.51,236
ITEM02834,Bluetooth Speaker,Electronics,15270.21,16505.78,20023.74,370
ITEM02835,Yam Tubers,Food,23933.58,26390.32,30252.99,732
ITEM02836,Bluetooth Speaker,Electronics,18405.58,21934.91,24195.81,683
ITEM02837,Cooking Gas Cylinder,Household,37048.17,42698.04,52257.0,731
ITEM02838,LED Bulb,Household,2624.39,3127.08,3567.95,31
ITEM02839,Palm Oil 25L,Food,64830.89,72430.0,92705.12,975
ITEM02840,Cooking Gas Cylinder,Household,32659.87,38081.0,46256.08,439
ITEM02841,Phone Charger,Electronics,4569.14,5357.98,6117.93,120
ITEM02842,Sneakers,Fashion,18979.44,22719.98,29441.13,929
ITEM02843,Ankara Fabric,Fashion,17214.67,18629.39,22528.3,794
ITEM02844,Power Bank,Electronics,13833.84,16521.32,18720.22,91
ITEM02845,Phone Charger,Electronics,4509.3,5081.94,6115.85,442
ITEM02846,Phone Charger,Electronics,4179.96,4934.69,6374.98,907
ITEM02847,Table Fan,Household,28809.62,32997.54,39096.88,685
ITEM02848,Yam Tubers,Food,26865.53,30835.13,36541.76,202
ITEM02849,Vegetable Oil 5L,Food,25721.41,28888.37,34441.45,703
ITEM02850,Yam Tubers,Food,22778.36,26865.18,31056.7,197
ITEM02851,Palm Oil 25L,Food,66313.92,73719.97,83477.31,358
ITEM02852,Yam Tubers,Food,26898.69,30639.46,37251.01,203
ITEM02853,Beans 50kg,Food,73312.88,84106.07,107558.22,696
ITEM02854,Beans 50kg,Food,73169.82,85543.02,106684.64,931
ITEM02855,Ankara Fabric,Fashion,17380.26,19754.34,22109.8,54
ITEM02856,Beans 50kg,Food,78994.45,91762.63,108295.49,607
ITEM02857,Bluetooth Speaker,Electronics,17487.75,19905.18,21916.78,255
ITEM02858,Plastic Chair,Fashion,10725.01,12431.56,14440.35,753
ITEM02859,Ankara Fabric,Fashion,14866.36,17258.32,21294.61,147
ITEM02860,Phone Charger,Electronics,5259.47,6127.99,7096.5,372
ITEM02861,Palm Oil 25L,Food,61559.51,72566.11,92021.93,213
ITEM02862,LED Bulb,Household,2182.95,2499.23,2987.77,874
ITEM02863,Table Fan,Household,24101.71,26588.84,32806.21,91
ITEM02864,School Bag,Electronics,11760.59,13660.59,17441.47,586
ITEM02865,Beans 50kg,Food,78074.46,85042.93,105160.86,129
ITEM02866,Rice 50kg,Food,93115.08,103010.85,131798.8,603
ITEM02867,Tomato Basket,Food,18588.75,21842.88,27557.26,770
ITEM02868,Garri 25kg,Food,33641.77,38089.49,46218.28,754
ITEM02869,Table Fan,Household,29658.62,33803.87,39193.78,43
ITEM02870,Palm Oil 25L,Food,55737.84,66801.11,77464.47,775
ITEM02871,Vegetable Oil 5L,Food,21893.23,24262.53,30936.34,303
ITEM02872,Cooking Gas Cylinder,Household,40218.78,43530.65,48352.83,685
ITEM02873,Plastic Chair,Fashion,9449.72,10331.99,13310.58,964
ITEM02874,Palm Oil 25L,Food,60722.85,67362.3,78504.82,127
ITEM02875,Yam Tubers,Food,26126.59,30492.62,38047.9,369
ITEM02876,Power Bank,Electronics,14236.25,16700.52,19472.91,868
ITEM02877,Sneakers,Fashion,20387.14,23401.56,30203.46,150
ITEM02878,LED Bulb,Household,2666.18,2961.08,3278.79,268
ITEM02879,Table Fan,Household,24702.84,28225.68,33042.79,553
ITEM02880,Cooking Gas Cylinder,Household,38454.9,41600.32,52977.68,996
ITEM02881,Rice 50kg,Food,75090.27,87241.09,100746.99,301
ITEM02882,Vegetable Oil 5L,Food,25945.79,29934.06,34577.55,391
ITEM02883,Bluetooth Speaker,Electronics,18445.41,19969.29,25555.7,797
ITEM02884,Rice 50kg,Food,74348.07,87585.1,110892.93,128
ITEM02885,Yam Tubers,Food,23034.9,26987.94,30257.65,334
ITEM02886,Garri 25kg,Food,33595.66,37525.92,45632.86,322
ITEM02887,LED Bulb,Household,2189.5,2531.6,2897.87,407
ITEM02888,Beans 50kg,Food,63505.98,73170.27,83635.64,577
ITEM02889,Garri 25kg,Food,30586.44,33558.88,41045.22,229
ITEM02890,Palm Oil 25L,Food,66614.22,73488.22,82657.58,397
ITEM02891,Garri 25kg,Food,31575.46,36690.21,43806.49,917
ITEM02892,Bluetooth Speaker,Electronics,16427.16,19581.6,22541.64,830
ITEM02893,Yam Tubers,Food,28587.78,32851.76,41747.51,956
ITEM02894,LED Bulb,Household,2472.78,2839.1,3437.86,685
ITEM02895,Vegetable Oil 5L,Food,24012.95,27797.44,31773.08,586
ITEM02896,Bluetooth Speaker,Electronics,16549.39,18748.29,24097.05,221
ITEM02897,Sneakers,Fashion,20760.39,22556.18,28524.07,167
ITEM02898,School Bag,Electronics,9950.94,11220.48,12937.87,543
ITEM02899,Plastic Chair,Fashion,11619.86,13804.75,17838.64,410
ITEM02900,Palm Oil 25L,Food,50872.79,59856.6,69047.45,789
ITEM02901,Power Bank,Electronics,14236.36,16959.64,19648.23,19
ITEM02902,Plastic Chair,Fashion,10013.97,10998.75,12947.64,892
ITEM02903,Table Fan,Household,26062.08,29729.41,33682.26,178
ITEM02904,School Bag,Electronics,9386.6,10796.16,13359.2,400
ITEM02905,Sneakers,Fashion,22348.16,24698.98,29922.01,362
ITEM02906,Table Fan,Household,28857.74,31862.3,40748.46,925
ITEM02907,School Bag,Electronics,10042.17,11787.93,13534.61,723
ITEM02908,Cooking Gas Cylinder,Household,31465.87,36519.99,41415.36,45
ITEM02909,Garri 25kg,Food,28456.5,32943.03,38600.16,854
ITEM02910,Tomato Basket,Food,20813.24,23145.13,26135.98,679
ITEM02911,Beans 50kg,Food,65120.62,74290.41,95777.44,77
ITEM02912,Beans 50kg,Food,75768.75,82040.01,102015.88,784
ITEM02913,Power Bank,Electronics,12816.36,14041.52,17681.62,43
ITEM02914,Palm Oil 25L,Food,53490.57,61096.4,76346.59,430
ITEM02915,Yam Tubers,Food,26704.81,29833.57,34265.76,170
ITEM02916,Phone Charger,Electronics,4754.7,5686.06,6414.62,20
ITEM02917,School Bag,Electronics,9023.52,10255.94,12162.38,563
ITEM02918,Cooking Gas Cylinder,Household,39829.4,43415.14,54955.06,690
ITEM02919,Table Fan,Household,24146.8,26130.25,30470.56,484
ITEM02920,Yam Tubers,Food,23900.55,27892.68,30735.3,349
ITEM02921,Tomato Basket,Food,18343.33,20188.32,24872.25,518
ITEM02922,Plastic Chair,Fashion,10965.12,12089.45,13782.13,160
ITEM02923,Garri 25kg,Food,33654.63,38058.57,45996.33,59
ITEM02924,Bluetooth Speaker,Electronics,14481.06,16098.41,17756.16,165
ITEM02925,Phone Charger,Electronics,5422.76,6257.81,7520.44,63
ITEM02926,Palm Oil 25L,Food,61584.01,70100.04,82628.44,771
ITEM02927,School Bag,Electronics,11919.54,13032.52,16630.57,612
ITEM02928,Tomato Basket,Food,20809.12,24433.42,30404.04,195
ITEM02929,Palm Oil 25L,Food,66572.74,75300.63,83373.28,574
ITEM02930,Sneakers,Fashion,22666.6,26141.4,32883.38,489
ITEM02931,Garri 25kg,Food,29672.97,32060.85,40340.42,120
ITEM02932,Sneakers,Fashion,21623.23,24978.47,30790.5,970
ITEM02933,Garri 25kg,Food,32469.7,36169.36,46508.71,938
ITEM02934,Phone Charger,Electronics,4694.78,5348.88,6743.07,761
ITEM02935,Plastic Chair,Fashion,11764.52,13125.99,15013.24,810
ITEM02936,Palm Oil 25L,Food,51775.71,62107.62,73057.76,551
ITEM02937,Plastic Chair,Fashion,12088.96,13390.95,15667.21,805
ITEM02938,Ankara Fabric,Fashion,14124.48,16801.68,20178.5,532
ITEM02939,LED Bulb,Household,2832.96,3371.67,4351.95,174
ITEM02940,Garri 25kg,Food,27796.58,31424.59,38436.03,175
ITEM02941,Ankara Fabric,Fashion,13775.61,15380.2,17880.84,855
ITEM02942,LED Bulb,Household,2733.91,3077.63,3964.92,451
ITEM02943,Ankara Fabric,Fashion,16981.96,20356.63,25243.33,732
ITEM02944,Palm Oil 25L,Food,63226.04,72979.01,84160.57,153
ITEM02945,Plastic Chair,Fashion,12519.75,14339.79,18373.61,453
ITEM02946,Beans 50kg,Food,65181.33,70676.78,82610.03,92
ITEM02947,School Bag,Electronics,11528.94,13624.23,16393.25,228
ITEM02948,Power Bank,Electronics,12900.76,14062.56,16816.64,118
ITEM02949,Bluetooth Speaker,Electronics,17190.73,18662.89,23976.7,216
ITEM02950,Power Bank,Electronics,13279.68,14780.06,17043.37,610
ITEM02951,Rice 50kg,Food,69843.91,79419.14,92655.24,15
ITEM02952,Power Bank,Electronics,13801.57,16388.47,20191.11,201
ITEM02953,LED Bulb,Household,2685.63,3155.1,4030.09,694
ITEM02954,Phone Charger,Electronics,4331.36,4780.59,5368.49,157
ITEM02955,Vegetable Oil 5L,Food,27672.67,31122.06,35540.66,560
ITEM02956,Cooking Gas Cylinder,Household,35319.2,41451.63,53456.3,868
ITEM02957,Beans 50kg,Food,63243.17,72302.82,90773.25,782
ITEM02958,Power Bank,Electronics,14091.09,15513.43,18138.52,130
ITEM02959,Power Bank,Electronics,12252.29,13814.78,16184.39,156
ITEM02960,Power Bank,Electronics,11732.31,13552.14,16179.99,708
ITEM02961,LED Bulb,Household,2638.99,3158.3,3899.75,353
ITEM02962,Phone Charger,Electronics,4239.4,4915.24,5958.29,422
ITEM02963,Cooking Gas Cylinder,Household,30865.28,33394.49,41917.57,481
ITEM02964,Beans 50kg,Food,75038.81,87390.28,97076.04,583
ITEM02965,Ankara Fabric,Fashion,13431.69,14910.57,18844.1,454
ITEM02966,School Bag,Electronics,11475.77,13581.11,15096.9,33
ITEM02967,Vegetable Oil 5L,Food,26676.69,30039.74,38336.56,103
ITEM02968,Palm Oil 25L,Food,52652.66,58126.11,64441.56,10
ITEM02969,Ankara Fabric,Fashion,15585.47,17707.49,19930.96,272
ITEM02970,School Bag,Electronics,9229.37,10250.36,11644.78,819
ITEM02971,School Bag,Electronics,10917.6,12099.96,13849.74,972
ITEM02972,Rice 50kg,Food,71248.08,81849.18,96610.88,480
ITEM02973,School Bag,Electronics,11900.11,13947.9,17171.22,36
ITEM02974,Cooking Gas Cylinder,Household,31931.17,37685.0,48181.05,80
ITEM02975,Rice 50kg,Food,86499.21,97546.92,117534.34,816
ITEM02976,Phone Charger,Electronics,4264.74,4640.11,5598.28,350
ITEM02977,Power Bank,Electronics,12323.87,14025.51,16323.74,882
ITEM02978,LED Bulb,Household,2463.21,2788.49,3513.88,511
ITEM02979,Vegetable Oil 5L,Food,25037.26,27632.05,31005.85,880
ITEM02980,Power Bank,Electronics,15520.4,18431.05,21384.09,144
ITEM02981,Ankara Fabric,Fashion,13295.56,15913.42,17813.43,859
ITEM02982,Beans 50kg,Food,59506.6,64636.65,73869.1,550
ITEM02983,Plastic Chair,Fashion,10506.21,12349.94,15033.83,443
ITEM02984,Plastic Chair,Fashion,10558.32,12221.1,13751.09,533
ITEM02985,Ankara Fabric,Fashion,17284.84,19209.9,21517.46,333
ITEM02986,Sneakers,Fashion,24723.04,28585.25,36165.55,606
ITEM02987,Ankara Fabric,Fashion,17269.44,18917.59,21256.93,772
ITEM02988,Plastic Chair,Fashion,9822.49,10690.1,13059.14,812
ITEM02989,LED Bulb,Household,2434.08,2918.99,3416.4,978
ITEM02990,Phone Charger,Electronics,5154.07,5959.99,7624.45,418
ITEM02991,Phone Charger,Electronics,4530.16,5030.23,6245.08,771
ITEM02992,School Bag,Electronics,11014.2,12490.15,13887.62,889
ITEM02993,Palm Oil 25L,Food,54347.43,64891.4,83002.18,27
ITEM02994,Table Fan,Household,25569.7,28961.44,34255.01,479
ITEM02995,Plastic Chair,Fashion,12189.42,14481.68,16793.61,703
ITEM02996,School Bag,Electronics,9714.1,11504.0,14202.33,462
ITEM02997,Tomato Basket,Food,21646.65,24272.36,30184.98,109
ITEM02998,Tomato Basket,Food,17895.68,20822.0,24167.06,659
ITEM02999,Phone Charger,Electronics,4113.88,4769.06,5581.38,412
ITEM03000,Sneakers,Fashion,20382.35,23899.23,27036.38,621
ITEM03001,Plastic Chair,Fashion,9914.98,11143.56,13580.53,11
ITEM03002,Sneakers,Fashion,22045.06,23946.85,30924.53,21
ITEM03003,LED Bulb,Household,2209.54,2431.65,2877.43,606
ITEM03004,Cooking Gas Cylinder,Household,36323.51,41916.84,54460.09,982
ITEM03005,Sneakers,Fashion,24474.33,28708.69,32592.48,643
ITEM03006,Yam Tubers,Food,23968.89,28061.0,35334.97,943
ITEM03007,School Bag,Electronics,9455.75,10874.51,13980.51,848
ITEM03008,Phone Charger,Electronics,4656.04,5075.88,6281.96,288
ITEM03009,School Bag,Electronics,11400.8,12336.51,13839.9,111
ITEM03010,Plastic Chair,Fashion,11301.91,13266.83,15459.94,562
ITEM03011,Yam Tubers,Food,22008.57,25220.18,28174.3,624
ITEM03012,Power Bank,Electronics,13650.61,16024.8,19555.85,772
ITEM03013,Rice 50kg,Food,81214.9,89298.59,116055.11,525
ITEM03014,Ankara Fabric,Fashion,14696.07,16590.26,19492.74,921
ITEM03015,Power Bank,Electronics,11921.15,14189.75,16071.15,845
ITEM03016,Phone Charger,Electronics,5492.8,6045.33,6974.67,590
ITEM03017,Bluetooth Speaker,Electronics,15347.82,16688.96,20263.08,555
ITEM03018,Palm Oil 25L,Food,53561.55,62046.56,75311.64,28
ITEM03019,School Bag,Electronics,9383.59,10803.74,12380.7,783
ITEM03020,Ankara Fabric,Fashion,15826.4,18900.58,23628.38,683
ITEM03021,Tomato Basket,Food,18678.92,22205.05,24816.42,897
ITEM03022,Garri 25kg,Food,28670.88,33542.97,41076.99,102
ITEM03023,Yam Tubers,Food,24470.68,26484.58,31387.93,154
ITEM03024,Palm Oil 25L,Food,62071.34,70615.24,79472.86,674
ITEM03025,Yam Tubers,Food,23362.75,27744.02,34038.5,494
ITEM03026,School Bag,Electronics,11808.02,13367.13,16503.2,591
ITEM03027,Beans 50kg,Food,65933.27,78820.42,93638.98,440
ITEM03028,Ankara Fabric,Fashion,14096.53,16327.99,20566.72,644
ITEM03029,Palm Oil 25L,Food,67045.85,73290.16,88084.75,661
ITEM03030,LED Bulb,Household,2732.92,3118.57,3608.66,197
ITEM03031,Ankara Fabric,Fashion,14770.59,17185.2,22181.28,762
ITEM03032,Vegetable Oil 5L,Food,27009.52,29382.16,37867.98,498
ITEM03033,Bluetooth Speaker,Electronics,17095.95,19170.68,21454.38,579
ITEM03034,Beans 50kg,Food,66781.8,77870.9,100392.43,621
ITEM03035,Beans 50kg,Food,77131.84,84756.22,106377.23,747
ITEM03036,Cooking Gas Cylinder,Household,37647.73,42233.26,47357.37,307
ITEM03037,Plastic Chair,Fashion,10332.99,12015.09,14464.54,16
ITEM03038,Garri 25kg,Food,31992.11,37528.82,41544.04,189
ITEM03039,Vegetable Oil 5L,Food,23540.02,26887.91,32743.33,966
ITEM03040,Palm Oil 25L,Food,50168.62,59942.62,77124.42,230
ITEM03041,Yam Tubers,Food,28463.62,33901.3,39787.99,256
ITEM03042,Vegetable Oil 5L,Food,24864.77,28266.58,33968.66,859
ITEM03043,Tomato Basket,Food,19561.07,21502.17,24630.99,243
ITEM03044,Power Bank,Electronics,13904.56,16306.6,19701.46,469
ITEM03045,Palm Oil 25L,Food,59896.35,66435.64,83743.12,376
ITEM03046,LED Bulb,Household,2342.54,2766.86,3162.66,664
ITEM03047,Ankara Fabric,Fashion,17692.83,20354.84,24643.56,598
ITEM03048,Ankara Fabric,Fashion,16065.76,18110.79,21206.44,519
ITEM03049,Garri 25kg,Food,32589.57,37372.61,46699.86,506
ITEM03050,Ankara Fabric,Fashion,15289.79,17490.55,21695.42,835
ITEM03051,Table Fan,Household,25281.68,30109.67,37328.7,585
ITEM03052,Garri 25kg,Food,26948.45,29797.53,35028.8,513
ITEM03053,Ankara Fabric,Fashion,14803.57,17636.66,21514.19,888
ITEM03054,Yam Tubers,Food,22570.73,24461.28,30092.68,102
ITEM03055,Plastic Chair,Fashion,11534.89,13522.4,16715.89,835
ITEM03056,Power Bank,Electronics,15034.97,17897.02,21745.8,206
ITEM03057,Plastic Chair,Fashion,10349.09,11666.39,14855.52,338
ITEM03058,Garri 25kg,Food,29445.81,32059.66,36860.9,23
ITEM03059,Yam Tubers,Food,26277.73,30917.33,34354.15,575
ITEM03060,Vegetable Oil 5L,Food,21922.15,25893.21,33466.99,833
ITEM03061,Vegetable Oil 5L,Food,27656.37,30984.83,34459.68,387
ITEM03062,Tomato Basket,Food,18223.93,20815.94,26656.7,666
ITEM03063,Yam Tubers,Food,22009.0,25907.59,31670.91,399
ITEM03064,Garri 25kg,Food,27974.56,30857.2,39612.88,761
ITEM03065,Ankara Fabric,Fashion,17512.27,20235.03,24544.9,998
ITEM03066,Bluetooth Speaker,Electronics,15710.31,17778.97,22476.21,717
ITEM03067,Table Fan,Household,28314.38,31172.14,38786.19,346
ITEM03068,Sneakers,Fashion,19730.69,23277.73,28050.19,826
ITEM03069,Garri 25kg,Food,28155.15,31504.53,36944.25,47
ITEM03070,Beans 50kg,Food,77964.0,92943.31,102290.79,987
ITEM03071,Phone Charger,Electronics,4293.17,4929.72,5670.08,841
ITEM03072,Power Bank,Electronics,11550.94,13188.18,17017.42,656
ITEM03073,Vegetable Oil 5L,Food,24509.06,27714.77,32013.12,624
ITEM03074,Plastic Chair,Fashion,12197.0,13759.2,17204.09,259
ITEM03075,Bluetooth Speaker,Electronics,16112.55,18983.1,22811.98,437
ITEM03076,Ankara Fabric,Fashion,13770.95,15992.21,18578.2,110
ITEM03077,Beans 50kg,Food,80126.85,93976.2,122001.66,345
ITEM03078,Plastic Chair,Fashion,11583.24,13095.2,14527.75,593
ITEM03079,Palm Oil 25L,Food,65207.22,72469.51,88153.03,368
ITEM03080,Phone Charger,Electronics,5163.08,5629.94,6712.6,773
ITEM03081,Phone Charger,Electronics,5085.47,5966.27,6654.21,854
ITEM03082,Plastic Chair,Fashion,10619.06,11997.77,13711.28,565
ITEM03083,Vegetable Oil 5L,Food,23208.9,26483.83,32809.45,347
ITEM03084,Vegetable Oil 5L,Food,26094.65,29651.9,33259.52,310
ITEM03085,Tomato Basket,Food,20235.26,22900.99,28859.94,551
ITEM03086,Yam Tubers,Food,28379.41,32978.81,40399.44,722
ITEM03087,Palm Oil 25L,Food,60215.28,69431.11,77774.75,135
ITEM03088,Garri 25kg,Food,29089.98,34810.42,40288.29,453
ITEM03089,Palm Oil 25L,Food,58814.66,64500.18,72719.8,446
ITEM03090,Phone Charger,Electronics,4963.75,5702.46,7182.37,293
ITEM03091,Tomato Basket,Food,18582.36,20209.97,24385.18,245
ITEM03092,Yam Tubers,Food,27183.5,31993.62,35211.09,842
ITEM03093,Ankara Fabric,Fashion,15893.45,18340.37,22165.81,438
ITEM03094,Vegetable Oil 5L,Food,20894.35,23639.98,28286.68,580
ITEM03095,LED Bulb,Household,2552.38,3002.28,3688.65,47
ITEM03096,Ankara Fabric,Fashion,16121.26,18291.18,20247.77,290
ITEM03097,Garri 25kg,Food,34861.93,38603.81,42737.71,231
ITEM03098,Tomato Basket,Food,18508.21,21038.29,24612.14,335
ITEM03099,Palm Oil 25L,Food,60318.08,65656.22,81263.2,843
ITEM03100,Vegetable Oil 5L,Food,24316.23,28881.44,35619.82,575
ITEM03101,Yam Tubers,Food,25237.42,29470.12,34057.22,903
ITEM03102,Garri 25kg,Food,26975.93,31595.23,36120.09,428
ITEM03103,Rice 50kg,Food,91773.18,108745.64,134477.59,772
ITEM03104,Phone Charger,Electronics,5390.99,6334.36,7002.14,168
ITEM03105,Sneakers,Fashion,22317.19,25259.1,30597.78,817
ITEM03106,Tomato Basket,Food,19322.37,21143.24,25050.92,614
ITEM03107,Table Fan,Household,23416.2,26338.63,30231.94,48
ITEM03108,Yam Tubers,Food,25734.63,30678.0,36938.14,692
ITEM03109,LED Bulb,Household,2446.86,2921.29,3340.3,484
ITEM03110,Vegetable Oil 5L,Food,26036.47,30518.51,37014.81,10
ITEM03111,Bluetooth Speaker,Electronics,14690.34,16225.94,18331.98,848
ITEM03112,Ankara Fabric,Fashion,16480.63,18183.64,21477.39,541
ITEM03113,Beans 50kg,Food,65524.77,77684.37,93383.24,610
ITEM03114,LED Bulb,Household,2613.78,2867.39,3172.31,581
ITEM03115,Yam Tubers,Food,25953.44,29848.97,36479.72,99
ITEM03116,Power Bank,Electronics,12393.71,13947.76,17435.58,338
ITEM03117,School Bag,Electronics,10312.42,11511.15,14863.37,704
ITEM03118,School Bag,Electronics,11557.24,13421.26,15308.63,345
ITEM03119,Rice 50kg,Food,84597.55,101106.62,115437.38,889
ITEM03120,Table Fan,Household,23506.78,27580.88,32020.47,324
ITEM03121,School Bag,Electronics,10320.16,11747.85,15015.55,464
ITEM03122,Cooking Gas Cylinder,Household,33023.6,37411.95,44197.41,450
ITEM03123,Power Bank,Electronics,14073.66,16732.46,19415.65,28
ITEM03124,School Bag,Electronics,10860.88,12483.2,15581.98,813
ITEM03125,Phone Charger,Electronics,4094.97,4666.62,5168.74,144
ITEM03126,LED Bulb,Household,2580.77,2998.7,3627.72,474
ITEM03127,Table Fan,Household,28902.28,32036.98,38125.22,908
ITEM03128,LED Bulb,Household,2701.55,2938.33,3599.38,993
ITEM03129,Power Bank,Electronics,11713.85,13852.96,17263.83,237
ITEM03130,Plastic Chair,Fashion,10352.07,11934.61,13903.79,382
ITEM03131,Yam Tubers,Food,24409.55,26845.26,32946.75,570
ITEM03132,Phone Charger,Electronics,4338.87,4841.16,5832.95,702
ITEM03133,Ankara Fabric,Fashion,15131.41,18139.42,20439.38,257
ITEM03134,Beans 50kg,Food,60993.72,70516.72,90003.68,553
ITEM03135,Ankara Fabric,Fashion,13701.46,15843.46,19818.87,835
ITEM03136,Rice 50kg,Food,86149.89,93787.91,120454.7,764
ITEM03137,Bluetooth Speaker,Electronics,15789.12,18888.19,23498.44,823
ITEM03138,Power Bank,Electronics,14356.19,17042.72,19581.43,889
ITEM03139,Phone Charger,Electronics,4149.28,4753.97,5638.7,862
ITEM03140,Power Bank,Electronics,13753.95,15364.9,18090.23,516
ITEM03141,Power Bank,Electronics,13060.37,15199.22,16828.03,974
ITEM03142,Yam Tubers,Food,27227.29,32128.33,37979.21,499
ITEM03143,Phone Charger,Electronics,5208.89,6116.98,7151.45,712
ITEM03144,Bluetooth Speaker,Electronics,16365.35,19593.35,21568.06,943
ITEM03145,Ankara Fabric,Fashion,16070.62,18584.43,23591.53,52
ITEM03146,Bluetooth Speaker,Electronics,15610.5,17461.08,19709.63,934
ITEM03147,School Bag,Electronics,10753.28,12256.07,14709.61,823
ITEM03148,Table Fan,Household,23608.24,27809.52,34954.78,997
ITEM03149,Cooking Gas Cylinder,Household,34313.34,38150.99,46578.4,775
ITEM03150,Beans 50kg,Food,63337.28,70163.08,79555.82,164
ITEM03151,Ankara Fabric,Fashion,17282.72,20168.59,24679.14,308
ITEM03152,Palm Oil 25L,Food,58024.74,65761.26,82301.49,13
ITEM03153,Palm Oil 25L,Food,60606.7,71393.99,90738.39,611
ITEM03154,Plastic Chair,Fashion,10539.26,11564.12,13457.52,442
ITEM03155,Beans 50kg,Food,65563.56,73449.78,81293.06,479
ITEM03156,Table Fan,Household,24593.65,27352.37,33413.37,736
ITEM03157,Plastic Chair,Fashion,12359.18,14382.92,16470.65,822
ITEM03158,Cooking Gas Cylinder,Household,38144.39,44671.64,56115.58,82
ITEM03159,Sneakers,Fashion,19579.52,22217.28,27460.04,917
ITEM03160,Table Fan,Household,28998.47,32981.8,41380.2,379
ITEM03161,Garri 25kg,Food,30242.34,33140.88,42867.93,754
ITEM03162,LED Bulb,Household,2136.55,2487.41,3026.95,585
ITEM03163,Garri 25kg,Food,31263.82,37487.76,48016.67,449
ITEM03164,Tomato Basket,Food,16891.26,19819.38,24345.7,220
ITEM03165,Garri 25kg,Food,28302.39,31324.33,35595.37,197
ITEM03166,Yam Tubers,Food,26470.31,30567.24,38510.5,733
ITEM03167,Ankara Fabric,Fashion,14370.71,16029.02,19855.78,328
ITEM03168,Vegetable Oil 5L,Food,27380.38,29669.96,38440.04,237
ITEM03169,Plastic Chair,Fashion,11518.66,12688.71,14575.35,15
ITEM03170,School Bag,Electronics,11546.69,12612.58,14714.16,842
ITEM03171,School Bag,Electronics,10862.85,11987.28,15155.5,401
ITEM03172,LED Bulb,Household,2776.64,3263.86,3631.3,354
ITEM03173,Phone Charger,Electronics,4600.83,5130.56,6293.36,378
ITEM03174,Tomato Basket,Food,19280.1,22574.01,27248.97,602
ITEM03175,Cooking Gas Cylinder,Household,35166.85,41984.42,47600.44,487
ITEM03176,Bluetooth Speaker,Electronics,19059.33,21897.51,24810.41,548
ITEM03177,School Bag,Electronics,9444.48,10750.17,13567.15,285
ITEM03178,Tomato Basket,Food,19444.95,22750.88,25096.25,303
ITEM03179,Palm Oil 25L,Food,63503.43,69323.57,86610.67,864
ITEM03180,Garri 25kg,Food,29791.46,33705.63,42015.19,444
ITEM03181,Palm Oil 25L,Food,65506.19,74667.82,91836.64,973
ITEM03182,Palm Oil 25L,Food,56752.36,66952.25,79131.1,847
ITEM03183,Ankara Fabric,Fashion,13980.89,16465.37,18205.17,714
ITEM03184,Rice 50kg,Food,84067.59,99350.39,125216.8,552
ITEM03185,School Bag,Electronics,10249.79,11928.14,13420.84,839
ITEM03186,Cooking Gas Cylinder,Household,29909.5,34206.49,39548.1,65
ITEM03187,Plastic Chair,Fashion,9580.47,11298.68,14568.03,504
ITEM03188,Yam Tubers,Food,22714.58,26912.09,31228.05,715
ITEM03189,Beans 50kg,Food,75655.93,86070.58,99069.64,117
ITEM03190,Table Fan,Household,30175.52,36158.7,46813.74,190
ITEM03191,Rice 50kg,Food,83122.77,98498.66,110041.37,74
ITEM03192,Sneakers,Fashion,19396.73,22136.64,25061.74,491
ITEM03193,Sneakers,Fashion,22227.17,24190.15,28729.75,546
ITEM03194,Palm Oil 25L,Food,65294.22,72276.72,90890.48,473
ITEM03195,Ankara Fabric,Fashion,16660.07,19545.06,24956.53,64
ITEM03196,Garri 25kg,Food,29057.21,31769.37,39747.52,491
ITEM03197,Palm Oil 25L,Food,52342.86,59481.17,77042.1,889
ITEM03198,Plastic Chair,Fashion,12322.25,14202.41,15670.5,40
ITEM03199,Cooking Gas Cylinder,Household,38717.93,45896.3,56172.54,778
ITEM03200,Vegetable Oil 5L,Food,21219.81,25074.46,28165.37,279
ITEM03201,LED Bulb,Household,2742.76,3213.72,4120.23,84
ITEM03202,LED Bulb,Household,2197.91,2481.27,3193.55,60
ITEM03203,Plastic Chair,Fashion,9558.84,10486.71,12170.94,22
ITEM03204,Garri 25kg,Food,33404.99,38761.74,49054.6,420
ITEM03205,Tomato Basket,Food,19206.97,21161.37,25945.0,502
ITEM03206,Sneakers,Fashion,21436.02,24594.78,27548.56,625
ITEM03207,Cooking Gas Cylinder,Household,39240.55,46997.68,57363.19,90
ITEM03208,Plastic Chair,Fashion,12119.7,13889.63,17990.01,657
ITEM03209,Phone Charger,Electronics,4162.98,4818.51,5597.27,742
ITEM03210,Palm Oil 25L,Food,61054.74,70903.43,78009.95,73
ITEM03211,Cooking Gas Cylinder,Household,37858.81,44660.01,57850.72,678
ITEM03212,Vegetable Oil 5L,Food,24871.11,28159.01,33306.38,127
ITEM03213,Tomato Basket,Food,21753.13,24792.07,29408.02,444
ITEM03214,Cooking Gas Cylinder,Household,36953.5,40690.11,50558.38,664
ITEM03215,Bluetooth Speaker,Electronics,14981.13,17284.65,21102.43,872
ITEM03216,Vegetable Oil 5L,Food,22282.49,24855.92,28842.74,535
ITEM03217,Rice 50kg,Food,90025.64,102711.6,115036.54,441
ITEM03218,Phone Charger,Electronics,5515.33,6463.89,8179.88,835
ITEM03219,Cooking Gas Cylinder,Household,30782.56,33310.07,39861.34,224
ITEM03220,Phone Charger,Electronics,4224.47,4848.3,5985.2,213
ITEM03221,Sneakers,Fashion,23738.35,26131.5,33241.9,471
ITEM03222,Vegetable Oil 5L,Food,21298.0,23715.88,26171.53,129
ITEM03223,Plastic Chair,Fashion,9576.25,10382.24,13204.93,32
ITEM03224,Plastic Chair,Fashion,12283.09,13515.53,16899.26,368
ITEM03225,School Bag,Electronics,11446.42,13717.33,17686.64,160
ITEM03226,Plastic Chair,Fashion,12259.16,14708.82,16866.87,640
ITEM03227,Bluetooth Speaker,Electronics,17767.62,20723.83,24132.57,553
ITEM03228,Yam Tubers,Food,23669.02,27300.39,33642.16,491
ITEM03229,Ankara Fabric,Fashion,17389.36,20401.9,26219.68,501
ITEM03230,Table Fan,Household,25369.66,30128.67,39123.09,107
ITEM03231,Table Fan,Household,25181.64,28765.4,34039.47,408
ITEM03232,Palm Oil 25L,Food,65839.29,71385.2,86222.32,80
ITEM03233,Sneakers,Fashion,23193.43,27023.3,30647.4,361
ITEM03234,Rice 50kg,Food,91733.53,109910.74,136156.89,680
ITEM03235,Bluetooth Speaker,Electronics,15245.1,16936.79,21466.94,986
ITEM03236,Bluetooth Speaker,Electronics,19306.71,21925.01,27619.59,303
ITEM03237,Yam Tubers,Food,25845.57,29033.69,33945.28,271
ITEM03238,Cooking Gas Cylinder,Household,36764.37,41428.15,53552.22,672
ITEM03239,LED Bulb,Household,2810.55,3278.69,3685.48,918
ITEM03240,Rice 50kg,Food,79066.52,88982.14,106671.26,301
ITEM03241,Palm Oil 25L,Food,62886.48,75019.17,90842.17,839
ITEM03242,Palm Oil 25L,Food,61484.03,72228.92,87202.17,321
ITEM03243,LED Bulb,Household,2715.81,2942.09,3682.26,642
ITEM03244,Power Bank,Electronics,15107.62,17800.19,21750.43,217
ITEM03245,Ankara Fabric,Fashion,16337.28,19159.43,21370.93,269
ITEM03246,Plastic Chair,Fashion,9573.21,10932.41,12418.89,983
ITEM03247,Plastic Chair,Fashion,9954.36,11344.17,13686.15,395
ITEM03248,Beans 50kg,Food,79533.54,93870.51,116297.07,25
ITEM03249,Garri 25kg,Food,35358.45,39989.5,48100.76,774
ITEM03250,Yam Tubers,Food,28505.6,31331.52,36692.39,135
ITEM03251,Tomato Basket,Food,16359.76,18282.81,20298.07,119
ITEM03252,Ankara Fabric,Fashion,14953.38,16625.54,20901.23,837
ITEM03253,Garri 25kg,Food,33414.96,38819.06,46561.09,355
ITEM03254,Yam Tubers,Food,26896.64,29625.71,35780.68,146
ITEM03255,Vegetable Oil 5L,Food,21456.43,24833.09,29645.53,975
ITEM03256,Palm Oil 25L,Food,60937.95,69220.4,79815.9,287
ITEM03257,Garri 25kg,Food,27678.69,32681.87,37756.53,636
ITEM03258,Palm Oil 25L,Food,58879.81,67016.99,74569.81,270
ITEM03259,Bluetooth Speaker,Electronics,15672.4,18674.86,23185.21,585
ITEM03260,Yam Tubers,Food,21648.71,25719.88,29690.38,700
ITEM03261,Phone Charger,Electronics,4195.23,4624.13,5362.65,760
ITEM03262,Power Bank,Electronics,15164.12,17625.86,22890.7,417
ITEM03263,Ankara Fabric,Fashion,16637.6,18397.11,21656.39,619
ITEM03264,Table Fan,Household,30497.77,35950.67,43217.72,842
ITEM03265,Power Bank,Electronics,13378.46,15469.34,18211.97,841
ITEM03266,School Bag,Electronics,10226.87,11405.97,13208.55,749
ITEM03267,Ankara Fabric,Fashion,14841.59,16472.61,18139.14,405
ITEM03268,Sneakers,Fashion,22767.63,25762.69,32743.8,535
ITEM03269,Garri 25kg,Food,29619.5,34835.1,41615.09,967
ITEM03270,Cooking Gas Cylinder,Household,37585.87,44183.67,54963.52,256
ITEM03271,Garri 25kg,Food,33802.25,36641.81,47331.38,695
ITEM03272,Phone Charger,Electronics,5341.22,5962.26,6561.87,794
ITEM03273,Sneakers,Fashion,20302.49,22956.88,28351.92,486
ITEM03274,Yam Tubers,Food,25202.67,28989.87,32576.73,867
ITEM03275,Vegetable Oil 5L,Food,22467.32,24667.84,29394.03,433
ITEM03276,LED Bulb,Household,2153.17,2412.05,3061.75,837
ITEM03277,Beans 50kg,Food,74364.33,88216.3,98299.35,647
ITEM03278,Vegetable Oil 5L,Food,24860.01,28270.45,36692.86,61
ITEM03279,Cooking Gas Cylinder,Household,37351.24,43674.7,53115.73,825
ITEM03280,Ankara Fabric,Fashion,13582.45,15459.18,18226.35,700
ITEM03281,Beans 50kg,Food,80406.05,91325.02,100813.88,230
ITEM03282,Ankara Fabric,Fashion,17798.72,20550.96,25018.01,706
ITEM03283,Cooking Gas Cylinder,Household,34632.5,38480.99,46137.87,516
ITEM03284,Beans 50kg,Food,77687.23,86230.98,98567.48,943
ITEM03285,Phone Charger,Electronics,4430.74,5311.23,6363.32,311
ITEM03286,Phone Charger,Electronics,5142.1,6089.68,6714.22,270
ITEM03287,Garri 25kg,Food,34526.8,40345.62,52445.09,67
ITEM03288,Palm Oil 25L,Food,64569.59,70797.8,82580.18,788
ITEM03289,Garri 25kg,Food,33899.5,36734.41,43935.99,985
ITEM03290,Palm Oil 25L,Food,58345.57,64241.36,80748.54,692
ITEM03291,Yam Tubers,Food,27399.92,32675.17,40600.72,375
ITEM03292,Phone Charger,Electronics,5074.61,5977.67,7637.74,879
ITEM03293,Vegetable Oil 5L,Food,21798.52,24910.67,32091.55,260
ITEM03294,Vegetable Oil 5L,Food,21664.26,25915.95,29488.08,696
ITEM03295,Palm Oil 25L,Food,63813.02,70040.53,82513.34,601
ITEM03296,Plastic Chair,Fashion,11414.03,13093.01,16200.82,853
ITEM03297,Palm Oil 25L,Food,59342.96,65395.15,72523.54,972
ITEM03298,LED Bulb,Household,2805.45,3133.04,3895.59,365
ITEM03299,Bluetooth Speaker,Electronics,17813.91,21248.72,23394.35,104
ITEM03300,Plastic Chair,Fashion,10657.28,12620.29,16189.53,166
ITEM03301,School Bag,Electronics,10228.89,11172.15,13894.07,741
ITEM03302,Vegetable Oil 5L,Food,25273.55,28052.25,34030.18,369
ITEM03303,School Bag,Electronics,11319.87,13033.03,15454.3,148
ITEM03304,Vegetable Oil 5L,Food,24973.0,27154.7,35236.07,816
ITEM03305,Garri 25kg,Food,31081.48,35619.69,44428.52,652
ITEM03306,Vegetable Oil 5L,Food,26167.72,30096.51,37965.51,140
ITEM03307,Vegetable Oil 5L,Food,26008.69,28997.51,36684.08,716
ITEM03308,Garri 25kg,Food,34072.23,37996.49,41962.37,641
ITEM03309,Rice 50kg,Food,71238.77,78896.2,87648.69,984
ITEM03310,Cooking Gas Cylinder,Household,37677.0,44921.57,51195.91,987
ITEM03311,Power Bank,Electronics,13555.73,15272.76,18801.43,975
ITEM03312,Yam Tubers,Food,21810.2,25086.79,30726.05,896
ITEM03313,LED Bulb,Household,2634.26,2940.33,3425.58,795
ITEM03314,Palm Oil 25L,Food,62832.76,73157.42,94709.58,674
ITEM03315,Yam Tubers,Food,25177.2,27497.86,30759.69,549
ITEM03316,Table Fan,Household,29379.77,31982.73,40149.33,794
ITEM03317,School Bag,Electronics,9870.78,11542.04,13806.31,966
ITEM03318,Yam Tubers,Food,22764.3,26570.5,31453.28,125
ITEM03319,Vegetable Oil 5L,Food,23402.89,26019.34,28754.31,145
ITEM03320,Rice 50kg,Food,79787.24,89569.61,111564.31,503
ITEM03321,Beans 50kg,Food,74114.61,88557.41,111078.9,300
ITEM03322,Garri 25kg,Food,34213.34,37378.74,43501.06,536
ITEM03323,Plastic Chair,Fashion,11729.03,12925.13,15554.0,318
ITEM03324,School Bag,Electronics,9473.06,10719.76,13091.92,784
ITEM03325,Phone Charger,Electronics,4607.35,5131.91,6022.44,899
ITEM03326,Plastic Chair,Fashion,9872.77,11431.49,13982.04,289
ITEM03327,Garri 25kg,Food,32736.54,38068.41,45180.55,774
ITEM03328,Palm Oil 25L,Food,54542.64,62351.33,79536.22,115
ITEM03329,Yam Tubers,Food,25190.4,29053.19,36133.53,798
ITEM03330,LED Bulb,Household,2718.87,3077.79,3453.59,701
ITEM03331,School Bag,Electronics,11038.46,12928.76,16289.21,713
ITEM03332,Table Fan,Household,25366.83,27524.32,32134.68,497
ITEM03333,Vegetable Oil 5L,Food,23271.57,26007.07,33474.06,115
ITEM03334,Table Fan,Household,28242.25,32821.21,40064.01,843
ITEM03335,Beans 50kg,Food,71038.82,79532.04,87923.91,118
ITEM03336,Palm Oil 25L,Food,51856.16,56493.36,70440.02,486
ITEM03337,Power Bank,Electronics,15014.67,16837.47,18961.46,182
ITEM03338,Rice 50kg,Food,82310.29,95922.71,122344.96,847
ITEM03339,Table Fan,Household,26784.22,29319.03,37811.76,578
ITEM03340,Table Fan,Household,24557.36,28657.35,35507.92,512
ITEM03341,Bluetooth Speaker,Electronics,16372.67,19206.04,23173.51,324
ITEM03342,Tomato Basket,Food,18047.1,20866.71,25466.0,784
ITEM03343,Beans 50kg,Food,65185.45,72310.75,85743.99,217
ITEM03344,School Bag,Electronics,10712.33,12604.51,14075.66,723
ITEM03345,Bluetooth Speaker,Electronics,16807.6,18584.72,23895.66,969
ITEM03346,Ankara Fabric,Fashion,17309.77,20576.1,23988.38,273
ITEM03347,School Bag,Electronics,11890.23,13849.71,16101.26,689
ITEM03348,Garri 25kg,Food,28391.1,30848.82,35114.13,316
ITEM03349,Garri 25kg,Food,27280.98,32080.1,41655.42,930
ITEM03350,Plastic Chair,Fashion,11941.61,13622.66,17552.97,900
ITEM03351,Garri 25kg,Food,35602.21,40384.22,47244.96,320
ITEM03352,LED Bulb,Household,2772.7,3134.43,3610.87,238
ITEM03353,Beans 50kg,Food,59997.65,69165.02,87222.2,91
ITEM03354,Ankara Fabric,Fashion,14343.38,16737.99,19826.52,700
ITEM03355,Cooking Gas Cylinder,Household,30205.09,35869.07,46398.71,920
ITEM03356,Phone Charger,Electronics,5261.92,5855.22,7496.11,153
ITEM03357,Rice 50kg,Food,84002.61,97081.24,121535.06,817
ITEM03358,Table Fan,Household,27111.12,31512.91,35230.96,757
ITEM03359,Palm Oil 25L,Food,59963.76,69616.47,86354.05,477
ITEM03360,Power Bank,Electronics,12497.43,14236.57,18471.25,231
ITEM03361,Cooking Gas Cylinder,Household,36067.2,40644.95,47743.94,656
ITEM03362,Ankara Fabric,Fashion,13317.6,15601.38,19912.25,598
ITEM03363,Rice 50kg,Food,85591.89,95520.65,112869.91,813
ITEM03364,Plastic Chair,Fashion,11773.63,13009.47,16837.7,568
ITEM03365,Garri 25kg,Food,32609.14,37353.76,45971.95,58
ITEM03366,Ankara Fabric,Fashion,14719.35,16369.58,18322.47,211
ITEM03367,School Bag,Electronics,11527.73,12495.92,14942.73,386
ITEM03368,Vegetable Oil 5L,Food,26084.25,28332.43,31447.46,496
ITEM03369,Phone Charger,Electronics,4264.75,4961.61,5849.82,356
ITEM03370,Garri 25kg,Food,28164.84,33707.05,43248.71,880
ITEM03371,Cooking Gas Cylinder,Household,36439.64,41343.05,47397.35,288
ITEM03372,Vegetable Oil 5L,Food,22952.21,25193.43,32502.39,683
ITEM03373,Tomato Basket,Food,16830.77,19829.51,22208.74,367
ITEM03374,Power Bank,Electronics,12102.62,13450.52,16583.99,992
ITEM03375,Sneakers,Fashion,19793.07,23741.3,30700.76,916
ITEM03376,Power Bank,Electronics,13410.05,15389.27,18941.58,786
ITEM03377,Power Bank,Electronics,13934.91,15438.71,19758.47,767
ITEM03378,Bluetooth Speaker,Electronics,15349.65,17491.24,22707.24,647
ITEM03379,Table Fan,Household,28721.22,32174.83,39522.55,591
ITEM03380,Yam Tubers,Food,23357.59,27410.99,34440.62,567
ITEM03381,Table Fan,Household,25473.62,27834.97,30796.53,36
ITEM03382,Plastic Chair,Fashion,10087.55,11931.96,14144.88,938
ITEM03383,Cooking Gas Cylinder,Household,37994.66,44532.8,51553.54,981
ITEM03384,LED Bulb,Household,2844.86,3366.5,4258.08,531
ITEM03385,Plastic Chair,Fashion,10975.25,13032.0,16101.24,871
ITEM03386,Vegetable Oil 5L,Food,21133.93,23407.37,28624.47,408
ITEM03387,Plastic Chair,Fashion,10209.88,11665.0,15004.82,121
ITEM03388,Ankara Fabric,Fashion,13909.93,16441.41,18377.78,836
ITEM03389,Vegetable Oil 5L,Food,27019.3,30404.46,39245.11,514
ITEM03390,Sneakers,Fashion,19260.04,20940.45,23456.51,940
ITEM03391,Vegetable Oil 5L,Food,27928.6,31140.28,36415.55,221
ITEM03392,Power Bank,Electronics,13858.48,15369.48,18843.82,484
ITEM03393,Plastic Chair,Fashion,11058.54,13097.82,15302.12,670
ITEM03394,Palm Oil 25L,Food,65148.11,73986.2,91484.47,145
ITEM03395,Tomato Basket,Food,16307.02,18949.17,23782.8,996
ITEM03396,Plastic Chair,Fashion,11914.6,14243.36,18027.84,612
ITEM03397,Phone Charger,Electronics,4247.91,4740.25,5384.31,180
ITEM03398,Cooking Gas Cylinder,Household,38578.17,45188.31,51352.68,743
ITEM03399,Rice 50kg,Food,82717.73,89561.11,99454.29,879
ITEM03400,Ankara Fabric,Fashion,13459.25,14704.15,17618.08,379
ITEM03401,Plastic Chair,Fashion,12099.71,13302.71,14998.89,613
ITEM03402,LED Bulb,Household,2145.49,2397.56,2790.09,750
ITEM03403,Garri 25kg,Food,27636.85,31184.27,39544.36,154
ITEM03404,Cooking Gas Cylinder,Household,38127.16,43359.8,55922.51,535
ITEM03405,Yam Tubers,Food,24736.53,27443.69,34700.22,563
ITEM03406,Tomato Basket,Food,21173.92,23036.07,25342.67,308
ITEM03407,Yam Tubers,Food,26015.72,30212.13,36665.58,306
ITEM03408,School Bag,Electronics,10889.12,11791.16,13363.3,633
ITEM03409,Sneakers,Fashion,20628.75,24282.86,28535.98,754
ITEM03410,Power Bank,Electronics,12016.41,14317.53,16974.63,395
ITEM03411,Beans 50kg,Food,79684.62,92852.05,119648.05,155
ITEM03412,Cooking Gas Cylinder,Household,30850.38,35524.68,43579.82,788
ITEM03413,Palm Oil 25L,Food,59513.49,68966.74,79555.28,181
ITEM03414,Beans 50kg,Food,65223.94,75546.71,92813.59,13
ITEM03415,School Bag,Electronics,9757.04,11628.49,15005.09,329
ITEM03416,Phone Charger,Electronics,4936.2,5902.3,6562.37,819
ITEM03417,School Bag,Electronics,11438.49,12939.28,16344.87,759
ITEM03418,Table Fan,Household,29245.15,33750.36,38589.46,313
ITEM03419,Beans 50kg,Food,77744.84,91454.11,103400.0,524
ITEM03420,Vegetable Oil 5L,Food,22977.84,24818.92,31762.6,960
ITEM03421,Power Bank,Electronics,13361.29,15275.19,16808.36,721
ITEM03422,Plastic Chair,Fashion,9380.8,10866.21,13563.39,761
ITEM03423,School Bag,Electronics,11277.6,13150.41,14694.87,96
ITEM03424,Yam Tubers,Food,23517.57,26439.74,32351.64,248
ITEM03425,School Bag,Electronics,10693.7,11928.59,14602.73,112
ITEM03426,Cooking Gas Cylinder,Household,31527.65,34738.97,44207.26,979
ITEM03427,Power Bank,Electronics,14793.57,16967.3,21455.52,348
ITEM03428,LED Bulb,Household,2737.95,3259.03,4031.53,504
ITEM03429,Plastic Chair,Fashion,12245.59,14541.86,17102.82,556
ITEM03430,Tomato Basket,Food,16411.84,18433.71,20890.58,527
ITEM03431,Vegetable Oil 5L,Food,28119.57,31239.23,38334.8,61
ITEM03432,Plastic Chair,Fashion,10167.67,11943.51,14324.97,910
ITEM03433,Palm Oil 25L,Food,55626.98,64916.55,72420.15,386
ITEM03434,Tomato Basket,Food,17571.21,20042.44,25877.05,919
ITEM03435,Vegetable Oil 5L,Food,22791.37,25678.66,29861.3,767
ITEM03436,School Bag,Electronics,10665.88,11677.6,12850.36,699
ITEM03437,Tomato Basket,Food,17516.92,20568.66,26334.84,705
ITEM03438,Sneakers,Fashion,21298.89,24580.96,29875.95,978
ITEM03439,LED Bulb,Household,2616.7,2944.38,3670.5,310
ITEM03440,Table Fan,Household,29721.81,35376.52,39994.33,335
ITEM03441,Cooking Gas Cylinder,Household,37023.79,42916.52,50681.02,673
ITEM03442,Rice 50kg,Food,84320.34,100468.42,123476.92,240
ITEM03443,Phone Charger,Electronics,4292.73,4880.53,5613.55,805
ITEM03444,Palm Oil 25L,Food,64595.25,73286.8,90897.61,38
ITEM03445,LED Bulb,Household,2152.96,2567.33,2944.02,898
ITEM03446,Ankara Fabric,Fashion,14403.49,17214.69,19656.18,352
ITEM03447,Tomato Basket,Food,16475.24,19692.72,21707.77,14
ITEM03448,Bluetooth Speaker,Electronics,17853.89,21036.66,24326.4,606
ITEM03449,School Bag,Electronics,10085.37,11451.82,13162.12,282
ITEM03450,Power Bank,Electronics,14115.8,15601.29,19546.4,312
ITEM03451,Power Bank,Electronics,12880.48,14503.58,17606.51,486
ITEM03452,Rice 50kg,Food,80911.22,96494.38,109575.63,583
ITEM03453,Phone Charger,Electronics,4739.46,5325.39,6463.03,144
ITEM03454,Tomato Basket,Food,16409.81,19212.71,22000.25,57
ITEM03455,Plastic Chair,Fashion,10769.75,12824.19,15197.95,466
ITEM03456,Table Fan,Household,28142.62,33671.16,43019.67,360
ITEM03457,Ankara Fabric,Fashion,15714.14,18758.3,23332.54,586
ITEM03458,Rice 50kg,Food,71551.98,82042.0,100929.7,750
ITEM03459,Table Fan,Household,28361.25,32304.19,37353.23,618
ITEM03460,Yam Tubers,Food,23566.47,28244.81,31773.05,113
ITEM03461,Phone Charger,Electronics,4100.79,4536.21,5672.94,996
ITEM03462,Cooking Gas Cylinder,Household,31383.75,34600.7,41990.65,717
ITEM03463,Table Fan,Household,26980.23,32257.08,39500.47,58
ITEM03464,Rice 50kg,Food,77335.88,89918.69,116446.74,765
ITEM03465,Yam Tubers,Food,26457.87,30277.24,35414.2,881
ITEM03466,Ankara Fabric,Fashion,14294.04,15664.06,19739.06,573
ITEM03467,Bluetooth Speaker,Electronics,18391.26,20995.26,25441.87,834
ITEM03468,Vegetable Oil 5L,Food,22930.61,27363.24,31387.06,887
ITEM03469,Power Bank,Electronics,13989.5,16120.76,17903.35,964
ITEM03470,Table Fan,Household,29423.65,33206.22,40617.92,955
ITEM03471,Palm Oil 25L,Food,56974.34,65300.14,75717.03,201
ITEM03472,Ankara Fabric,Fashion,13392.64,15888.19,19686.99,44
ITEM03473,Ankara Fabric,Fashion,15664.82,18633.96,23108.82,655
ITEM03474,LED Bulb,Household,2871.56,3239.15,3858.12,682
ITEM03475,Tomato Basket,Food,21673.25,24988.55,30168.17,573
ITEM03476,Palm Oil 25L,Food,54062.09,60198.37,73761.63,244
ITEM03477,Bluetooth Speaker,Electronics,18304.05,20759.18,24780.67,949
ITEM03478,Bluetooth Speaker,Electronics,16209.25,17933.69,22873.96,414
ITEM03479,Yam Tubers,Food,22452.04,25680.12,28638.14,744
ITEM03480,Plastic Chair,Fashion,11547.52,13272.59,17200.79,626
ITEM03481,Plastic Chair,Fashion,11002.87,12329.16,13644.56,896
ITEM03482,Vegetable Oil 5L,Food,24788.34,27580.86,31486.84,715
ITEM03483,Plastic Chair,Fashion,12080.4,13265.76,16471.59,638
ITEM03484,Palm Oil 25L,Food,56106.82,61534.89,68733.98,841
ITEM03485,Yam Tubers,Food,26253.21,30594.84,35258.56,63
ITEM03486,Rice 50kg,Food,78708.31,87098.35,98490.4,708
ITEM03487,Tomato Basket,Food,16393.53,17937.1,22326.56,590
ITEM03488,Cooking Gas Cylinder,Household,33719.16,40458.42,49188.81,779
ITEM03489,Phone Charger,Electronics,5448.05,6053.82,6737.27,231
ITEM03490,Ankara Fabric,Fashion,15422.17,18314.23,21831.05,603
ITEM03491,Beans 50kg,Food,61772.84,71230.4,81323.79,291
ITEM03492,School Bag,Electronics,11091.65,12930.74,16726.43,125
ITEM03493,Yam Tubers,Food,28475.35,32670.06,36642.2,579
ITEM03494,Ankara Fabric,Fashion,17396.95,19166.17,23375.27,31
ITEM03495,LED Bulb,Household,2553.97,3017.89,3610.51,102
ITEM03496,Bluetooth Speaker,Electronics,16369.03,19304.93,23467.4,534
ITEM03497,Beans 50kg,Food,71694.23,80438.22,103869.76,899
ITEM03498,Power Bank,Electronics,14779.52,17316.6,20230.23,718
ITEM03499,Garri 25kg,Food,34359.51,39347.3,49174.42,25
ITEM03500,Phone Charger,Electronics,5259.14,6253.56,7438.57,117
ITEM03501,Beans 50kg,Food,69065.0,81243.85,100104.8,436
ITEM03502,School Bag,Electronics,9299.4,10089.1,11835.84,435
ITEM03503,Tomato Basket,Food,19394.29,22992.18,26335.81,49
ITEM03504,Palm Oil 25L,Food,52918.79,63302.94,70691.86,263
ITEM03505,Rice 50kg,Food,71199.58,83236.49,93254.02,135
ITEM03506,LED Bulb,Household,2499.0,2734.88,3533.15,571
ITEM03507,Table Fan,Household,28258.52,33257.04,41827.09,661
ITEM03508,Plastic Chair,Fashion,12168.69,14087.67,16186.62,396
ITEM03509,Rice 50kg,Food,88957.75,99691.32,120210.73,575
ITEM03510,Tomato Basket,Food,21036.27,24950.78,31009.99,209
ITEM03511,Cooking Gas Cylinder,Household,37730.72,43309.89,50694.55,853
ITEM03512,Bluetooth Speaker,Electronics,18036.52,21325.5,25334.65,14
ITEM03513,Garri 25kg,Food,26444.28,30686.3,38163.83,509
ITEM03514,Garri 25kg,Food,32172.75,35860.45,41077.82,328
ITEM03515,Vegetable Oil 5L,Food,21710.54,25987.57,31322.01,456
ITEM03516,Cooking Gas Cylinder,Household,30366.0,34875.98,39828.99,521
ITEM03517,Garri 25kg,Food,27804.63,31753.19,34948.05,649
ITEM03518,LED Bulb,Household,2742.47,3094.66,3831.35,929
ITEM03519,Sneakers,Fashion,23609.41,25884.44,32134.31,565
ITEM03520,LED Bulb,Household,2836.58,3297.09,4283.39,235
ITEM03521,Table Fan,Household,30879.71,34946.44,39706.25,528
ITEM03522,Tomato Basket,Food,21241.72,25323.39,31601.46,517
ITEM03523,Table Fan,Household,24026.7,28731.41,37051.84,866
ITEM03524,Garri 25kg,Food,34518.96,40460.26,49722.26,570
ITEM03525,Vegetable Oil 5L,Food,26988.98,29933.46,38692.84,869
ITEM03526,Palm Oil 25L,Food,65568.22,76447.14,99296.29,652
ITEM03527,Garri 25kg,Food,27760.68,30049.56,37872.21,576
ITEM03528,Beans 50kg,Food,61952.63,73052.56,94957.9,335
ITEM03529,Palm Oil 25L,Food,66501.42,75760.69,92819.34,263
ITEM03530,Garri 25kg,Food,27966.59,33347.6,39997.49,108
ITEM03531,Yam Tubers,Food,24014.66,27024.45,34686.62,552
ITEM03532,Beans 50kg,Food,69075.68,76783.2,97222.21,922
ITEM03533,Beans 50kg,Food,62113.29,74499.1,83589.66,22
ITEM03534,Cooking Gas Cylinder,Household,29966.66,34272.31,39774.54,953
ITEM03535,Beans 50kg,Food,80375.9,95131.46,109603.72,860
ITEM03536,Beans 50kg,Food,77909.8,92660.22,117775.99,443
ITEM03537,Rice 50kg,Food,92143.51,105247.82,120682.31,320
ITEM03538,Garri 25kg,Food,28996.44,32901.84,38192.75,584
ITEM03539,Power Bank,Electronics,12366.41,14176.19,17064.7,856
ITEM03540,Table Fan,Household,26399.52,31197.07,34791.72,38
ITEM03541,Ankara Fabric,Fashion,15282.94,18274.71,23615.42,454
ITEM03542,Bluetooth Speaker,Electronics,14478.56,16207.28,19419.76,56
ITEM03543,Beans 50kg,Food,75864.32,88657.74,100900.2,647
ITEM03544,Plastic Chair,Fashion,12639.0,14082.94,16254.03,85
ITEM03545,Rice 50kg,Food,82705.8,95385.78,120149.53,323
ITEM03546,School Bag,Electronics,10148.01,11939.9,14647.88,741
ITEM03547,Yam Tubers,Food,24195.64,28705.18,34243.14,754
ITEM03548,Table Fan,Household,23728.22,26904.15,31378.86,234
ITEM03549,Tomato Basket,Food,17667.12,19864.39,25429.14,517
ITEM03550,School Bag,Electronics,10506.72,11666.81,14636.16,192
ITEM03551,Phone Charger,Electronics,4701.86,5153.29,6408.74,595
ITEM03552,Power Bank,Electronics,13682.39,15376.14,18285.3,18
ITEM03553,LED Bulb,Household,2761.8,3271.73,4240.92,815
ITEM03554,Ankara Fabric,Fashion,14222.38,16074.94,19965.31,32
ITEM03555,Phone Charger,Electronics,4119.84,4606.29,5457.18,612
ITEM03556,Phone Charger,Electronics,4135.04,4832.61,6244.27,411
ITEM03557,Sneakers,Fashion,19585.51,21659.04,27705.05,231
ITEM03558,Tomato Basket,Food,19401.75,21550.58,26894.98,546
ITEM03559,Garri 25kg,Food,33866.12,40378.88,50610.86,150
ITEM03560,Phone Charger,Electronics,5357.0,5838.01,6916.44,583
ITEM03561,Beans 50kg,Food,72837.38,82288.45,98867.11,648
ITEM03562,Garri 25kg,Food,30099.23,34590.34,39374.51,463
ITEM03563,Phone Charger,Electronics,4302.5,4765.58,5809.63,368
ITEM03564,Plastic Chair,Fashion,10674.68,11888.62,13957.04,464
ITEM03565,Plastic Chair,Fashion,10446.97,11560.84,13520.26,957
ITEM03566,Vegetable Oil 5L,Food,27219.69,30524.77,39366.13,755
ITEM03567,Phone Charger,Electronics,4780.88,5678.82,6433.86,15
ITEM03568,Garri 25kg,Food,28453.62,32203.54,40769.51,296
ITEM03569,Ankara Fabric,Fashion,14517.92,16407.28,18971.63,34
ITEM03570,Vegetable Oil 5L,Food,21828.06,24586.9,27186.5,245
ITEM03571,Plastic Chair,Fashion,12381.33,14804.28,16404.52,780
ITEM03572,Table Fan,Household,23357.8,25555.21,30304.27,855
ITEM03573,Sneakers,Fashion,18784.79,22252.93,26500.84,462
ITEM03574,Tomato Basket,Food,17193.04,19243.47,22400.36,692
ITEM03575,Cooking Gas Cylinder,Household,38264.18,45717.33,56404.02,376
ITEM03576,Sneakers,Fashion,22154.88,24765.33,29645.8,482
ITEM03577,School Bag,Electronics,10896.41,11876.48,13240.17,830
ITEM03578,Table Fan,Household,25847.63,29528.46,34536.91,282
ITEM03579,Table Fan,Household,23506.29,26029.55,29163.31,325
ITEM03580,Beans 50kg,Food,77479.32,90678.6,100887.49,145
ITEM03581,Table Fan,Household,24504.34,28397.51,32420.34,226
ITEM03582,Plastic Chair,Fashion,9459.1,10995.03,13635.1,47
ITEM03583,Palm Oil 25L,Food,60286.86,66509.6,82418.71,817
ITEM03584,Tomato Basket,Food,16624.75,19368.42,24642.02,853
ITEM03585,Ankara Fabric,Fashion,13620.29,15218.77,19043.0,427
ITEM03586,Palm Oil 25L,Food,64316.67,77169.77,93151.57,597
ITEM03587,Phone Charger,Electronics,4787.92,5591.39,6500.11,256
ITEM03588,Sneakers,Fashion,20293.96,23355.29,25717.96,55
ITEM03589,Sneakers,Fashion,21000.93,24866.24,30571.24,520
ITEM03590,LED Bulb,Household,2671.93,3074.64,3560.25,167
ITEM03591,Beans 50kg,Food,60893.44,69803.97,80275.97,849
ITEM03592,Tomato Basket,Food,16813.94,18637.88,24135.4,286
ITEM03593,Cooking Gas Cylinder,Household,36220.75,42065.82,47738.31,740
ITEM03594,Bluetooth Speaker,Electronics,17545.56,19738.0,21839.84,270
ITEM03595,Vegetable Oil 5L,Food,27972.6,30355.02,39154.28,135
ITEM03596,Vegetable Oil 5L,Food,23577.94,27773.1,32250.16,552
ITEM03597,Tomato Basket,Food,16520.94,17945.46,21152.02,191
ITEM03598,Bluetooth Speaker,Electronics,17191.44,19953.69,22272.05,405
ITEM03599,Vegetable Oil 5L,Food,25516.85,28038.08,33107.73,300
ITEM03600,School Bag,Electronics,9364.75,10600.04,13721.16,883
ITEM03601,Phone Charger,Electronics,4876.12,5768.9,7146.53,508
ITEM03602,School Bag,Electronics,9547.97,10419.99,12449.43,722
ITEM03603,Garri 25kg,Food,34205.99,39680.93,46089.18,592
ITEM03604,School Bag,Electronics,11555.76,13329.73,15638.56,911
ITEM03605,LED Bulb,Household,2447.22,2897.76,3541.78,445
ITEM03606,Garri 25kg,Food,35340.71,38900.52,44770.22,864
ITEM03607,Tomato Basket,Food,21734.71,25559.47,28892.15,899
ITEM03608,Sneakers,Fashion,19553.06,22173.45,27478.35,922
ITEM03609,School Bag,Electronics,10083.3,11408.62,14533.37,698
ITEM03610,Sneakers,Fashion,22662.12,25458.95,32595.29,980
ITEM03611,Bluetooth Speaker,Electronics,14882.67,16761.89,21258.83,747
ITEM03612,Sneakers,Fashion,21225.53,24247.94,29245.92,318
ITEM03613,School Bag,Electronics,9747.69,10652.43,13398.27,165
ITEM03614,Beans 50kg,Food,79493.05,89907.27,115555.22,217
ITEM03615,Ankara Fabric,Fashion,15088.87,17476.5,19305.81,578
ITEM03616,Phone Charger,Electronics,5178.25,5902.08,6978.73,173
ITEM03617,Rice 50kg,Food,79212.95,87126.29,99395.86,245
ITEM03618,Yam Tubers,Food,22238.59,24986.53,32466.34,631
ITEM03619,Phone Charger,Electronics,5322.94,6031.72,7756.26,339
ITEM03620,Beans 50kg,Food,59508.76,69045.92,87028.05,684
ITEM03621,Cooking Gas Cylinder,Household,30337.38,36043.6,41780.87,997
ITEM03622,Palm Oil 25L,Food,56599.6,64865.7,83704.02,96
ITEM03623,Tomato Basket,Food,20065.32,23299.13,25765.35,644
ITEM03624,Phone Charger,Electronics,4572.05,4980.17,5665.48,822
ITEM03625,Table Fan,Household,23487.13,28056.23,34323.28,148
ITEM03626,Ankara Fabric,Fashion,14652.96,16379.44,20615.19,785
ITEM03627,Plastic Chair,Fashion,10158.44,11403.0,14558.51,512
ITEM03628,Vegetable Oil 5L,Food,20864.84,23091.97,26789.04,632
ITEM03629,Table Fan,Household,27281.9,29741.64,35040.44,61
ITEM03630,Table Fan,Household,23894.83,28071.78,33432.52,441
ITEM03631,Phone Charger,Electronics,4493.99,4983.21,5508.41,373
ITEM03632,Bluetooth Speaker,Electronics,17720.07,19738.78,25123.4,162
ITEM03633,Rice 50kg,Food,87537.85,96450.56,112614.68,765
ITEM03634,Ankara Fabric,Fashion,14400.07,17236.68,19647.33,510
ITEM03635,Cooking Gas Cylinder,Household,33206.53,38975.31,46062.56,879
ITEM03636,Power Bank,Electronics,12474.98,14865.04,18464.05,167
ITEM03637,Bluetooth Speaker,Electronics,19330.13,22875.41,29147.46,733
ITEM03638,Power Bank,Electronics,12246.6,14558.22,16641.14,608
ITEM03639,Beans 50kg,Food,63346.79,72055.97,81749.12,654
ITEM03640,School Bag,Electronics,10326.86,11364.35,14645.88,316
ITEM03641,Ankara Fabric,Fashion,14055.27,15731.02,19037.35,693
ITEM03642,LED Bulb,Household,2242.53,2500.63,2933.63,254
ITEM03643,LED Bulb,Household,2196.91,2561.72,2920.01,764
ITEM03644,Power Bank,Electronics,14067.69,15236.45,19792.9,446
ITEM03645,Cooking Gas Cylinder,Household,36176.86,39687.65,49364.96,484
ITEM03646,Power Bank,Electronics,14108.16,16392.92,18746.57,584
ITEM03647,School Bag,Electronics,11360.9,12438.06,13908.88,93
ITEM03648,School Bag,Electronics,9953.03,10806.95,12318.37,373
ITEM03649,Cooking Gas Cylinder,Household,39393.45,43061.21,49500.95,211
ITEM03650,Ankara Fabric,Fashion,16584.4,19285.68,21642.72,963
ITEM03651,Garri 25kg,Food,33833.79,37106.16,42521.07,427
ITEM03652,Beans 50kg,Food,74640.21,81921.84,92027.39,15
ITEM03653,Yam Tubers,Food,23938.42,26515.05,31169.67,35
ITEM03654,Power Bank,Electronics,12621.28,14768.28,17681.16,913
ITEM03655,Sneakers,Fashion,21488.61,23724.34,28257.04,165
ITEM03656,Power Bank,Electronics,11867.97,12867.79,16288.59,10
ITEM03657,Power Bank,Electronics,13302.69,15812.95,18197.53,220
ITEM03658,LED Bulb,Household,2157.36,2556.81,3266.11,224
ITEM03659,Tomato Basket,Food,16172.49,17824.97,22844.92,89
ITEM03660,Power Bank,Electronics,15247.57,16952.88,21902.44,996
ITEM03661,Bluetooth Speaker,Electronics,17965.62,19809.37,22507.34,68
ITEM03662,Phone Charger,Electronics,4889.06,5702.33,6552.83,730
ITEM03663,Cooking Gas Cylinder,Household,33331.57,36998.08,45314.01,838
ITEM03664,Cooking Gas Cylinder,Household,35740.65,42594.78,48054.5,648
ITEM03665,Power Bank,Electronics,15085.88,17791.04,19874.8,141
ITEM03666,Phone Charger,Electronics,5019.43,5775.39,6438.06,728
ITEM03667,School Bag,Electronics,10822.82,11700.25,14288.7,336
ITEM03668,Palm Oil 25L,Food,58295.62,69140.96,87182.29,414
ITEM03669,Phone Charger,Electronics,4577.8,5343.81,6154.88,258
ITEM03670,Palm Oil 25L,Food,62514.28,73426.08,94477.84,786
ITEM03671,Garri 25kg,Food,35473.12,38616.72,48594.78,584
ITEM03672,Beans 50kg,Food,68419.91,79711.06,88917.06,163
ITEM03673,Bluetooth Speaker,Electronics,16450.25,19354.55,22866.64,413
ITEM03674,Rice 50kg,Food,80231.59,95860.4,106750.43,795
ITEM03675,School Bag,Electronics,10265.46,11801.76,15142.11,938
ITEM03676,Phone Charger,Electronics,5506.5,6282.72,7844.36,940
ITEM03677,Yam Tubers,Food,26550.84,30030.26,37156.71,143
ITEM03678,Plastic Chair,Fashion,10535.31,12264.73,15165.83,859
ITEM03679,Bluetooth Speaker,Electronics,16344.66,19458.3,22513.96,570
ITEM03680,Ankara Fabric,Fashion,15178.21,17484.85,22497.89,742
ITEM03681,Ankara Fabric,Fashion,13345.71,14777.36,18982.34,391
ITEM03682,Rice 50kg,Food,82684.28,89473.4,111653.65,654
ITEM03683,Palm Oil 25L,Food,64511.44,74465.14,88895.45,265
ITEM03684,Bluetooth Speaker,Electronics,17818.9,21093.15,23401.23,525
ITEM03685,Cooking Gas Cylinder,Household,31833.42,34632.12,38291.43,233
ITEM03686,Garri 25kg,Food,33120.72,37350.52,42117.45,401
ITEM03687,Beans 50kg,Food,74608.63,88993.59,108496.8,413
ITEM03688,LED Bulb,Household,2321.9,2647.44,3334.77,866
ITEM03689,Cooking Gas Cylinder,Household,36290.18,40154.33,51786.76,631
ITEM03690,Garri 25kg,Food,32031.83,35953.76,40810.13,650
ITEM03691,Yam Tubers,Food,27548.41,31101.51,35925.53,290
ITEM03692,School Bag,Electronics,9353.63,10233.57,11367.65,440
ITEM03693,Palm Oil 25L,Food,53598.64,62136.64,80641.52,478
ITEM03694,Tomato Basket,Food,18920.03,21778.08,27357.25,786
ITEM03695,Yam Tubers,Food,21581.09,24985.0,29885.63,193
ITEM03696,School Bag,Electronics,10234.12,11802.96,14341.93,63
ITEM03697,Tomato Basket,Food,20642.85,22335.58,27080.43,510
ITEM03698,Phone Charger,Electronics,4294.15,4727.58,5440.84,814
ITEM03699,Vegetable Oil 5L,Food,24205.62,26623.01,30272.44,736
ITEM03700,Ankara Fabric,Fashion,17777.43,19408.58,22502.21,812
ITEM03701,Garri 25kg,Food,31055.06,36280.29,41701.68,399
ITEM03702,Palm Oil 25L,Food,58970.33,64538.1,78188.27,236
ITEM03703,Vegetable Oil 5L,Food,24932.13,28925.84,33601.43,663
ITEM03704,LED Bulb,Household,2264.5,2494.14,3107.17,47
ITEM03705,Cooking Gas Cylinder,Household,31295.22,34243.14,41557.07,896
ITEM03706,Power Bank,Electronics,14218.29,15633.06,18860.54,716
ITEM03707,Garri 25kg,Food,30030.63,34265.2,44210.98,508
ITEM03708,Ankara Fabric,Fashion,14523.07,16809.84,19574.75,207
ITEM03709,Power Bank,Electronics,11602.14,13660.71,16762.43,257
ITEM03710,Table Fan,Household,29803.01,32647.03,35912.07,996
ITEM03711,Yam Tubers,Food,21492.47,24801.07,30936.47,24
ITEM03712,Cooking Gas Cylinder,Household,37624.82,44128.68,52976.87,19
ITEM03713,Plastic Chair,Fashion,10610.56,11857.18,13537.07,353
ITEM03714,Palm Oil 25L,Food,60746.77,66187.61,72826.37,237
ITEM03715,Ankara Fabric,Fashion,14326.7,15740.94,19540.63,679
ITEM03716,Vegetable Oil 5L,Food,21967.19,23965.92,29538.95,51
ITEM03717,Tomato Basket,Food,19190.31,22768.64,28075.59,787
ITEM03718,Vegetable Oil 5L,Food,25937.79,29185.31,34657.29,784
ITEM03719,Sneakers,Fashion,19990.26,22844.9,28050.33,237
ITEM03720,Vegetable Oil 5L,Food,24032.24,28171.61,34207.86,582
ITEM03721,School Bag,Electronics,10325.66,11612.03,13328.05,674
ITEM03722,Bluetooth Speaker,Electronics,15551.49,18006.96,21675.94,849
ITEM03723,Ankara Fabric,Fashion,15802.48,17212.09,20704.74,735
ITEM03724,Cooking Gas Cylinder,Household,31282.32,35590.17,45011.77,962
ITEM03725,Rice 50kg,Food,82239.83,89771.54,106531.69,124
ITEM03726,Cooking Gas Cylinder,Household,30941.03,34338.17,40766.87,614
ITEM03727,Beans 50kg,Food,69696.39,77725.48,100800.69,775
ITEM03728,Power Bank,Electronics,12736.98,14852.72,18995.03,239
ITEM03729,Tomato Basket,Food,18727.8,21740.97,24968.57,226
ITEM03730,School Bag,Electronics,10291.31,12037.23,15432.43,101
ITEM03731,Ankara Fabric,Fashion,17396.89,18917.56,21331.32,985
ITEM03732,Table Fan,Household,26918.48,32282.52,41020.69,867
ITEM03733,Yam Tubers,Food,27388.74,29758.7,33825.66,129
ITEM03734,LED Bulb,Household,2294.24,2705.11,3205.89,252
ITEM03735,Tomato Basket,Food,18156.87,21222.34,27520.8,463
ITEM03736,Palm Oil 25L,Food,51479.08,59253.01,66328.4,894
ITEM03737,Yam Tubers,Food,24405.61,27643.33,35050.56,827
ITEM03738,Power Bank,Electronics,14183.23,16606.52,19910.34,879
ITEM03739,Sneakers,Fashion,24231.9,28321.83,31782.71,830
ITEM03740,Table Fan,Household,27533.91,30189.87,38959.98,631
ITEM03741,Palm Oil 25L,Food,61479.29,72245.29,87405.69,298
ITEM03742,Tomato Basket,Food,17160.42,18695.02,23857.25,607
ITEM03743,LED Bulb,Household,2152.9,2454.45,3126.53,499
ITEM03744,Phone Charger,Electronics,5220.03,6041.72,6663.57,951
ITEM03745,Vegetable Oil 5L,Food,22052.73,25991.41,29967.26,453
ITEM03746,Cooking Gas Cylinder,Household,30707.28,34870.37,40707.12,758
ITEM03747,Phone Charger,Electronics,5430.09,6018.84,7264.57,181
ITEM03748,Cooking Gas Cylinder,Household,39866.97,45403.67,50596.63,686
ITEM03749,LED Bulb,Household,2587.19,2871.85,3382.44,459
ITEM03750,LED Bulb,Household,2408.98,2754.54,3478.78,441
ITEM03751,Bluetooth Speaker,Electronics,18699.52,21233.33,24092.14,757
ITEM03752,Plastic Chair,Fashion,10025.58,11766.62,14593.62,489
ITEM03753,Cooking Gas Cylinder,Household,34258.62,37986.33,45282.21,68
ITEM03754,Vegetable Oil 5L,Food,23449.08,25887.74,28842.59,395
ITEM03755,Rice 50kg,Food,92152.42,104768.29,118961.76,963
ITEM03756,Tomato Basket,Food,21392.73,23233.8,26212.52,946
ITEM03757,School Bag,Electronics,10975.29,12155.36,14877.48,618
ITEM03758,Bluetooth Speaker,Electronics,15014.77,16853.25,18832.92,641
ITEM03759,Beans 50kg,Food,69626.05,79270.34,100246.01,270
ITEM03760,Bluetooth Speaker,Electronics,15701.17,17464.93,22029.07,782
ITEM03761,Garri 25kg,Food,34579.72,39672.49,44274.99,603
ITEM03762,Power Bank,Electronics,12035.53,14267.04,18228.13,46
ITEM03763,Bluetooth Speaker,Electronics,14726.98,16866.04,21788.09,949
ITEM03764,School Bag,Electronics,11143.95,12419.05,13768.92,853
ITEM03765,Phone Charger,Electronics,4732.73,5146.55,6639.39,90
ITEM03766,Yam Tubers,Food,27537.74,30192.37,34899.14,423
ITEM03767,Sneakers,Fashion,19192.56,22020.5,27150.23,745
ITEM03768,Ankara Fabric,Fashion,16900.0,19638.57,22289.05,739
ITEM03769,Plastic Chair,Fashion,9473.2,10287.52,12998.19,175
ITEM03770,Tomato Basket,Food,16310.0,17977.96,22802.93,49
ITEM03771,Phone Charger,Electronics,4744.29,5305.5,6874.16,984
ITEM03772,Tomato Basket,Food,17411.36,19472.39,25285.03,894
ITEM03773,Power Bank,Electronics,13879.56,16586.2,18496.46,740
ITEM03774,Garri 25kg,Food,26590.1,29367.5,36168.8,663
ITEM03775,Phone Charger,Electronics,4130.96,4492.43,5187.0,689
ITEM03776,Palm Oil 25L,Food,63020.53,70731.83,79581.48,462
ITEM03777,Bluetooth Speaker,Electronics,15521.84,17014.0,19221.73,687
ITEM03778,Table Fan,Household,28266.98,30957.71,39851.47,310
ITEM03779,Cooking Gas Cylinder,Household,37624.18,42473.72,52528.51,92
ITEM03780,Phone Charger,Electronics,4165.44,4651.82,5163.95,317
ITEM03781,Rice 50kg,Food,88635.95,96702.46,125408.2,300
ITEM03782,Palm Oil 25L,Food,54901.06,63274.37,79824.57,310
ITEM03783,Beans 50kg,Food,67680.47,77169.54,89658.33,476
ITEM03784,Ankara Fabric,Fashion,13577.87,14789.72,17661.49,139
ITEM03785,Cooking Gas Cylinder,Household,38555.61,45631.7,56825.85,413
ITEM03786,Bluetooth Speaker,Electronics,17309.72,19285.89,23822.06,469
ITEM03787,Palm Oil 25L,Food,59082.58,70625.28,84228.86,196
ITEM03788,Rice 50kg,Food,93526.45,111463.38,134032.27,458
ITEM03789,Cooking Gas Cylinder,Household,33262.31,37655.98,41746.99,677
ITEM03790,Tomato Basket,Food,21227.44,23507.86,28212.41,417
ITEM03791,Beans 50kg,Food,74613.45,88057.47,102855.47,12
ITEM03792,Palm Oil 25L,Food,66584.95,74798.49,86542.62,706
ITEM03793,Vegetable Oil 5L,Food,27497.35,30236.8,34890.98,582
ITEM03794,Sneakers,Fashion,25240.8,28930.82,35578.82,425
ITEM03795,LED Bulb,Household,2223.76,2532.26,3002.88,32
ITEM03796,Vegetable Oil 5L,Food,26675.72,31530.76,37369.01,98
ITEM03797,Sneakers,Fashion,24009.66,28031.61,31727.23,88
ITEM03798,Beans 50kg,Food,73031.84,86552.72,111858.38,853
ITEM03799,Rice 50kg,Food,76559.98,89434.64,102383.45,315
ITEM03800,Rice 50kg,Food,93442.65,108118.84,127712.34,430
ITEM03801,LED Bulb,Household,2278.32,2597.33,2955.87,699
ITEM03802,Bluetooth Speaker,Electronics,16997.83,20372.01,25274.1,658
ITEM03803,Plastic Chair,Fashion,11070.91,13230.84,15707.99,73
ITEM03804,Rice 50kg,Food,73681.0,87080.8,102993.08,930
ITEM03805,Rice 50kg,Food,87474.21,102610.6,130830.46,272
ITEM03806,Table Fan,Household,23669.82,27203.9,34056.45,769
ITEM03807,Beans 50kg,Food,74055.05,82287.78,99072.44,833
ITEM03808,Garri 25kg,Food,34242.12,40578.72,48439.55,543
ITEM03809,Power Bank,Electronics,12890.06,13937.99,18007.61,170
ITEM03810,School Bag,Electronics,11159.68,12357.03,15956.54,549
ITEM03811,Palm Oil 25L,Food,52924.9,59722.99,74113.5,252
ITEM03812,Phone Charger,Electronics,5298.17,6094.69,7630.73,851
ITEM03813,Sneakers,Fashion,24983.41,28663.6,36684.21,756
ITEM03814,Phone Charger,Electronics,4299.88,4734.59,6121.17,825
ITEM03815,Yam Tubers,Food,26438.95,28886.55,32250.53,830
ITEM03816,Beans 50kg,Food,70122.45,77603.08,100842.7,186
ITEM03817,Phone Charger,Electronics,4845.36,5435.74,6743.61,40
ITEM03818,Plastic Chair,Fashion,11681.42,12635.63,15397.13,630
ITEM03819,School Bag,Electronics,10464.53,12171.24,14394.12,617
ITEM03820,LED Bulb,Household,2575.24,2857.82,3335.87,867
ITEM03821,Garri 25kg,Food,28497.38,31978.86,40320.29,641
ITEM03822,Rice 50kg,Food,79011.26,88507.48,108942.71,805
ITEM03823,Bluetooth Speaker,Electronics,18862.73,21530.28,24547.56,355
ITEM03824,Palm Oil 25L,Food,52095.27,61637.88,75320.39,133
ITEM03825,School Bag,Electronics,10807.36,11865.69,13387.27,47
ITEM03826,LED Bulb,Household,2263.22,2536.81,3042.59,441
ITEM03827,Tomato Basket,Food,20975.28,24395.16,29681.38,11
ITEM03828,Bluetooth Speaker,Electronics,17403.12,18887.75,23177.85,523
ITEM03829,Sneakers,Fashion,21360.12,25196.35,28447.99,406
ITEM03830,Garri 25kg,Food,28673.37,34276.69,38359.72,265
ITEM03831,LED Bulb,Household,2452.63,2827.68,3256.76,595
ITEM03832,Palm Oil 25L,Food,67099.74,80169.49,97919.5,682
ITEM03833,Plastic Chair,Fashion,11030.39,12459.57,16027.2,49
ITEM03834,Sneakers,Fashion,21798.63,24628.18,30928.67,481
ITEM03835,Garri 25kg,Food,33290.35,36378.02,45441.32,940
ITEM03836,Ankara Fabric,Fashion,14937.57,16196.11,18885.42,304
ITEM03837,Palm Oil 25L,Food,57715.4,64026.04,71859.08,783
ITEM03838,School Bag,Electronics,9986.39,11358.27,14520.27,343
ITEM03839,Cooking Gas Cylinder,Household,31334.66,35750.4,42906.58,278
ITEM03840,Cooking Gas Cylinder,Household,37245.0,41197.03,46144.88,858
ITEM03841,Table Fan,Household,30021.55,34630.96,41799.35,362
ITEM03842,Power Bank,Electronics,15142.65,16683.33,20605.29,867
ITEM03843,Bluetooth Speaker,Electronics,18942.09,21198.96,24675.16,658
ITEM03844,Tomato Basket,Food,18725.17,20662.94,22767.46,814
ITEM03845,LED Bulb,Household,2338.05,2720.55,3330.83,816
ITEM03846,Power Bank,Electronics,14058.59,16054.75,17788.97,914
ITEM03847,Plastic Chair,Fashion,12500.53,14604.77,17329.41,559
ITEM03848,Yam Tubers,Food,26702.88,29022.55,36712.23,952
ITEM03849,Ankara Fabric,Fashion,15476.05,17504.08,22751.27,69
ITEM03850,Palm Oil 25L,Food,62341.91,74563.11,87541.61,496
ITEM03851,Ankara Fabric,Fashion,16767.3,18216.57,20111.56,402
ITEM03852,Rice 50kg,Food,92314.02,104333.81,125052.49,105
ITEM03853,Beans 50kg,Food,75527.53,81935.87,94656.84,874
ITEM03854,Tomato Basket,Food,18619.19,20436.39,26129.05,802
ITEM03855,Power Bank,Electronics,12583.11,14288.16,17750.19,751
ITEM03856,Ankara Fabric,Fashion,15499.45,17032.37,20112.92,637
ITEM03857,Yam Tubers,Food,23711.33,27084.29,33920.51,605
ITEM03858,Rice 50kg,Food,92892.01,110609.1,129218.1,386
ITEM03859,Tomato Basket,Food,19045.41,21027.06,25324.0,686
ITEM03860,Phone Charger,Electronics,4759.76,5201.76,6681.96,975
ITEM03861,Bluetooth Speaker,Electronics,16225.8,19130.76,21809.67,258
ITEM03862,School Bag,Electronics,10939.13,12418.46,14437.84,345
ITEM03863,Vegetable Oil 5L,Food,24647.38,29229.65,37329.74,118
ITEM03864,School Bag,Electronics,9331.5,10420.82,12425.53,908
ITEM03865,School Bag,Electronics,11663.0,13474.31,15678.41,534
ITEM03866,Plastic Chair,Fashion,10534.74,12544.75,13892.8,596
ITEM03867,Power Bank,Electronics,13226.94,14557.62,17233.17,273
ITEM03868,Plastic Chair,Fashion,10028.7,11794.63,14154.97,46
ITEM03869,Palm Oil 25L,Food,59945.15,69283.52,81842.31,806
ITEM03870,Ankara Fabric,Fashion,16439.56,19358.46,22368.54,861
ITEM03871,Rice 50kg,Food,91376.67,100558.49,118038.17,347
ITEM03872,Beans 50kg,Food,60583.76,68586.29,84257.5,764
ITEM03873,Table Fan,Household,30833.99,33777.42,43176.18,576
ITEM03874,Power Bank,Electronics,14325.46,17121.93,21058.87,646
ITEM03875,School Bag,Electronics,9820.54,10680.06,13128.28,181
ITEM03876,School Bag,Electronics,9569.1,10409.82,13151.5,618
ITEM03877,Sneakers,Fashion,20654.18,24532.6,27796.13,169
ITEM03878,Vegetable Oil 5L,Food,27261.58,30426.42,35301.33,226
ITEM03879,Palm Oil 25L,Food,55307.61,63694.58,70708.52,363
ITEM03880,Rice 50kg,Food,81085.4,90369.44,105725.7,222
ITEM03881,Table Fan,Household,28666.48,33191.51,43141.16,910
ITEM03882,Palm Oil 25L,Food,65584.22,72345.71,84345.15,38
ITEM03883,Bluetooth Speaker,Electronics,17808.71,20214.03,25711.33,904
ITEM03884,Phone Charger,Electronics,5164.48,5908.26,6600.45,162
ITEM03885,Garri 25kg,Food,27961.94,31318.41,37329.74,871
ITEM03886,Phone Charger,Electronics,5343.47,5932.34,6942.57,343
ITEM03887,Beans 50kg,Food,65290.1,71611.8,81660.13,921
ITEM03888,Palm Oil 25L,Food,52422.29,61058.2,71712.93,545
ITEM03889,Garri 25kg,Food,35429.07,38978.85,47953.95,494
ITEM03890,Table Fan,Household,24583.28,27411.72,32840.93,139
ITEM03891,Bluetooth Speaker,Electronics,15146.93,16971.05,21534.01,439
ITEM03892,LED Bulb,Household,2594.52,2943.54,3770.64,561
ITEM03893,Phone Charger,Electronics,4539.16,5284.98,6322.84,983
ITEM03894,Palm Oil 25L,Food,52510.28,59407.69,77012.87,270
ITEM03895,School Bag,Electronics,10818.53,12814.89,14280.96,91
ITEM03896,LED Bulb,Household,2694.24,3129.56,3615.48,261
ITEM03897,Bluetooth Speaker,Electronics,18495.31,21835.91,25839.35,250
ITEM03898,Rice 50kg,Food,73525.61,85728.1,104291.69,948
ITEM03899,Tomato Basket,Food,19324.14,21214.74,25652.56,158
ITEM03900,LED Bulb,Household,2735.26,3275.07,3974.6,992
ITEM03901,Power Bank,Electronics,12127.4,14242.3,18219.47,121
ITEM03902,Cooking Gas Cylinder,Household,31930.66,36679.6,42383.76,813
ITEM03903,Power Bank,Electronics,11484.77,12631.26,15957.97,420
ITEM03904,Rice 50kg,Food,82606.0,90926.22,110166.21,63
ITEM03905,Table Fan,Household,24526.92,28297.19,33902.81,617
ITEM03906,Ankara Fabric,Fashion,16542.73,18692.35,21680.93,731
ITEM03907,Ankara Fabric,Fashion,17649.29,20492.65,23788.15,840
ITEM03908,Cooking Gas Cylinder,Household,31941.93,35924.81,42308.51,186
ITEM03909,Palm Oil 25L,Food,61639.02,70363.49,88144.49,621
ITEM03910,LED Bulb,Household,2283.88,2518.1,3010.0,573
ITEM03911,Palm Oil 25L,Food,50468.72,55446.16,62696.67,448
ITEM03912,Cooking Gas Cylinder,Household,37714.82,41074.36,51423.97,894
ITEM03913,Palm Oil 25L,Food,57831.88,68146.59,84002.66,428
ITEM03914,Bluetooth Speaker,Electronics,19278.61,22105.75,28513.05,386
ITEM03915,Plastic Chair,Fashion,11113.14,13265.28,15996.37,530
ITEM03916,Beans 50kg,Food,62807.14,73480.48,90445.98,929
ITEM03917,Beans 50kg,Food,68945.26,80821.19,96651.32,868
ITEM03918,Table Fan,Household,24593.42,28063.24,34690.54,711
ITEM03919,Beans 50kg,Food,77938.61,91800.35,108987.52,90
ITEM03920,School Bag,Electronics,11101.35,13244.43,14934.04,308
ITEM03921,LED Bulb,Household,2380.93,2777.61,3603.5,24
ITEM03922,School Bag,Electronics,10587.63,11568.8,14392.43,103
ITEM03923,Power Bank,Electronics,14186.39,16429.58,20072.43,833
ITEM03924,Phone Charger,Electronics,5207.32,5699.16,6817.81,817
ITEM03925,School Bag,Electronics,9177.46,9996.71,12418.77,111
ITEM03926,Bluetooth Speaker,Electronics,14564.85,16941.07,19064.72,463
ITEM03927,Power Bank,Electronics,11938.53,14089.55,16417.46,286
ITEM03928,Garri 25kg,Food,30023.47,32997.62,37120.34,81
ITEM03929,Sneakers,Fashion,21780.26,23716.48,26685.9,387
ITEM03930,Ankara Fabric,Fashion,13809.55,16383.41,18091.7,112
ITEM03931,Ankara Fabric,Fashion,15086.86,16533.17,20685.94,738
ITEM03932,Beans 50kg,Food,68774.08,74565.57,85412.0,967
ITEM03933,Sneakers,Fashion,19419.99,22653.94,28688.98,428
ITEM03934,Ankara Fabric,Fashion,17437.47,20606.31,26394.35,250
ITEM03935,Palm Oil 25L,Food,60754.88,69366.09,78641.25,504
ITEM03936,Table Fan,Household,26097.14,29875.77,37098.92,966
ITEM03937,Power Bank,Electronics,13527.97,15157.06,18068.14,168
ITEM03938,Power Bank,Electronics,12747.5,14132.08,18142.65,684
ITEM03939,Ankara Fabric,Fashion,17147.64,20073.5,24025.64,102
ITEM03940,Power Bank,Electronics,13803.81,16314.92,19182.67,307
ITEM03941,Bluetooth Speaker,Electronics,16973.97,18986.22,22003.38,444
ITEM03942,Tomato Basket,Food,21342.05,23750.67,30418.07,389
ITEM03943,LED Bulb,Household,2753.48,3062.25,3506.99,186
ITEM03944,Cooking Gas Cylinder,Household,38284.42,41579.62,52620.79,779
ITEM03945,Garri 25kg,Food,28448.17,31683.55,36082.41,676
ITEM03946,Ankara Fabric,Fashion,13887.02,15040.73,18480.23,441
ITEM03947,Rice 50kg,Food,86676.37,101810.84,121176.6,424
ITEM03948,Yam Tubers,Food,24764.82,27506.56,30832.7,84
ITEM03949,Cooking Gas Cylinder,Household,36928.98,42941.71,48317.44,663
ITEM03950,Garri 25kg,Food,33423.83,38276.39,44259.06,237
ITEM03951,Yam Tubers,Food,23464.85,27700.15,34717.44,308
ITEM03952,Palm Oil 25L,Food,55188.31,65963.58,82176.64,861
ITEM03953,Ankara Fabric,Fashion,15457.37,17375.24,19825.57,645
ITEM03954,Phone Charger,Electronics,4473.91,4879.25,5831.88,699
ITEM03955,School Bag,Electronics,11026.98,12901.1,14441.46,272
ITEM03956,Cooking Gas Cylinder,Household,37590.67,40694.02,50590.36,506
ITEM03957,Power Bank,Electronics,13386.76,14815.87,18648.15,23
ITEM03958,Ankara Fabric,Fashion,16540.67,17969.62,22977.79,253
ITEM03959,Beans 50kg,Food,70219.19,83404.79,106520.37,802
ITEM03960,Palm Oil 25L,Food,62767.83,67829.15,79195.86,479
ITEM03961,Cooking Gas Cylinder,Household,32112.17,36579.9,42100.06,638
ITEM03962,Table Fan,Household,28934.63,32721.59,41861.31,790
ITEM03963,Sneakers,Fashion,23419.82,27127.86,30632.82,937
ITEM03964,Yam Tubers,Food,23249.54,25917.88,28817.28,90
ITEM03965,Palm Oil 25L,Food,59990.69,71079.57,82654.78,585
ITEM03966,Table Fan,Household,29878.02,34901.16,43698.35,994
ITEM03967,Plastic Chair,Fashion,10173.42,11515.05,14265.3,207
ITEM03968,Vegetable Oil 5L,Food,26234.45,29460.32,38222.15,861
ITEM03969,School Bag,Electronics,11930.0,14052.42,16468.13,584
ITEM03970,School Bag,Electronics,11653.66,13644.66,15761.89,324
ITEM03971,Power Bank,Electronics,13101.16,14776.53,17371.9,785
ITEM03972,LED Bulb,Household,2580.41,2892.54,3634.34,871
ITEM03973,Garri 25kg,Food,35573.46,38585.34,44097.65,151
ITEM03974,Vegetable Oil 5L,Food,25003.01,27248.41,35138.17,684
ITEM03975,Beans 50kg,Food,61915.58,67269.43,80892.16,937
ITEM03976,Sneakers,Fashion,18999.84,20575.5,25855.77,669
ITEM03977,School Bag,Electronics,11414.49,12537.05,15865.03,551
ITEM03978,Cooking Gas Cylinder,Household,34198.1,40451.46,48370.36,148
ITEM03979,Bluetooth Speaker,Electronics,15708.75,18470.02,23055.64,455
ITEM03980,Garri 25kg,Food,29583.35,34951.81,40996.33,906
ITEM03981,Phone Charger,Electronics,5170.62,5971.32,7536.91,801
ITEM03982,Beans 50kg,Food,69270.19,79999.29,101181.55,455
ITEM03983,Sneakers,Fashion,24432.1,26750.01,32454.22,315
ITEM03984,Sneakers,Fashion,23550.51,27409.87,31346.74,805
ITEM03985,Table Fan,Household,30839.51,34342.98,44441.35,967
ITEM03986,Tomato Basket,Food,21214.47,24233.51,31246.59,306
ITEM03987,Tomato Basket,Food,17600.92,21025.47,25734.42,812
ITEM03988,Beans 50kg,Food,73340.24,86869.6,112650.43,314
ITEM03989,Phone Charger,Electronics,4109.58,4553.35,5466.56,829
ITEM03990,Power Bank,Electronics,15488.98,18097.3,21266.08,965
ITEM03991,Ankara Fabric,Fashion,14388.68,15719.5,18739.23,666
ITEM03992,Ankara Fabric,Fashion,16266.3,17619.8,19543.56,501
ITEM03993,Garri 25kg,Food,34247.13,37102.69,44887.73,320
ITEM03994,Vegetable Oil 5L,Food,22004.42,24214.31,29862.21,69
ITEM03995,Power Bank,Electronics,14908.91,17344.94,19459.35,61
ITEM03996,Tomato Basket,Food,16219.8,18224.51,20978.59,837
ITEM03997,Rice 50kg,Food,80572.64,87172.59,108463.35,664
ITEM03998,Table Fan,Household,26773.5,32089.72,40391.92,234
ITEM03999,Ankara Fabric,Fashion,14914.52,17062.29,22132.75,556
ITEM04000,Power Bank,Electronics,13849.86,15612.47,17964.41,879
ITEM04001,Tomato Basket,Food,21364.6,24403.97,30951.26,651
ITEM04002,Table Fan,Household,25598.61,29243.76,33174.73,917
ITEM04003,Rice 50kg,Food,83949.79,95402.93,107440.46,126
ITEM04004,Phone Charger,Electronics,5343.55,6164.07,7679.45,82
ITEM04005,Plastic Chair,Fashion,11900.88,14117.72,16788.44,669
ITEM04006,Cooking Gas Cylinder,Household,30177.7,33684.52,42401.56,586
ITEM04007,Vegetable Oil 5L,Food,27754.51,31596.74,36542.04,691
ITEM04008,Sneakers,Fashion,19007.87,20536.81,23466.16,981
ITEM04009,Palm Oil 25L,Food,60571.02,71666.29,86698.99,117
ITEM04010,Beans 50kg,Food,71582.43,79936.7,89773.88,931
ITEM04011,Yam Tubers,Food,27147.93,30203.58,34907.78,70
ITEM04012,LED Bulb,Household,2236.33,2682.94,3040.43,529
ITEM04013,Sneakers,Fashion,19883.84,22868.95,26619.67,833
ITEM04014,Power Bank,Electronics,14521.03,15897.12,19920.68,683
ITEM04015,Vegetable Oil 5L,Food,21923.86,24376.33,27402.61,230
ITEM04016,Garri 25kg,Food,30715.84,34475.07,42141.42,608
ITEM04017,Vegetable Oil 5L,Food,26202.61,31399.3,38211.48,903
ITEM04018,Garri 25kg,Food,32406.55,36673.67,44288.08,211
ITEM04019,Palm Oil 25L,Food,53877.69,59675.8,71422.95,938
ITEM04020,Sneakers,Fashion,20706.14,23778.26,29313.18,656
ITEM04021,Garri 25kg,Food,35361.47,39907.93,50697.52,95
ITEM04022,Rice 50kg,Food,80737.3,87728.76,99344.69,339
ITEM04023,Bluetooth Speaker,Electronics,14676.73,17367.13,21931.67,863
ITEM04024,Vegetable Oil 5L,Food,22438.95,24276.31,27002.42,344
ITEM04025,Phone Charger,Electronics,4573.11,5432.02,6499.0,947
ITEM04026,Garri 25kg,Food,35645.25,41883.99,50356.83,425
ITEM04027,Palm Oil 25L,Food,55507.64,60453.3,68887.58,349
ITEM04028,Phone Charger,Electronics,4118.01,4805.03,5371.71,853
ITEM04029,Sneakers,Fashion,22085.28,25895.28,28872.78,787
ITEM04030,Phone Charger,Electronics,4200.39,4840.01,5360.06,245
ITEM04031,Bluetooth Speaker,Electronics,15847.74,18214.14,22125.05,783
ITEM04032,Power Bank,Electronics,15494.15,16826.07,19031.88,258
ITEM04033,Vegetable Oil 5L,Food,26004.09,28270.08,35669.52,896
ITEM04034,Vegetable Oil 5L,Food,21197.4,24743.19,31666.1,17
ITEM04035,Phone Charger,Electronics,4726.11,5164.07,5982.48,665
ITEM04036,Rice 50kg,Food,73922.28,81981.39,92876.16,163
ITEM04037,Sneakers,Fashion,19511.43,22240.31,26286.32,680
ITEM04038,School Bag,Electronics,10774.26,11848.45,15122.34,978
ITEM04039,Tomato Basket,Food,19032.24,22358.71,26382.47,670
ITEM04040,Yam Tubers,Food,26821.5,31565.83,35406.36,439
ITEM04041,Tomato Basket,Food,21236.15,25081.1,32528.52,825
ITEM04042,Sneakers,Fashion,20328.1,22075.26,26488.88,203
ITEM04043,Ankara Fabric,Fashion,17466.91,19761.1,23090.34,547
ITEM04044,Beans 50kg,Food,70377.83,83160.56,106339.42,966
ITEM04045,Phone Charger,Electronics,4452.72,5003.02,6431.28,362
ITEM04046,Rice 50kg,Food,90506.33,105303.98,126297.47,36
ITEM04047,Phone Charger,Electronics,4131.16,4753.77,5520.76,447
ITEM04048,Vegetable Oil 5L,Food,24937.39,27971.4,33468.53,489
ITEM04049,Tomato Basket,Food,20263.24,22556.41,25801.29,813
ITEM04050,Phone Charger,Electronics,4483.17,5192.98,6208.98,806
ITEM04051,Tomato Basket,Food,21071.9,23095.54,26464.86,346
ITEM04052,Yam Tubers,Food,23052.13,27275.62,33397.38,775
ITEM04053,Plastic Chair,Fashion,12121.59,13929.8,17439.8,151
ITEM04054,Plastic Chair,Fashion,9609.2,10506.51,13594.22,197
ITEM04055,Rice 50kg,Food,73634.22,85741.4,108764.18,607
ITEM04056,Yam Tubers,Food,24107.38,27283.13,30481.45,710
ITEM04057,Table Fan,Household,29867.85,32988.73,37683.18,809
ITEM04058,Bluetooth Speaker,Electronics,15187.39,18153.91,21899.76,626
ITEM04059,Palm Oil 25L,Food,65645.26,76565.85,88166.97,136
ITEM04060,School Bag,Electronics,9648.65,11107.14,12249.76,678
ITEM04061,Garri 25kg,Food,30558.33,36115.79,45179.34,434
ITEM04062,Rice 50kg,Food,78377.27,89762.69,105161.88,273
ITEM04063,School Bag,Electronics,9297.1,10533.39,11725.98,345
ITEM04064,Power Bank,Electronics,15299.45,16871.22,20275.28,812
ITEM04065,Ankara Fabric,Fashion,15212.53,16709.55,21646.24,185
ITEM04066,Tomato Basket,Food,20084.89,22732.81,28091.1,563
ITEM04067,Table Fan,Household,27609.67,31329.16,35456.88,92
ITEM04068,Phone Charger,Electronics,4802.47,5609.27,6747.17,727
ITEM04069,Ankara Fabric,Fashion,16042.09,18176.49,23272.17,158
ITEM04070,Beans 50kg,Food,78365.19,90212.37,100212.29,940
ITEM04071,Beans 50kg,Food,74185.56,87531.71,107452.05,883
ITEM04072,Plastic Chair,Fashion,11107.18,13319.74,16573.14,856
ITEM04073,Table Fan,Household,28176.01,31520.58,39110.81,355
ITEM04074,Cooking Gas Cylinder,Household,36117.14,42915.63,48496.13,784
ITEM04075,Tomato Basket,Food,18618.79,21909.22,28075.69,143
ITEM04076,Rice 50kg,Food,85069.19,92568.96,107792.32,296
ITEM04077,Cooking Gas Cylinder,Household,34407.48,38539.79,42792.59,141
ITEM04078,School Bag,Electronics,11311.49,12513.73,13973.38,63
ITEM04079,Vegetable Oil 5L,Food,27946.51,32410.29,38617.37,373
ITEM04080,Ankara Fabric,Fashion,17638.37,20224.79,22409.0,578
ITEM04081,LED Bulb,Household,2740.55,3122.54,3921.63,863
ITEM04082,Vegetable Oil 5L,Food,25247.93,29581.17,37661.7,44
ITEM04083,Plastic Chair,Fashion,11822.8,13241.5,14601.06,412
ITEM04084,Plastic Chair,Fashion,9937.56,11189.0,14120.55,717
ITEM04085,Power Bank,Electronics,13415.02,15881.73,20586.55,209
ITEM04086,School Bag,Electronics,9735.51,11650.14,12885.92,739
ITEM04087,Vegetable Oil 5L,Food,20850.69,24461.25,30454.1,574
ITEM04088,LED Bulb,Household,2850.05,3152.3,4097.42,567
ITEM04089,Cooking Gas Cylinder,Household,38820.41,42450.82,53463.58,133
ITEM04090,Cooking Gas Cylinder,Household,35143.84,38837.61,46646.75,176
ITEM04091,Ankara Fabric,Fashion,14356.81,16233.69,20729.85,878
ITEM04092,Rice 50kg,Food,86747.19,96150.9,119379.66,876
ITEM04093,Yam Tubers,Food,24511.01,29122.14,33737.72,457
ITEM04094,Phone Charger,Electronics,5236.82,6077.26,6957.64,599
ITEM04095,Cooking Gas Cylinder,Household,40244.94,45477.08,54686.6,546
ITEM04096,Bluetooth Speaker,Electronics,16230.32,18062.03,21215.63,519
ITEM04097,Bluetooth Speaker,Electronics,15696.46,17669.18,20600.38,715
ITEM04098,Garri 25kg,Food,28836.66,32790.91,37236.87,571
ITEM04099,Plastic Chair,Fashion,9658.04,11257.98,14287.02,134
ITEM04100,Tomato Basket,Food,18396.06,20064.97,24900.69,92
ITEM04101,Beans 50kg,Food,59865.93,70753.14,82516.86,851
ITEM04102,Cooking Gas Cylinder,Household,30951.15,33901.02,38902.55,743
ITEM04103,Palm Oil 25L,Food,54959.01,61086.62,68760.78,206
ITEM04104,Rice 50kg,Food,73632.62,88302.51,99119.8,70
ITEM04105,Beans 50kg,Food,74875.34,82574.4,101161.54,227
ITEM04106,Phone Charger,Electronics,4232.07,4622.0,5184.79,582
ITEM04107,Beans 50kg,Food,77685.88,89852.16,116092.81,587
ITEM04108,Table Fan,Household,24741.03,27887.48,32233.1,177
ITEM04109,Power Bank,Electronics,11914.79,12999.28,14366.3,184
ITEM04110,Tomato Basket,Food,16207.61,17511.5,22258.27,215
ITEM04111,Rice 50kg,Food,87294.04,95106.81,111609.5,448
ITEM04112,Power Bank,Electronics,12514.3,14300.44,16711.4,240
ITEM04113,Garri 25kg,Food,31088.34,34436.77,38697.43,461
ITEM04114,Cooking Gas Cylinder,Household,30921.97,36280.94,44701.18,24
ITEM04115,Vegetable Oil 5L,Food,28066.93,33200.39,38902.85,936
ITEM04116,Power Bank,Electronics,11982.81,13149.69,16629.09,892
ITEM04117,Rice 50kg,Food,79833.38,89448.7,109675.17,345
ITEM04118,Garri 25kg,Food,34270.34,37614.75,47995.76,806
ITEM04119,Palm Oil 25L,Food,54484.5,60717.7,74349.56,539
ITEM04120,Rice 50kg,Food,76267.51,84558.13,106192.8,40
ITEM04121,Ankara Fabric,Fashion,16934.52,19888.31,24647.73,291
ITEM04122,Cooking Gas Cylinder,Household,32620.07,36582.02,43624.74,66
ITEM04123,Cooking Gas Cylinder,Household,29780.15,33933.52,42000.7,710
ITEM04124,Vegetable Oil 5L,Food,23970.17,27826.18,34301.99,785
ITEM04125,Plastic Chair,Fashion,9391.37,11069.33,12191.1,620
ITEM04126,Power Bank,Electronics,15159.66,16920.38,20976.66,16
ITEM04127,Rice 50kg,Food,85488.61,94474.01,108874.86,243
ITEM04128,Beans 50kg,Food,71743.3,85906.46,103806.32,474
ITEM04129,Bluetooth Speaker,Electronics,15478.11,17310.99,19427.54,153
ITEM04130,Phone Charger,Electronics,5087.92,5904.68,6522.33,116
ITEM04131,Rice 50kg,Food,86360.46,100293.94,110626.62,311
ITEM04132,LED Bulb,Household,2170.35,2477.85,2804.03,595
ITEM04133,Ankara Fabric,Fashion,17270.94,19126.07,21114.77,97
ITEM04134,Power Bank,Electronics,13821.62,15161.97,17079.65,998
ITEM04135,Cooking Gas Cylinder,Household,38070.9,43341.51,52522.75,464
ITEM04136,Cooking Gas Cylinder,Household,32510.6,37104.72,43785.59,180
ITEM04137,Cooking Gas Cylinder,Household,31031.5,36393.87,47171.9,29
ITEM04138,Vegetable Oil 5L,Food,25988.0,30280.7,38206.34,957
ITEM04139,Table Fan,Household,29380.45,34946.43,39466.93,598
ITEM04140,Power Bank,Electronics,13038.44,15600.53,18461.01,866
ITEM04141,Ankara Fabric,Fashion,13285.17,15508.34,18395.9,778
ITEM04142,Table Fan,Household,29577.86,32215.65,37770.38,985
ITEM04143,Garri 25kg,Food,28266.67,31902.17,38254.46,890
ITEM04144,Phone Charger,Electronics,4568.21,5267.4,6499.84,768
ITEM04145,Garri 25kg,Food,32192.55,37047.94,45501.46,852
ITEM04146,Vegetable Oil 5L,Food,21559.67,23753.86,27825.75,858
ITEM04147,Phone Charger,Electronics,4183.67,4811.03,5970.53,262
ITEM04148,Table Fan,Household,23158.2,25982.61,30085.19,598
ITEM04149,Table Fan,Household,30374.78,34040.15,43132.05,986
ITEM04150,Yam Tubers,Food,23585.37,27832.64,35984.11,868
ITEM04151,Tomato Basket,Food,19915.76,22517.39,26096.47,114
ITEM04152,Bluetooth Speaker,Electronics,19495.1,22288.5,28015.26,120
ITEM04153,LED Bulb,Household,2627.09,3014.7,3806.62,208
ITEM04154,Cooking Gas Cylinder,Household,35263.5,40466.96,48485.6,744
ITEM04155,Palm Oil 25L,Food,59370.28,65638.28,73354.02,399
ITEM04156,Palm Oil 25L,Food,56821.43,65454.56,82291.86,632
ITEM04157,Ankara Fabric,Fashion,15963.98,17882.12,21127.65,148
ITEM04158,Tomato Basket,Food,21615.11,25043.32,28589.81,69
ITEM04159,Palm Oil 25L,Food,64098.38,70346.93,86198.2,773
ITEM04160,Rice 50kg,Food,80135.97,96106.58,114115.77,298
ITEM04161,Yam Tubers,Food,23743.34,27842.51,31114.41,52
ITEM04162,Yam Tubers,Food,27876.49,31502.39,40850.24,223
ITEM04163,Bluetooth Speaker,Electronics,15142.51,16901.5,19418.67,329
ITEM04164,Palm Oil 25L,Food,65187.66,73436.26,88284.56,411
ITEM04165,Ankara Fabric,Fashion,14361.11,16752.88,20663.96,897
ITEM04166,Sneakers,Fashion,23423.15,27139.21,30477.82,206
ITEM04167,Phone Charger,Electronics,5240.96,6101.79,7614.31,608
ITEM04168,Palm Oil 25L,Food,58592.84,69530.94,85499.26,282
ITEM04169,Power Bank,Electronics,12253.75,13905.01,16668.64,503
ITEM04170,Sneakers,Fashion,24275.47,28167.86,33961.03,303
ITEM04171,Yam Tubers,Food,24006.31,27198.69,35112.4,350
ITEM04172,Vegetable Oil 5L,Food,23182.0,26811.65,34377.35,603
ITEM04173,Power Bank,Electronics,13540.57,15395.34,17279.67,593
ITEM04174,Yam Tubers,Food,24513.15,28758.81,33755.67,143
ITEM04175,Yam Tubers,Food,26372.89,28499.37,34294.84,165
ITEM04176,Tomato Basket,Food,16932.03,18724.88,24042.66,248
ITEM04177,Tomato Basket,Food,18633.43,20786.94,26260.41,900
ITEM04178,Ankara Fabric,Fashion,17321.41,20672.19,24337.3,323
ITEM04179,Phone Charger,Electronics,4131.93,4713.89,6020.78,582
ITEM04180,Phone Charger,Electronics,4738.57,5324.83,6260.04,454
ITEM04181,Sneakers,Fashion,23059.51,26023.06,30036.82,360
ITEM04182,Yam Tubers,Food,27907.83,31653.59,38680.0,47
ITEM04183,Beans 50kg,Food,71969.51,85221.95,99810.27,446
ITEM04184,Table Fan,Household,29628.32,35420.08,43371.23,999
ITEM04185,Rice 50kg,Food,75178.2,88807.99,104965.43,941
ITEM04186,Bluetooth Speaker,Electronics,16249.33,19190.44,24163.71,307
ITEM04187,Vegetable Oil 5L,Food,27749.67,30632.36,39542.15,537
ITEM04188,Palm Oil 25L,Food,65831.76,73220.81,84501.34,294
ITEM04189,Rice 50kg,Food,83425.64,96066.79,115472.47,922
ITEM04190,LED Bulb,Household,2481.62,2875.54,3579.72,559
ITEM04191,Phone Charger,Electronics,4729.54,5222.94,5910.83,920
ITEM04192,Tomato Basket,Food,16485.1,19280.21,24277.28,855
ITEM04193,Ankara Fabric,Fashion,17324.55,19126.23,23268.87,334
ITEM04194,Rice 50kg,Food,89826.48,99847.63,112822.65,462
ITEM04195,Bluetooth Speaker,Electronics,16776.88,18736.68,23863.9,573
ITEM04196,Power Bank,Electronics,12606.73,14895.09,17655.75,256
ITEM04197,Bluetooth Speaker,Electronics,16198.9,18917.88,21477.92,833
ITEM04198,Garri 25kg,Food,27495.39,31445.99,35819.48,570
ITEM04199,Cooking Gas Cylinder,Household,37328.79,43987.13,55296.27,215
ITEM04200,Vegetable Oil 5L,Food,24916.52,29340.49,37765.41,488
ITEM04201,Sneakers,Fashion,20245.08,22811.75,26818.64,823
ITEM04202,Ankara Fabric,Fashion,16071.98,18864.84,21048.74,428
ITEM04203,Tomato Basket,Food,21731.61,24007.98,26892.89,713
ITEM04204,Garri 25kg,Food,27488.27,31347.28,38585.24,984
ITEM04205,Tomato Basket,Food,18763.36,20530.67,24106.09,341
ITEM04206,Plastic Chair,Fashion,10980.72,12421.56,14722.36,995
ITEM04207,LED Bulb,Household,2250.1,2570.61,3000.96,420
ITEM04208,LED Bulb,Household,2523.69,2749.78,3280.79,566
ITEM04209,Palm Oil 25L,Food,60875.8,69125.29,84934.93,775
ITEM04210,School Bag,Electronics,9420.64,10910.98,13182.95,77
ITEM04211,Garri 25kg,Food,27788.93,32059.83,36318.92,704
ITEM04212,Ankara Fabric,Fashion,17157.02,18641.49,22337.31,571
ITEM04213,Phone Charger,Electronics,4528.4,4942.48,5892.04,658
ITEM04214,Ankara Fabric,Fashion,16106.05,18073.61,21853.66,952
ITEM04215,Sneakers,Fashion,22836.7,26972.94,30267.25,490
ITEM04216,Cooking Gas Cylinder,Household,38561.29,45670.87,51640.3,926
ITEM04217,Power Bank,Electronics,14471.57,16166.97,19498.15,572
ITEM04218,Tomato Basket,Food,20941.29,24423.13,28210.84,223
ITEM04219,Power Bank,Electronics,14007.12,16098.2,19733.27,656
ITEM04220,Garri 25kg,Food,30529.95,36575.21,42959.42,198
ITEM04221,Beans 50kg,Food,67764.9,73955.71,84616.2,900
ITEM04222,Power Bank,Electronics,13010.07,14906.23,18353.73,160
ITEM04223,Table Fan,Household,26338.98,30318.92,35739.39,503
ITEM04224,Bluetooth Speaker,Electronics,15109.48,16876.08,19095.66,821
ITEM04225,Plastic Chair,Fashion,10749.06,11669.55,14724.19,19
ITEM04226,Palm Oil 25L,Food,57043.17,61963.29,73510.26,495
ITEM04227,Phone Charger,Electronics,4129.78,4684.97,6010.88,511
ITEM04228,School Bag,Electronics,9791.66,11388.65,12968.03,344
ITEM04229,Tomato Basket,Food,20435.87,23787.78,30335.85,676
ITEM04230,Rice 50kg,Food,83917.46,92453.24,116785.27,331
ITEM04231,Beans 50kg,Food,76429.52,90412.81,101333.15,380
ITEM04232,LED Bulb,Household,2532.02,2849.18,3437.06,282
ITEM04233,School Bag,Electronics,11615.36,13888.77,17093.42,628
ITEM04234,Vegetable Oil 5L,Food,26676.09,29188.43,34999.74,883
ITEM04235,Vegetable Oil 5L,Food,21547.39,25433.99,29962.58,185
ITEM04236,Rice 50kg,Food,93734.36,111450.2,143633.5,415
ITEM04237,Cooking Gas Cylinder,Household,29904.85,35249.47,43715.14,233
ITEM04238,Beans 50kg,Food,72033.6,84787.94,109645.55,251
ITEM04239,Ankara Fabric,Fashion,16860.18,18940.0,24039.52,971
ITEM04240,Vegetable Oil 5L,Food,23264.42,27117.04,34260.38,713
ITEM04241,Tomato Basket,Food,19561.85,22486.77,27998.87,945
ITEM04242,Vegetable Oil 5L,Food,23486.6,26561.88,32650.28,639
ITEM04243,Table Fan,Household,23440.98,28109.8,35906.68,669
ITEM04244,Rice 50kg,Food,69908.15,77937.42,95292.68,718
ITEM04245,Tomato Basket,Food,16690.71,18853.45,21022.69,656
ITEM04246,Vegetable Oil 5L,Food,21548.31,25606.79,31150.99,823
ITEM04247,Vegetable Oil 5L,Food,25315.04,28218.19,31620.38,332
ITEM04248,Palm Oil 25L,Food,59457.81,65303.81,84232.79,110
ITEM04249,LED Bulb,Household,2466.6,2755.68,3387.65,493
ITEM04250,Yam Tubers,Food,26439.41,30963.65,37500.99,11
ITEM04251,Phone Charger,Electronics,4104.23,4856.05,5533.78,56
ITEM04252,Yam Tubers,Food,23282.38,25464.71,30637.96,60
ITEM04253,Cooking Gas Cylinder,Household,37912.62,43774.12,51150.34,86
ITEM04254,Tomato Basket,Food,21336.87,24496.31,30254.84,709
ITEM04255,Tomato Basket,Food,18648.52,21637.05,26416.28,601
ITEM04256,Tomato Basket,Food,16614.46,19281.52,23135.16,935
ITEM04257,Tomato Basket,Food,20702.75,24742.61,28467.56,296
ITEM04258,Beans 50kg,Food,78088.58,87582.86,105550.37,337
ITEM04259,School Bag,Electronics,10228.03,11414.2,13609.59,495
ITEM04260,Rice 50kg,Food,75686.54,87020.37,110537.91,783
ITEM04261,Palm Oil 25L,Food,50928.3,57626.91,73697.18,931
ITEM04262,Palm Oil 25L,Food,60612.17,68906.97,86261.18,731
ITEM04263,Vegetable Oil 5L,Food,27512.54,29942.26,34850.64,512
ITEM04264,Ankara Fabric,Fashion,16327.18,17923.8,19852.72,978
ITEM04265,School Bag,Electronics,9924.33,11832.24,15205.22,189
ITEM04266,Cooking Gas Cylinder,Household,36500.33,39719.47,51571.86,476
ITEM04267,Tomato Basket,Food,20892.79,24043.79,27058.98,254
ITEM04268,LED Bulb,Household,2481.87,2905.15,3594.03,174
ITEM04269,Rice 50kg,Food,89865.81,97183.01,115164.72,402
ITEM04270,Power Bank,Electronics,13062.23,14456.36,16331.41,767
ITEM04271,Plastic Chair,Fashion,10500.07,11815.19,15355.26,326
ITEM04272,Bluetooth Speaker,Electronics,17423.24,19876.75,25574.34,820
ITEM04273,LED Bulb,Household,2473.51,2772.79,3594.98,614
ITEM04274,Tomato Basket,Food,21719.54,25148.62,28387.24,710
ITEM04275,Rice 50kg,Food,82403.18,91234.14,109333.62,250
ITEM04276,Plastic Chair,Fashion,10621.07,11503.23,14714.41,864
ITEM04277,Beans 50kg,Food,67793.6,73229.87,90441.21,211
ITEM04278,Plastic Chair,Fashion,11158.2,12513.49,14852.52,377
ITEM04279,Ankara Fabric,Fashion,14825.34,16654.78,20041.35,785
ITEM04280,Table Fan,Household,28805.54,34388.99,38093.39,693
ITEM04281,Power Bank,Electronics,13016.68,14127.97,17268.66,306
ITEM04282,LED Bulb,Household,2413.11,2759.65,3510.12,271
ITEM04283,Garri 25kg,Food,32087.85,36879.77,40588.36,438
ITEM04284,Phone Charger,Electronics,4167.62,4850.75,5491.01,451
ITEM04285,Garri 25kg,Food,32444.8,37527.22,45167.69,68
ITEM04286,Plastic Chair,Fashion,11016.41,11908.48,14435.38,250
ITEM04287,Ankara Fabric,Fashion,15281.57,17662.79,20641.98,163
ITEM04288,Plastic Chair,Fashion,11723.53,13114.96,14499.73,162
ITEM04289,Ankara Fabric,Fashion,16700.89,19585.87,24457.27,359
ITEM04290,Tomato Basket,Food,20973.69,23125.67,26561.8,45
ITEM04291,Beans 50kg,Food,67370.87,78550.7,96532.17,680
ITEM04292,LED Bulb,Household,2370.28,2737.81,3317.76,674
ITEM04293,Power Bank,Electronics,14368.09,16642.19,19740.43,228
ITEM04294,Beans 50kg,Food,71717.9,78969.57,96189.5,876
ITEM04295,LED Bulb,Household,2598.85,3015.45,3736.17,597
ITEM04296,Cooking Gas Cylinder,Household,35582.99,41576.5,50492.53,321
ITEM04297,Phone Charger,Electronics,5192.68,5913.05,7163.7,202
ITEM04298,Plastic Chair,Fashion,9977.13,11182.81,13276.41,434
ITEM04299,Rice 50kg,Food,83370.52,91706.45,108764.48,960
ITEM04300,Beans 50kg,Food,62820.14,70031.59,83911.38,13
ITEM04301,Vegetable Oil 5L,Food,23818.3,27906.94,33220.85,29
ITEM04302,Sneakers,Fashion,23082.36,26062.94,30957.69,418
ITEM04303,Garri 25kg,Food,30935.57,36019.07,41136.45,919
ITEM04304,Rice 50kg,Food,79037.95,92380.42,115010.63,288
ITEM04305,Sneakers,Fashion,24540.8,28489.43,32095.92,749
ITEM04306,Plastic Chair,Fashion,11900.32,13814.19,17706.23,578
ITEM04307,Ankara Fabric,Fashion,15622.25,18017.1,22070.39,207
ITEM04308,Plastic Chair,Fashion,12485.18,14260.7,15826.24,909
ITEM04309,Plastic Chair,Fashion,10750.41,11865.63,14616.08,171
ITEM04310,School Bag,Electronics,11407.43,13473.73,15795.29,511
ITEM04311,Power Bank,Electronics,12155.14,14534.05,18690.1,666
ITEM04312,Table Fan,Household,25264.92,28700.39,36943.58,678
ITEM04313,Tomato Basket,Food,18077.09,21547.68,27348.01,855
ITEM04314,Beans 50kg,Food,61722.24,74051.83,89867.06,708
ITEM04315,Ankara Fabric,Fashion,15508.39,17653.88,22664.68,660
ITEM04316,Vegetable Oil 5L,Food,22238.11,25950.16,31917.7,160
ITEM04317,Cooking Gas Cylinder,Household,36408.95,42134.44,53722.49,313
ITEM04318,Phone Charger,Electronics,4353.73,4825.99,5463.07,353
ITEM04319,Table Fan,Household,23950.4,26001.77,33304.0,377
ITEM04320,Rice 50kg,Food,93539.53,106111.49,130763.12,122
ITEM04321,Sneakers,Fashion,23044.39,27064.82,31412.91,104
ITEM04322,Phone Charger,Electronics,5428.49,6074.57,7894.28,446
ITEM04323,Phone Charger,Electronics,4785.44,5618.74,6952.5,725
ITEM04324,Vegetable Oil 5L,Food,21070.51,24411.79,31288.18,888
ITEM04325,Cooking Gas Cylinder,Household,35780.9,41629.82,45839.31,940
ITEM04326,Yam Tubers,Food,25437.47,28344.69,34310.33,486
ITEM04327,Table Fan,Household,23071.3,26218.36,32576.48,899
ITEM04328,Phone Charger,Electronics,5320.19,5861.81,6464.09,461
ITEM04329,Rice 50kg,Food,84951.28,94261.06,118063.1,478
ITEM04330,Table Fan,Household,28982.0,31613.04,38893.2,217
ITEM04331,Palm Oil 25L,Food,58892.4,64499.71,74494.07,631
ITEM04332,Vegetable Oil 5L,Food,25370.26,28040.77,34708.56,317
ITEM04333,Table Fan,Household,25035.51,28781.52,32413.18,490
ITEM04334,LED Bulb,Household,2855.32,3234.92,4091.55,937
ITEM04335,LED Bulb,Household,2425.54,2697.28,3434.3,550
ITEM04336,Phone Charger,Electronics,4313.75,5104.61,6110.7,309
ITEM04337,Ankara Fabric,Fashion,13435.01,15356.45,18450.6,673
ITEM04338,Tomato Basket,Food,19776.18,23548.94,27797.43,734
ITEM04339,Ankara Fabric,Fashion,17747.72,20519.83,23989.06,610
ITEM04340,Power Bank,Electronics,15102.97,16339.82,20826.4,51
ITEM04341,Rice 50kg,Food,86971.77,103463.11,120118.04,233
ITEM04342,Phone Charger,Electronics,5506.46,6513.57,7689.72,137
ITEM04343,Phone Charger,Electronics,5120.87,5920.92,6868.17,956
ITEM04344,Vegetable Oil 5L,Food,23318.5,26680.39,32852.7,318
ITEM04345,Yam Tubers,Food,25759.14,29219.9,36900.17,479
ITEM04346,Power Bank,Electronics,11798.05,13424.55,15208.23,902
ITEM04347,Rice 50kg,Food,75153.39,88102.8,101401.79,991
ITEM04348,Garri 25kg,Food,30233.12,34513.44,38683.41,227
ITEM04349,Plastic Chair,Fashion,10016.0,11028.85,12485.06,860
ITEM04350,Tomato Basket,Food,21584.96,23462.44,27717.98,729
ITEM04351,School Bag,Electronics,12061.13,13208.66,16579.18,617
ITEM04352,Bluetooth Speaker,Electronics,16341.77,18142.19,21921.64,175
ITEM04353,Bluetooth Speaker,Electronics,18067.07,20309.7,22557.07,694
ITEM04354,Phone Charger,Electronics,4667.19,5540.37,6787.05,616
ITEM04355,Power Bank,Electronics,12040.01,13348.65,16806.76,451
ITEM04356,Table Fan,Household,25679.11,28718.28,33850.05,590
ITEM04357,Cooking Gas Cylinder,Household,32200.4,35638.17,40948.35,218
ITEM04358,Vegetable Oil 5L,Food,23236.37,26617.01,33345.46,625
ITEM04359,Sneakers,Fashion,20119.14,23218.51,25651.37,161
ITEM04360,Cooking Gas Cylinder,Household,30929.62,35379.01,44687.88,293
ITEM04361,Rice 50kg,Food,75048.74,89624.92,113003.75,499
ITEM04362,Plastic Chair,Fashion,12339.0,14799.95,18908.38,170
ITEM04363,Power Bank,Electronics,11820.15,13953.54,15598.6,914
ITEM04364,Cooking Gas Cylinder,Household,33159.94,39017.17,43759.77,887
ITEM04365,Bluetooth Speaker,Electronics,17145.09,19269.82,24560.36,479
ITEM04366,Table Fan,Household,25821.55,29683.79,35473.68,573
ITEM04367,Garri 25kg,Food,31163.75,34971.23,41212.46,298
ITEM04368,Garri 25kg,Food,26753.81,31412.25,38155.17,219
ITEM04369,LED Bulb,Household,2611.43,2874.19,3195.28,961
ITEM04370,Power Bank,Electronics,13757.09,15215.35,18695.76,419
ITEM04371,Bluetooth Speaker,Electronics,17922.93,19439.98,25058.46,954
ITEM04372,Garri 25kg,Food,31625.5,36466.5,45041.38,76
ITEM04373,Palm Oil 25L,Food,57900.89,67317.0,80302.93,115
ITEM04374,Plastic Chair,Fashion,10505.47,11350.14,14666.38,480
ITEM04375,Tomato Basket,Food,17440.68,19904.95,24636.42,784
ITEM04376,Bluetooth Speaker,Electronics,17000.35,19129.21,21260.06,429
ITEM04377,Tomato Basket,Food,16298.5,19152.13,23633.91,841
ITEM04378,Vegetable Oil 5L,Food,23237.57,25205.02,28026.45,141
ITEM04379,Garri 25kg,Food,32654.21,35456.85,41181.22,857
ITEM04380,LED Bulb,Household,2206.54,2547.28,3115.67,449
ITEM04381,LED Bulb,Household,2172.17,2500.16,2857.99,292
ITEM04382,Beans 50kg,Food,73195.75,86351.28,95645.95,643
ITEM04383,Yam Tubers,Food,24233.31,27894.29,34131.19,780
ITEM04384,Bluetooth Speaker,Electronics,18539.31,22134.53,25613.45,929
ITEM04385,Yam Tubers,Food,28279.83,31609.11,38139.33,96
ITEM04386,Ankara Fabric,Fashion,17625.24,19876.87,22902.71,706
ITEM04387,Vegetable Oil 5L,Food,23953.11,28679.56,35484.81,321
ITEM04388,Beans 50kg,Food,65050.87,71094.29,90939.57,507
ITEM04389,Tomato Basket,Food,19619.1,23062.42,25767.94,467
ITEM04390,School Bag,Electronics,10903.81,11791.25,14824.71,772
ITEM04391,Palm Oil 25L,Food,61165.51,69629.69,78766.42,404
ITEM04392,Plastic Chair,Fashion,10411.87,11436.48,13333.59,287
ITEM04393,Rice 50kg,Food,71268.29,82091.34,96167.79,492
ITEM04394,Beans 50kg,Food,63910.1,75144.24,85759.27,672
ITEM04395,Power Bank,Electronics,12100.4,13116.41,14625.41,847
ITEM04396,Power Bank,Electronics,11976.8,13170.32,16511.59,15
ITEM04397,Tomato Basket,Food,21429.81,24025.25,30241.19,572
ITEM04398,Vegetable Oil 5L,Food,20926.78,23243.29,30201.55,81
ITEM04399,Beans 50kg,Food,72139.01,81227.55,104533.42,623
ITEM04400,Sneakers,Fashion,24953.33,29799.87,35370.31,628
ITEM04401,Yam Tubers,Food,23950.4,26157.3,29470.85,856
ITEM04402,Garri 25kg,Food,31252.01,35339.58,38949.17,200
ITEM04403,Yam Tubers,Food,26468.38,30037.66,36234.54,796
ITEM04404,LED Bulb,Household,2362.88,2631.4,3347.44,691
ITEM04405,Vegetable Oil 5L,Food,24335.74,27095.92,31257.33,668
ITEM04406,LED Bulb,Household,2737.83,3191.68,3637.84,640
ITEM04407,Vegetable Oil 5L,Food,26303.36,30357.8,36058.71,554
ITEM04408,Palm Oil 25L,Food,64459.55,75903.69,97058.55,73
ITEM04409,Vegetable Oil 5L,Food,28081.95,31693.54,37725.92,814
ITEM04410,Tomato Basket,Food,18260.87,21051.22,26199.14,398
ITEM04411,Garri 25kg,Food,33297.95,39532.34,47142.53,113
ITEM04412,Bluetooth Speaker,Electronics,17524.2,20716.4,24333.31,616
ITEM04413,Tomato Basket,Food,19949.65,23748.12,28217.09,947
ITEM04414,Ankara Fabric,Fashion,16615.41,18480.94,23169.19,716
ITEM04415,Power Bank,Electronics,14511.41,17388.31,21750.71,253
ITEM04416,Phone Charger,Electronics,5355.47,6308.57,7484.18,817
ITEM04417,Power Bank,Electronics,12889.75,15150.32,17476.25,848
ITEM04418,Garri 25kg,Food,32427.38,37619.31,42428.01,337
ITEM04419,Ankara Fabric,Fashion,14478.35,17344.95,19084.2,527
ITEM04420,Beans 50kg,Food,71985.94,81559.18,91562.54,838
ITEM04421,Ankara Fabric,Fashion,16667.96,19484.6,22074.7,165
ITEM04422,Cooking Gas Cylinder,Household,38055.51,44291.19,54831.94,360
ITEM04423,Ankara Fabric,Fashion,15128.58,17667.92,22324.89,461
ITEM04424,Phone Charger,Electronics,4812.56,5631.54,7024.72,16
ITEM04425,Tomato Basket,Food,18052.94,19910.42,24781.44,175
ITEM04426,Table Fan,Household,24319.19,27283.37,35437.39,613
ITEM04427,Vegetable Oil 5L,Food,22739.8,25629.36,33126.45,270
ITEM04428,Power Bank,Electronics,15169.15,17744.27,20472.8,249
ITEM04429,Plastic Chair,Fashion,10369.6,12090.43,13650.34,303
ITEM04430,LED Bulb,Household,2856.07,3370.17,3810.52,133
ITEM04431,LED Bulb,Household,2306.11,2708.81,3464.89,640
ITEM04432,Beans 50kg,Food,74684.49,86000.99,96361.48,265
ITEM04433,LED Bulb,Household,2555.43,2802.78,3273.72,655
ITEM04434,Beans 50kg,Food,74134.27,85718.09,103381.96,829
ITEM04435,Bluetooth Speaker,Electronics,17734.19,21040.67,25726.22,483
ITEM04436,LED Bulb,Household,2655.06,3072.39,3745.69,914
ITEM04437,Sneakers,Fashion,24676.61,29302.86,36841.95,204
ITEM04438,Cooking Gas Cylinder,Household,35666.43,42795.66,51968.43,962
ITEM04439,Tomato Basket,Food,16536.74,18572.48,23590.94,328
ITEM04440,Tomato Basket,Food,17693.7,20644.92,23058.85,309
ITEM04441,Tomato Basket,Food,20186.85,23109.8,29390.89,979
ITEM04442,Yam Tubers,Food,24955.56,28314.49,34487.07,461
ITEM04443,Sneakers,Fashion,22320.44,24748.55,28326.86,750
ITEM04444,Phone Charger,Electronics,4939.08,5479.95,7099.55,804
ITEM04445,Ankara Fabric,Fashion,14954.23,16482.5,21228.58,453
ITEM04446,Phone Charger,Electronics,5194.41,6003.58,7619.42,324
ITEM04447,Tomato Basket,Food,20274.15,22241.68,28520.94,496
ITEM04448,Palm Oil 25L,Food,62793.1,71067.12,83605.37,391
ITEM04449,Bluetooth Speaker,Electronics,18098.08,20682.49,23693.05,422
ITEM04450,LED Bulb,Household,2792.77,3163.06,3595.07,244
ITEM04451,Table Fan,Household,27772.68,32843.74,41867.62,915
ITEM04452,Vegetable Oil 5L,Food,27932.98,31653.1,40051.5,576
ITEM04453,Power Bank,Electronics,11957.73,13033.21,16893.48,798
ITEM04454,Sneakers,Fashion,22870.93,27423.71,34818.52,662
ITEM04455,School Bag,Electronics,11183.32,13211.95,16204.1,359
ITEM04456,Beans 50kg,Food,69521.63,80589.83,90942.11,325
ITEM04457,School Bag,Electronics,9832.86,11511.9,13042.64,982
ITEM04458,Rice 50kg,Food,83230.92,91169.73,108924.11,33
ITEM04459,Beans 50kg,Food,67159.7,78705.11,98661.51,301
ITEM04460,Sneakers,Fashion,24700.22,27292.01,30967.02,738
ITEM04461,Beans 50kg,Food,66992.64,76282.99,97878.97,550
ITEM04462,Tomato Basket,Food,17151.53,18889.97,23362.33,620
ITEM04463,School Bag,Electronics,10740.63,12571.41,14613.78,31
ITEM04464,Sneakers,Fashion,21313.55,23647.64,30201.63,226
ITEM04465,Phone Charger,Electronics,4218.09,4683.71,5712.84,603
ITEM04466,Beans 50kg,Food,71361.69,78005.94,97244.68,321
ITEM04467,Plastic Chair,Fashion,11124.89,12976.88,15274.94,475
ITEM04468,Cooking Gas Cylinder,Household,31568.57,35214.78,41508.02,957
ITEM04469,LED Bulb,Household,2573.23,2939.13,3240.45,641
ITEM04470,Ankara Fabric,Fashion,15813.22,17708.74,21384.72,633
ITEM04471,Yam Tubers,Food,27052.09,31731.14,39732.44,204
ITEM04472,Table Fan,Household,25878.72,28652.35,37069.4,599
ITEM04473,Power Bank,Electronics,12482.48,14890.35,19036.5,960
ITEM04474,Garri 25kg,Food,35196.34,39369.25,43991.13,643
ITEM04475,Table Fan,Household,27495.86,30038.19,38932.62,787
ITEM04476,Tomato Basket,Food,16304.7,18079.25,20427.67,954
ITEM04477,LED Bulb,Household,2740.53,2984.09,3307.04,902
ITEM04478,Yam Tubers,Food,22725.69,25822.03,32272.01,346
ITEM04479,Table Fan,Household,29316.89,32542.64,41692.89,302
ITEM04480,Bluetooth Speaker,Electronics,18046.33,21408.82,27616.45,288
ITEM04481,Phone Charger,Electronics,5475.09,6252.86,7909.84,772
ITEM04482,Tomato Basket,Food,21653.8,23992.5,27375.0,382
ITEM04483,Table Fan,Household,25172.73,28549.71,32284.03,824
ITEM04484,Beans 50kg,Food,75595.44,83421.03,92746.97,802
ITEM04485,Phone Charger,Electronics,4536.27,4996.46,6077.67,669
ITEM04486,Yam Tubers,Food,25968.98,28983.43,34706.04,129
ITEM04487,Bluetooth Speaker,Electronics,17498.51,19125.8,21456.41,714
ITEM04488,Vegetable Oil 5L,Food,21225.89,23404.47,27920.73,214
ITEM04489,Sneakers,Fashion,18734.2,22341.76,27110.94,557
ITEM04490,Yam Tubers,Food,21683.23,25152.9,31305.07,235
ITEM04491,Palm Oil 25L,Food,52414.57,62401.24,73810.66,71
ITEM04492,Palm Oil 25L,Food,54710.45,60773.55,70720.39,640
ITEM04493,Sneakers,Fashion,24685.9,29199.51,36006.97,456
ITEM04494,Vegetable Oil 5L,Food,24636.95,27678.94,34234.55,645
ITEM04495,Tomato Basket,Food,20692.28,22705.71,26204.34,495
ITEM04496,School Bag,Electronics,11565.68,13607.77,15022.5,378
ITEM04497,Tomato Basket,Food,20339.18,22111.9,28505.29,25
ITEM04498,Yam Tubers,Food,24185.39,27295.2,34147.86,283
ITEM04499,Vegetable Oil 5L,Food,27174.37,32020.04,36509.92,881
ITEM04500,Tomato Basket,Food,20379.68,23519.42,28532.19,757
ITEM04501,Sneakers,Fashion,23604.8,26960.64,32864.74,469
ITEM04502,Bluetooth Speaker,Electronics,19048.03,21380.19,24056.95,41
ITEM04503,Cooking Gas Cylinder,Household,36035.97,39243.41,44672.01,985
ITEM04504,Plastic Chair,Fashion,11094.3,13301.14,17176.31,741
ITEM04505,Rice 50kg,Food,91598.0,100846.91,121177.87,31
ITEM04506,Yam Tubers,Food,24658.46,27386.6,31173.85,218
ITEM04507,Vegetable Oil 5L,Food,26790.04,29691.67,37397.1,178
ITEM04508,Bluetooth Speaker,Electronics,14724.62,17506.88,20905.22,903
ITEM04509,Vegetable Oil 5L,Food,20834.48,24410.57,29968.42,954
ITEM04510,Cooking Gas Cylinder,Household,35297.07,40057.93,46447.18,419
ITEM04511,Tomato Basket,Food,16569.59,19794.87,22003.6,186
ITEM04512,Power Bank,Electronics,15430.0,16762.13,18991.31,645
ITEM04513,Garri 25kg,Food,26401.16,31344.53,40578.85,279
ITEM04514,LED Bulb,Household,2663.61,2896.02,3546.8,129
ITEM04515,LED Bulb,Household,2307.54,2600.45,3292.73,266
ITEM04516,Plastic Chair,Fashion,12542.92,13627.64,15049.06,261
ITEM04517,Tomato Basket,Food,18324.79,21987.48,27552.34,63
ITEM04518,Rice 50kg,Food,70371.17,83722.47,100214.99,703
ITEM04519,Ankara Fabric,Fashion,13300.25,15297.63,18862.92,358
ITEM04520,Phone Charger,Electronics,4876.86,5394.49,6320.41,554
ITEM04521,Cooking Gas Cylinder,Household,40110.48,44651.52,54661.21,555
ITEM04522,Sneakers,Fashion,25166.51,28537.44,31594.48,772
ITEM04523,Bluetooth Speaker,Electronics,16170.09,18090.03,20063.97,764
ITEM04524,Cooking Gas Cylinder,Household,34818.39,37692.91,47484.3,567
ITEM04525,Plastic Chair,Fashion,9681.5,11218.45,12619.56,839
ITEM04526,Phone Charger,Electronics,4831.93,5574.17,6147.18,573
ITEM04527,Rice 50kg,Food,84452.66,100373.45,128728.07,35
ITEM04528,Beans 50kg,Food,64772.29,73660.51,84938.4,859
ITEM04529,Phone Charger,Electronics,4961.44,5563.59,6767.98,771
ITEM04530,Bluetooth Speaker,Electronics,19038.43,21730.13,27549.09,430
ITEM04531,Rice 50kg,Food,69723.5,76930.36,96099.98,392
ITEM04532,Garri 25kg,Food,28479.08,32895.19,36491.47,896
ITEM04533,Sneakers,Fashion,20085.47,23548.28,28544.99,431
ITEM04534,Ankara Fabric,Fashion,13751.07,15104.39,18251.53,378
ITEM04535,Rice 50kg,Food,73786.09,82508.05,96535.74,735
ITEM04536,Power Bank,Electronics,14009.95,16589.68,20748.93,335
ITEM04537,Beans 50kg,Food,61656.58,70329.43,90921.97,409
ITEM04538,Ankara Fabric,Fashion,16609.17,18997.91,21456.95,781
ITEM04539,Table Fan,Household,30134.88,35158.04,39695.0,231
ITEM04540,Table Fan,Household,30455.36,35003.78,43647.87,21
ITEM04541,School Bag,Electronics,11004.55,11976.8,14262.97,343
ITEM04542,School Bag,Electronics,9546.8,11231.57,14141.04,180
ITEM04543,LED Bulb,Household,2188.97,2606.5,2940.69,368
ITEM04544,School Bag,Electronics,9655.88,10490.08,11622.71,81
ITEM04545,Phone Charger,Electronics,5465.22,5981.95,7415.15,593
ITEM04546,Ankara Fabric,Fashion,17649.91,20548.67,26691.54,516
ITEM04547,School Bag,Electronics,10128.04,11672.94,13061.55,279
ITEM04548,Table Fan,Household,25588.91,28810.61,36672.09,631
ITEM04549,Power Bank,Electronics,13540.54,15499.99,18244.39,153
ITEM04550,Table Fan,Household,25312.67,29474.09,32520.47,20
ITEM04551,Rice 50kg,Food,93799.7,106982.04,128592.88,482
ITEM04552,Rice 50kg,Food,75142.05,82417.49,95255.74,169
ITEM04553,Beans 50kg,Food,67252.0,73353.93,90862.09,857
ITEM04554,Bluetooth Speaker,Electronics,16639.79,18847.28,21816.97,309
ITEM04555,Ankara Fabric,Fashion,13756.55,16380.56,19596.72,434
ITEM04556,Palm Oil 25L,Food,56926.0,65290.34,74438.36,301
ITEM04557,Garri 25kg,Food,34317.6,38538.19,48774.72,439
ITEM04558,Table Fan,Household,24086.92,28640.43,36805.42,106
ITEM04559,Ankara Fabric,Fashion,15890.7,17903.03,21137.53,934
ITEM04560,Sneakers,Fashion,21383.81,24401.01,29031.73,181
ITEM04561,Power Bank,Electronics,12165.67,13309.0,17255.61,401
ITEM04562,Phone Charger,Electronics,4097.76,4788.19,5403.1,848
ITEM04563,Rice 50kg,Food,76424.25,88960.6,112243.72,432
ITEM04564,Palm Oil 25L,Food,51244.37,60227.99,73083.99,703
ITEM04565,LED Bulb,Household,2407.58,2694.13,3438.11,77
ITEM04566,Tomato Basket,Food,20768.2,23516.38,27243.39,303
ITEM04567,Sneakers,Fashion,23449.92,25799.63,29907.74,762
ITEM04568,Sneakers,Fashion,24952.73,29836.99,34764.99,270
ITEM04569,Tomato Basket,Food,18583.99,20262.67,22356.33,419
ITEM04570,Palm Oil 25L,Food,62678.08,72573.8,82297.14,89
ITEM04571,Sneakers,Fashion,23091.26,26892.79,34931.51,509
ITEM04572,Beans 50kg,Food,64057.97,70395.12,80939.59,355
ITEM04573,Power Bank,Electronics,12704.51,14277.82,15762.48,861
ITEM04574,LED Bulb,Household,2522.37,2737.22,3163.42,404
ITEM04575,Ankara Fabric,Fashion,16879.46,19357.24,22874.03,828
ITEM04576,Ankara Fabric,Fashion,15322.43,18377.61,22228.77,905
ITEM04577,Beans 50kg,Food,64282.57,72741.27,81012.91,840
ITEM04578,Palm Oil 25L,Food,67734.34,81200.0,102156.56,745
ITEM04579,Vegetable Oil 5L,Food,21674.5,23736.77,30029.39,588
ITEM04580,Vegetable Oil 5L,Food,27850.78,31390.47,35867.75,484
ITEM04581,Palm Oil 25L,Food,64470.12,76605.7,96498.95,90
ITEM04582,Cooking Gas Cylinder,Household,38558.38,45699.53,53572.89,143
ITEM04583,Garri 25kg,Food,33742.73,37752.42,44722.34,386
ITEM04584,Ankara Fabric,Fashion,14142.99,16426.14,21145.01,659
ITEM04585,Bluetooth Speaker,Electronics,17676.17,20969.93,26807.56,14
ITEM04586,School Bag,Electronics,11308.76,13254.16,15573.93,936
ITEM04587,Palm Oil 25L,Food,63348.64,73194.1,87658.87,992
ITEM04588,Tomato Basket,Food,17697.92,19437.79,22495.45,87
ITEM04589,School Bag,Electronics,9495.53,10338.35,12437.94,105
ITEM04590,Tomato Basket,Food,18020.3,20791.01,25705.62,850
ITEM04591,Sneakers,Fashion,21866.97,24929.07,27884.0,207
ITEM04592,Rice 50kg,Food,83815.01,92914.33,119299.05,188
ITEM04593,Beans 50kg,Food,77075.96,85949.9,106902.31,195
ITEM04594,Ankara Fabric,Fashion,16751.01,18879.23,21132.48,704
ITEM04595,School Bag,Electronics,11054.87,12596.61,16045.54,141
ITEM04596,Rice 50kg,Food,76181.84,85844.06,107196.62,192
ITEM04597,LED Bulb,Household,2484.16,2798.34,3253.43,403
ITEM04598,Rice 50kg,Food,77951.72,85270.45,102690.06,604
ITEM04599,Cooking Gas Cylinder,Household,32216.75,38140.47,48515.67,990
ITEM04600,Ankara Fabric,Fashion,13222.64,15247.01,19723.91,245
ITEM04601,Cooking Gas Cylinder,Household,33314.35,36563.57,42275.37,262
ITEM04602,Cooking Gas Cylinder,Household,32439.22,36684.38,45125.88,546
ITEM04603,Tomato Basket,Food,19409.84,21933.24,27900.16,423
ITEM04604,Ankara Fabric,Fashion,13464.7,15512.34,20129.33,604
ITEM04605,Palm Oil 25L,Food,54938.2,63347.28,70577.97,254
ITEM04606,Power Bank,Electronics,11656.32,13491.33,16199.37,622
ITEM04607,Vegetable Oil 5L,Food,25539.42,29721.46,37886.93,926
ITEM04608,Power Bank,Electronics,13776.17,15049.12,16563.54,685
ITEM04609,Table Fan,Household,25683.59,28678.05,34053.67,737
ITEM04610,Phone Charger,Electronics,4292.16,4644.47,5651.58,78
ITEM04611,Beans 50kg,Food,79616.32,90329.25,108873.67,903
ITEM04612,Tomato Basket,Food,19481.04,22043.41,27478.31,706
ITEM04613,Plastic Chair,Fashion,11591.07,13539.76,15071.16,630
ITEM04614,Power Bank,Electronics,13626.96,14990.4,18844.18,163
ITEM04615,Bluetooth Speaker,Electronics,18563.32,21455.1,24815.7,558
ITEM04616,Phone Charger,Electronics,5370.79,5998.11,7586.69,680
ITEM04617,Vegetable Oil 5L,Food,23637.92,26612.28,31506.22,627
ITEM04618,School Bag,Electronics,11098.58,12944.43,14349.99,132
ITEM04619,School Bag,Electronics,9649.15,10503.92,13579.29,50
ITEM04620,LED Bulb,Household,2613.89,2930.52,3681.06,484
ITEM04621,School Bag,Electronics,10182.34,11475.08,13420.83,720
ITEM04622,Cooking Gas Cylinder,Household,29821.21,34768.24,40122.74,392
ITEM04623,Table Fan,Household,30689.78,33878.66,41257.18,690
ITEM04624,Beans 50kg,Food,77737.27,92794.17,120396.62,967
ITEM04625,Yam Tubers,Food,23431.27,28111.24,32553.75,890
ITEM04626,Yam Tubers,Food,28733.18,33855.42,43661.79,634
ITEM04627,Rice 50kg,Food,77501.34,86488.82,100852.66,730
ITEM04628,Palm Oil 25L,Food,58271.54,67575.41,83848.89,97
ITEM04629,Ankara Fabric,Fashion,17133.35,18674.98,21968.25,94
ITEM04630,Tomato Basket,Food,17886.2,21187.16,23666.28,703
ITEM04631,Garri 25kg,Food,30540.02,34874.24,44891.44,803
ITEM04632,Vegetable Oil 5L,Food,25717.07,28318.93,32079.28,202
ITEM04633,Vegetable Oil 5L,Food,21783.94,24382.54,31427.59,596
ITEM04634,Garri 25kg,Food,30277.86,35609.46,39906.15,293
ITEM04635,Beans 50kg,Food,65997.61,78169.36,90159.72,117
ITEM04636,Ankara Fabric,Fashion,16322.0,18645.69,23944.51,384
ITEM04637,Table Fan,Household,24051.35,27361.72,33701.65,453
ITEM04638,Power Bank,Electronics,12417.56,14529.64,16533.23,778
ITEM04639,School Bag,Electronics,11165.84,13166.11,16041.84,865
ITEM04640,LED Bulb,Household,2242.17,2627.33,2984.85,944
ITEM04641,Table Fan,Household,26368.36,29694.23,37856.83,113
ITEM04642,Rice 50kg,Food,87236.87,100935.77,112035.24,925
ITEM04643,Cooking Gas Cylinder,Household,37787.42,44698.1,53903.92,522
ITEM04644,Beans 50kg,Food,61492.5,67531.76,75142.23,178
ITEM04645,Rice 50kg,Food,90659.09,102134.39,126544.98,650
ITEM04646,Yam Tubers,Food,26679.79,28995.45,37321.76,69
ITEM04647,Ankara Fabric,Fashion,14752.72,16656.78,21091.04,467
ITEM04648,Beans 50kg,Food,75539.86,88583.62,104027.78,830
ITEM04649,Vegetable Oil 5L,Food,26178.0,28891.17,33149.18,971
ITEM04650,Vegetable Oil 5L,Food,25241.55,28902.24,32492.06,295
ITEM04651,Yam Tubers,Food,25438.61,27585.38,35163.77,182
ITEM04652,Cooking Gas Cylinder,Household,37464.39,44497.13,49668.66,586
ITEM04653,Tomato Basket,Food,21845.78,25743.08,31554.99,165
ITEM04654,Palm Oil 25L,Food,60390.37,69021.92,80994.01,978
ITEM04655,Garri 25kg,Food,33871.08,39449.45,51250.98,334
ITEM04656,Palm Oil 25L,Food,63323.64,69179.18,83137.09,194
ITEM04657,Garri 25kg,Food,34309.02,40533.54,49035.78,245
ITEM04658,Bluetooth Speaker,Electronics,19318.08,22521.62,28908.25,381
ITEM04659,Phone Charger,Electronics,4358.04,4769.42,6171.29,744
ITEM04660,Power Bank,Electronics,12145.11,14545.99,17698.5,868
ITEM04661,Table Fan,Household,27699.45,29990.3,37764.87,739
ITEM04662,Bluetooth Speaker,Electronics,16741.4,19343.38,23733.42,653
ITEM04663,Garri 25kg,Food,31657.72,34842.82,41305.47,277
ITEM04664,Yam Tubers,Food,27235.32,31764.85,35305.46,938
ITEM04665,Tomato Basket,Food,21460.77,23358.95,29047.99,999
ITEM04666,Table Fan,Household,26331.07,28693.81,35581.83,635
ITEM04667,Tomato Basket,Food,20242.22,22994.25,25830.37,785
ITEM04668,Garri 25kg,Food,28180.23,33796.02,38730.71,310
ITEM04669,Ankara Fabric,Fashion,15660.67,17433.17,21729.15,452
ITEM04670,Phone Charger,Electronics,4111.4,4742.51,5358.77,807
ITEM04671,Beans 50kg,Food,70078.76,80046.2,99112.16,429
ITEM04672,Sneakers,Fashion,22299.22,26336.59,32752.07,761
ITEM04673,Palm Oil 25L,Food,63167.38,70408.31,82424.81,861
ITEM04674,Table Fan,Household,28210.83,32346.35,37251.23,934
ITEM04675,Table Fan,Household,25853.01,30870.43,36260.65,298
ITEM04676,Yam Tubers,Food,21292.98,23846.23,27943.95,481
ITEM04677,Bluetooth Speaker,Electronics,15038.98,17035.08,20806.72,391
ITEM04678,Bluetooth Speaker,Electronics,19412.61,23036.12,28766.81,507
ITEM04679,Sneakers,Fashion,24787.4,27759.4,35319.69,745
ITEM04680,Beans 50kg,Food,66326.96,74662.98,82577.15,330
ITEM04681,Tomato Basket,Food,17625.46,19678.73,24506.12,240
ITEM04682,Garri 25kg,Food,30408.67,35795.38,41624.2,276
ITEM04683,Sneakers,Fashion,23253.6,27710.07,35128.85,768
ITEM04684,Beans 50kg,Food,66993.38,77426.39,86341.52,996
ITEM04685,Power Bank,Electronics,11747.54,13566.48,16418.62,112
ITEM04686,Ankara Fabric,Fashion,15048.0,16956.09,20512.37,977
ITEM04687,Cooking Gas Cylinder,Household,32486.18,35133.75,40941.43,41
ITEM04688,Vegetable Oil 5L,Food,23213.24,25554.81,33069.49,534
ITEM04689,Rice 50kg,Food,73708.75,80909.55,90730.72,142
ITEM04690,Ankara Fabric,Fashion,16238.61,17763.51,20024.44,955
ITEM04691,Rice 50kg,Food,82655.12,95754.77,117668.44,764
ITEM04692,Beans 50kg,Food,65188.13,71469.78,85968.12,362
ITEM04693,Cooking Gas Cylinder,Household,35565.56,38776.27,44704.91,689
ITEM04694,Table Fan,Household,26940.93,30333.06,35212.27,851
ITEM04695,Ankara Fabric,Fashion,16876.28,18730.69,21192.0,225
ITEM04696,Table Fan,Household,30693.47,33686.19,42901.14,638
ITEM04697,Beans 50kg,Food,62244.08,68315.08,82927.93,306
ITEM04698,Beans 50kg,Food,78062.18,86707.15,99623.65,719
ITEM04699,Tomato Basket,Food,20167.34,23079.95,27203.97,571
ITEM04700,Rice 50kg,Food,86736.82,101566.34,130140.71,721
ITEM04701,LED Bulb,Household,2405.73,2844.37,3633.31,640
ITEM04702,Rice 50kg,Food,78160.14,91460.66,101870.84,639
ITEM04703,Bluetooth Speaker,Electronics,14478.76,16728.55,20589.84,93
ITEM04704,Table Fan,Household,30905.86,36744.44,41543.05,853
ITEM04705,Ankara Fabric,Fashion,15995.25,18272.47,20870.39,179
ITEM04706,Palm Oil 25L,Food,57271.22,66205.69,84269.35,398
ITEM04707,Phone Charger,Electronics,4863.03,5492.28,7024.83,515
ITEM04708,Bluetooth Speaker,Electronics,14656.69,16405.03,18316.84,850
ITEM04709,Plastic Chair,Fashion,9923.05,11111.88,14165.26,632
ITEM04710,Phone Charger,Electronics,4977.64,5464.44,6807.05,191
ITEM04711,Vegetable Oil 5L,Food,24604.82,28925.23,36305.27,293
ITEM04712,Plastic Chair,Fashion,11947.35,12982.51,16336.72,207
ITEM04713,LED Bulb,Household,2619.06,3040.63,3653.15,595
ITEM04714,Power Bank,Electronics,13910.81,16466.72,21231.89,720
ITEM04715,Rice 50kg,Food,89755.54,102293.61,116622.08,711
ITEM04716,Power Bank,Electronics,11751.47,12790.58,15361.4,752
ITEM04717,LED Bulb,Household,2643.17,2990.5,3480.08,704
ITEM04718,Cooking Gas Cylinder,Household,37263.7,41779.59,52829.71,903
ITEM04719,Yam Tubers,Food,23313.73,27936.02,31191.68,907
ITEM04720,Garri 25kg,Food,28169.54,32759.82,38877.25,281
ITEM04721,Bluetooth Speaker,Electronics,15540.65,18129.15,22746.56,311
ITEM04722,Table Fan,Household,24554.94,28039.27,32594.76,65
ITEM04723,Cooking Gas Cylinder,Household,35249.71,41070.49,47152.83,274
ITEM04724,Rice 50kg,Food,73036.41,85212.2,98207.9,512
ITEM04725,Vegetable Oil 5L,Food,25670.75,27928.83,34707.66,662
ITEM04726,Power Bank,Electronics,11900.57,13170.51,15242.98,876
ITEM04727,Beans 50kg,Food,60064.68,64963.32,76691.59,598
ITEM04728,LED Bulb,Household,2364.47,2698.28,3262.58,971
ITEM04729,Beans 50kg,Food,63529.05,75288.03,96982.42,557
ITEM04730,Sneakers,Fashion,25225.17,29088.32,36618.4,859
ITEM04731,LED Bulb,Household,2352.25,2681.62,3049.15,810
ITEM04732,Sneakers,Fashion,20165.62,24019.59,30663.82,495
ITEM04733,Ankara Fabric,Fashion,14089.98,15508.36,19679.39,873
ITEM04734,Vegetable Oil 5L,Food,23572.82,25669.68,32062.58,864
ITEM04735,Table Fan,Household,27857.38,33152.41,39894.99,319
ITEM04736,Phone Charger,Electronics,5206.0,6186.47,6891.5,221
ITEM04737,Beans 50kg,Food,67156.1,78032.48,96939.83,130
ITEM04738,Yam Tubers,Food,25944.78,28786.19,34649.03,921
ITEM04739,Tomato Basket,Food,18897.74,22608.72,26270.32,447
ITEM04740,Power Bank,Electronics,14903.31,17464.31,19245.46,571
ITEM04741,Vegetable Oil 5L,Food,25007.46,29030.34,33274.86,280
ITEM04742,Phone Charger,Electronics,4497.44,4977.54,6078.27,395
ITEM04743,Phone Charger,Electronics,5093.17,5814.21,6526.22,408
ITEM04744,Tomato Basket,Food,20824.37,24545.87,30218.02,585
ITEM04745,Sneakers,Fashion,21771.91,25761.2,32560.47,183
ITEM04746,Tomato Basket,Food,21777.02,24986.34,29075.0,786
ITEM04747,Plastic Chair,Fashion,12251.02,13999.67,15629.19,396
ITEM04748,Vegetable Oil 5L,Food,22272.62,25919.14,29235.22,247
ITEM04749,Table Fan,Household,29322.72,33527.3,39279.98,24
ITEM04750,Yam Tubers,Food,25757.13,29108.7,36755.17,110
ITEM04751,Rice 50kg,Food,82856.36,90334.17,110826.99,276
ITEM04752,Garri 25kg,Food,31129.63,34090.86,43417.36,735
ITEM04753,Plastic Chair,Fashion,12166.26,14249.52,18508.5,856
ITEM04754,Table Fan,Household,27898.07,30212.48,34457.74,952
ITEM04755,Palm Oil 25L,Food,59667.4,64815.3,80303.84,304
ITEM04756,School Bag,Electronics,9078.91,10790.8,12876.7,640
ITEM04757,Bluetooth Speaker,Electronics,16736.34,19489.13,23361.54,275
ITEM04758,Garri 25kg,Food,34794.79,37595.96,43803.66,151
ITEM04759,Phone Charger,Electronics,5104.9,5704.45,6665.66,547
ITEM04760,Sneakers,Fashion,19036.3,22302.89,27549.79,646
ITEM04761,Cooking Gas Cylinder,Household,39031.92,44110.44,53998.27,763
ITEM04762,Table Fan,Household,29646.0,33685.44,39199.77,125
ITEM04763,Beans 50kg,Food,70980.37,80566.69,90534.09,749
ITEM04764,Vegetable Oil 5L,Food,20989.68,23177.98,28176.27,310
ITEM04765,Phone Charger,Electronics,4889.9,5704.39,7118.4,285
ITEM04766,Garri 25kg,Food,26857.68,29338.27,35549.9,41
ITEM04767,Bluetooth Speaker,Electronics,16083.93,18349.68,20198.04,212
ITEM04768,Rice 50kg,Food,85171.18,93721.91,108385.93,492
ITEM04769,Beans 50kg,Food,78671.17,85404.16,107243.36,197
ITEM04770,Rice 50kg,Food,78501.77,86131.3,107535.76,328
ITEM04771,Tomato Basket,Food,21052.14,24932.47,27477.63,534
ITEM04772,Ankara Fabric,Fashion,17445.38,19209.76,22937.6,106
ITEM04773,Palm Oil 25L,Food,50522.48,56251.94,66797.14,876
ITEM04774,Cooking Gas Cylinder,Household,32263.99,35379.77,43533.26,315
ITEM04775,Vegetable Oil 5L,Food,26042.49,30424.54,34227.48,761
ITEM04776,Rice 50kg,Food,88318.34,100104.77,122556.57,651
ITEM04777,Tomato Basket,Food,18386.78,21939.77,28288.78,753
ITEM04778,Ankara Fabric,Fashion,16228.91,18820.97,22102.41,296
ITEM04779,Beans 50kg,Food,72355.33,82757.62,96617.14,180
ITEM04780,Beans 50kg,Food,75035.27,86950.55,96137.29,151
ITEM04781,Table Fan,Household,28771.13,31212.39,34691.92,237
ITEM04782,School Bag,Electronics,9195.49,10980.15,14123.92,549
ITEM04783,Tomato Basket,Food,17052.03,20373.28,26385.44,628
ITEM04784,Ankara Fabric,Fashion,13792.18,15352.58,16905.17,755
ITEM04785,Table Fan,Household,30503.09,35243.13,45116.0,964
ITEM04786,Yam Tubers,Food,28101.57,31030.59,35213.27,831
ITEM04787,Bluetooth Speaker,Electronics,18516.8,21214.64,25717.91,363
ITEM04788,Rice 50kg,Food,72571.28,85089.44,105138.91,477
ITEM04789,Tomato Basket,Food,19423.35,23167.75,27148.25,955
ITEM04790,School Bag,Electronics,9514.78,10663.27,12857.74,713
ITEM04791,Palm Oil 25L,Food,56670.4,65920.17,80785.73,422
ITEM04792,Cooking Gas Cylinder,Household,32554.46,37957.56,43225.51,834
ITEM04793,Cooking Gas Cylinder,Household,38453.78,42550.56,55266.85,144
ITEM04794,Vegetable Oil 5L,Food,21886.72,25289.75,28849.95,676
ITEM04795,Yam Tubers,Food,26096.34,30236.54,33322.72,949
ITEM04796,Palm Oil 25L,Food,67564.94,79165.1,102032.49,531
ITEM04797,Power Bank,Electronics,14257.57,17109.0,20288.28,616
ITEM04798,Garri 25kg,Food,27086.87,29384.59,34665.71,69
ITEM04799,Yam Tubers,Food,28058.87,30984.76,35791.55,608
ITEM04800,Bluetooth Speaker,Electronics,17729.71,19456.75,21502.94,297
ITEM04801,School Bag,Electronics,10362.38,11383.41,13124.08,994
ITEM04802,School Bag,Electronics,11003.03,12483.05,14713.27,326
ITEM04803,Palm Oil 25L,Food,65709.08,77893.15,93788.48,320
ITEM04804,Plastic Chair,Fashion,10924.52,12386.73,14759.15,401
ITEM04805,Sneakers,Fashion,22206.72,25764.63,32870.7,700
ITEM04806,Ankara Fabric,Fashion,15278.88,17191.49,22044.06,951
ITEM04807,Phone Charger,Electronics,4184.53,4679.81,5444.64,352
ITEM04808,LED Bulb,Household,2715.3,3204.35,4139.74,216
ITEM04809,Yam Tubers,Food,22198.09,25720.16,32741.43,766
ITEM04810,Plastic Chair,Fashion,10652.08,11952.78,15365.62,546
ITEM04811,Palm Oil 25L,Food,56996.76,67809.01,84169.03,460
ITEM04812,Vegetable Oil 5L,Food,22883.3,26082.87,29725.46,991
ITEM04813,Power Bank,Electronics,13105.15,14449.65,16458.81,500
ITEM04814,Bluetooth Speaker,Electronics,17601.85,20030.67,25673.91,622
ITEM04815,Ankara Fabric,Fashion,14622.95,16976.72,20395.98,981
ITEM04816,Tomato Basket,Food,17133.32,19258.77,24614.5,216
ITEM04817,Table Fan,Household,29991.88,35428.03,44076.35,903
ITEM04818,Tomato Basket,Food,21683.75,24805.71,28340.59,960
ITEM04819,Bluetooth Speaker,Electronics,16788.78,19074.26,22449.49,475
ITEM04820,LED Bulb,Household,2370.26,2804.13,3627.33,342
ITEM04821,Bluetooth Speaker,Electronics,14692.16,16683.68,18417.39,170
ITEM04822,Sneakers,Fashion,18943.22,21400.71,26599.3,57
ITEM04823,LED Bulb,Household,2419.66,2643.35,3425.14,984
ITEM04824,Cooking Gas Cylinder,Household,39517.54,44397.92,49762.49,437
ITEM04825,Power Bank,Electronics,14434.37,16276.86,18789.98,671
ITEM04826,Phone Charger,Electronics,4582.95,5048.92,6106.17,248
ITEM04827,Palm Oil 25L,Food,67284.42,77413.34,98218.4,330
ITEM04828,Bluetooth Speaker,Electronics,16636.67,18254.76,21929.49,820
ITEM04829,LED Bulb,Household,2332.59,2581.82,2870.77,659
ITEM04830,Power Bank,Electronics,13201.73,15146.76,17046.72,227
ITEM04831,Tomato Basket,Food,17355.8,19304.47,22686.4,15
ITEM04832,Beans 50kg,Food,78098.41,90341.14,105202.99,821
ITEM04833,Yam Tubers,Food,23958.8,27860.77,31870.93,89
ITEM04834,Vegetable Oil 5L,Food,25661.07,28641.73,36318.45,45
ITEM04835,Cooking Gas Cylinder,Household,33835.0,36896.61,40784.64,307
ITEM04836,Power Bank,Electronics,15127.01,17225.65,21805.41,929
ITEM04837,Garri 25kg,Food,32324.14,35270.42,45299.07,648
ITEM04838,Beans 50kg,Food,69753.29,79646.28,97648.11,51
ITEM04839,Table Fan,Household,24020.36,28035.27,34345.17,917
ITEM04840,LED Bulb,Household,2801.44,3234.09,3653.89,939
ITEM04841,Ankara Fabric,Fashion,15717.7,17820.6,21628.22,699
ITEM04842,Garri 25kg,Food,29000.99,34612.77,40671.21,82
ITEM04843,Beans 50kg,Food,77936.46,85122.96,97534.74,24
ITEM04844,Palm Oil 25L,Food,51113.6,60600.29,73730.3,873
ITEM04845,Ankara Fabric,Fashion,14635.46,17211.52,18936.77,824
ITEM04846,Plastic Chair,Fashion,11121.53,12571.43,14523.56,833
ITEM04847,Table Fan,Household,25702.5,28230.18,34757.24,491
ITEM04848,Beans 50kg,Food,69511.42,76372.48,90960.24,598
ITEM04849,Garri 25kg,Food,28808.14,34299.45,38728.48,181
ITEM04850,LED Bulb,Household,2222.56,2462.7,2709.62,45
ITEM04851,LED Bulb,Household,2152.64,2550.65,2943.68,228
ITEM04852,Ankara Fabric,Fashion,13908.06,15860.68,19188.44,624
ITEM04853,Beans 50kg,Food,79511.88,90278.43,108957.86,407
ITEM04854,Beans 50kg,Food,71583.47,82631.75,93061.07,621
ITEM04855,Rice 50kg,Food,81728.42,90375.67,110505.89,446
ITEM04856,Sneakers,Fashion,21236.54,24027.11,31230.08,561
ITEM04857,Table Fan,Household,28688.2,34214.07,41637.61,951
ITEM04858,School Bag,Electronics,9369.97,10387.46,12522.37,635
ITEM04859,Vegetable Oil 5L,Food,22854.55,27210.4,33319.87,954
ITEM04860,Ankara Fabric,Fashion,16224.94,19458.66,24827.97,968
ITEM04861,Beans 50kg,Food,69560.35,75558.46,97409.96,621
ITEM04862,Table Fan,Household,29187.75,33383.94,36996.31,995
ITEM04863,LED Bulb,Household,2797.83,3079.35,3513.53,256
ITEM04864,Ankara Fabric,Fashion,17003.68,19632.55,22050.35,525
ITEM04865,Table Fan,Household,24442.08,29299.83,36755.78,83
ITEM04866,Bluetooth Speaker,Electronics,14916.5,17715.22,19648.17,100
ITEM04867,Phone Charger,Electronics,4323.99,5149.8,6594.46,141
ITEM04868,Tomato Basket,Food,20616.12,22793.23,25166.26,142
ITEM04869,LED Bulb,Household,2810.37,3218.1,3927.72,416
ITEM04870,Sneakers,Fashion,24807.96,27491.68,31756.06,723
ITEM04871,Palm Oil 25L,Food,55428.42,65845.14,78626.51,986
ITEM04872,Cooking Gas Cylinder,Household,38573.58,42544.29,50558.66,982
ITEM04873,Beans 50kg,Food,70760.95,77729.14,97144.21,186
ITEM04874,Bluetooth Speaker,Electronics,18646.24,20165.15,24184.64,441
ITEM04875,Palm Oil 25L,Food,59856.06,65951.42,78102.59,437
ITEM04876,Sneakers,Fashion,19662.9,21683.68,27019.07,107
ITEM04877,Phone Charger,Electronics,4194.08,4568.6,5871.39,49
ITEM04878,Phone Charger,Electronics,5458.4,6463.44,8136.08,359
ITEM04879,Sneakers,Fashion,21510.3,25244.48,31488.53,857
ITEM04880,Ankara Fabric,Fashion,14804.92,16441.42,19689.34,391
ITEM04881,Yam Tubers,Food,23922.27,28084.53,35949.41,389
ITEM04882,Cooking Gas Cylinder,Household,33728.81,38135.81,45658.58,996
ITEM04883,Power Bank,Electronics,15302.24,17950.48,23085.34,383
ITEM04884,Garri 25kg,Food,26933.15,30131.76,37983.63,689
ITEM04885,Rice 50kg,Food,72628.91,83360.45,94201.64,981
ITEM04886,Palm Oil 25L,Food,64126.83,72193.56,80091.42,126
ITEM04887,Sneakers,Fashion,22326.1,24615.0,30723.73,515
ITEM04888,Bluetooth Speaker,Electronics,15105.54,17375.54,21496.45,343
ITEM04889,Tomato Basket,Food,16346.42,19126.94,23342.86,127
ITEM04890,Power Bank,Electronics,12383.15,14492.9,18771.9,58
ITEM04891,Table Fan,Household,25062.57,28139.12,34022.46,651
ITEM04892,Bluetooth Speaker,Electronics,14522.49,16588.24,19401.28,656
ITEM04893,Rice 50kg,Food,75015.83,87892.55,106613.06,566
ITEM04894,Rice 50kg,Food,87862.65,95466.25,105555.35,676
ITEM04895,Power Bank,Electronics,14939.51,16263.54,19774.08,721
ITEM04896,Yam Tubers,Food,27986.77,31489.22,40321.51,66
ITEM04897,Table Fan,Household,26108.3,28897.1,31811.84,43
ITEM04898,Bluetooth Speaker,Electronics,16079.01,18088.2,22955.03,342
ITEM04899,Ankara Fabric,Fashion,17824.35,19450.83,24515.55,572
ITEM04900,Bluetooth Speaker,Electronics,18373.64,21148.81,23712.48,903
ITEM04901,Tomato Basket,Food,19212.91,22298.67,28305.18,980
ITEM04902,Sneakers,Fashion,20381.49,23948.68,30000.73,828
ITEM04903,School Bag,Electronics,9937.11,11507.8,13788.75,298
ITEM04904,Ankara Fabric,Fashion,15571.44,17557.83,20174.7,578
ITEM04905,Palm Oil 25L,Food,59744.87,71227.32,82454.17,124
ITEM04906,School Bag,Electronics,8968.09,10467.19,12795.67,489
ITEM04907,Vegetable Oil 5L,Food,27876.59,31871.91,36629.14,107
ITEM04908,Plastic Chair,Fashion,11249.5,12428.7,14480.32,992
ITEM04909,Plastic Chair,Fashion,11294.22,13077.32,16819.63,456
ITEM04910,School Bag,Electronics,9591.13,11039.46,13753.68,724
ITEM04911,Cooking Gas Cylinder,Household,37782.37,43903.09,54756.59,113
ITEM04912,Bluetooth Speaker,Electronics,18210.05,21373.77,27597.54,953
ITEM04913,Rice 50kg,Food,72040.89,85714.68,94385.47,528
ITEM04914,School Bag,Electronics,10799.23,12893.06,14812.8,80
ITEM04915,Plastic Chair,Fashion,11522.04,13315.13,16398.84,374
ITEM04916,Beans 50kg,Food,77046.93,92141.56,109432.32,220
ITEM04917,Beans 50kg,Food,63827.91,75915.05,85219.27,78
ITEM04918,Vegetable Oil 5L,Food,27275.62,29466.22,37016.85,40
ITEM04919,Table Fan,Household,26688.0,30865.04,34242.13,715
ITEM04920,Power Bank,Electronics,11865.92,13069.32,15797.8,869
ITEM04921,Cooking Gas Cylinder,Household,30859.02,34420.87,41735.06,663
ITEM04922,Table Fan,Household,24552.22,27392.91,33616.36,697
ITEM04923,Bluetooth Speaker,Electronics,15892.03,18084.74,21034.82,46
ITEM04924,Sneakers,Fashion,21976.28,23763.04,26251.51,185
ITEM04925,Tomato Basket,Food,20417.88,22629.05,28915.32,43
ITEM04926,Beans 50kg,Food,63421.24,68716.57,88358.58,974
ITEM04927,Yam Tubers,Food,28694.89,33230.6,39757.02,740
ITEM04928,School Bag,Electronics,9433.79,11195.22,12360.96,956
ITEM04929,Palm Oil 25L,Food,60758.99,72894.66,88652.61,905
ITEM04930,Palm Oil 25L,Food,66592.25,75504.07,87825.28,232
ITEM04931,Rice 50kg,Food,90179.68,100209.19,113887.46,516
ITEM04932,Ankara Fabric,Fashion,16187.68,19139.87,21700.61,650
ITEM04933,LED Bulb,Household,2661.62,2910.69,3306.11,744
ITEM04934,Table Fan,Household,24037.07,28770.17,33550.86,671
ITEM04935,Yam Tubers,Food,21322.47,24857.32,28738.15,458
ITEM04936,School Bag,Electronics,10292.57,11738.39,14875.88,13
ITEM04937,Cooking Gas Cylinder,Household,30689.95,33501.09,40169.91,939
ITEM04938,School Bag,Electronics,10051.92,10878.02,12896.22,691
ITEM04939,Tomato Basket,Food,17425.33,19958.0,22535.91,837
ITEM04940,Tomato Basket,Food,21373.18,24144.47,30788.5,229
ITEM04941,Ankara Fabric,Fashion,17267.26,20394.7,22657.79,115
ITEM04942,Phone Charger,Electronics,5259.28,6085.39,6985.45,902
ITEM04943,Table Fan,Household,28732.95,32520.74,39814.97,807
ITEM04944,Table Fan,Household,24197.98,26790.09,33232.1,840
ITEM04945,Rice 50kg,Food,70889.84,80647.87,101634.97,445
ITEM04946,Ankara Fabric,Fashion,16215.58,17829.99,21076.09,906
ITEM04947,Yam Tubers,Food,26066.94,30238.73,35359.6,231
ITEM04948,Power Bank,Electronics,12971.17,14951.7,17309.74,759
ITEM04949,Vegetable Oil 5L,Food,24299.25,28605.28,34715.91,499
ITEM04950,Yam Tubers,Food,24918.62,28256.31,33052.17,173
ITEM04951,Tomato Basket,Food,17517.59,19504.75,22735.1,720
ITEM04952,Rice 50kg,Food,77428.5,91394.08,100842.23,366
ITEM04953,Plastic Chair,Fashion,10730.69,12478.93,16093.61,167
ITEM04954,Garri 25kg,Food,31959.56,37226.66,41400.48,711
ITEM04955,Yam Tubers,Food,28418.64,32493.03,37502.62,774
ITEM04956,Palm Oil 25L,Food,59681.18,70729.2,90836.38,330
ITEM04957,Garri 25kg,Food,33149.82,36707.93,45777.34,967
ITEM04958,Yam Tubers,Food,27302.51,30802.77,37444.71,712
ITEM04959,LED Bulb,Household,2210.13,2598.11,3201.3,32
ITEM04960,Cooking Gas Cylinder,Household,36607.81,40120.52,44911.39,342
ITEM04961,Yam Tubers,Food,24865.83,29266.41,36926.3,974
ITEM04962,Power Bank,Electronics,13793.35,15480.43,17802.82,185
ITEM04963,Cooking Gas Cylinder,Household,30153.38,33019.77,42636.54,954
ITEM04964,Palm Oil 25L,Food,66190.02,72113.89,82662.34,522
ITEM04965,Cooking Gas Cylinder,Household,39754.23,46956.25,57524.83,678
ITEM04966,Beans 50kg,Food,59573.12,69905.12,84519.82,689
ITEM04967,Palm Oil 25L,Food,53916.41,60093.34,67822.59,516
ITEM04968,Tomato Basket,Food,17177.11,18791.13,22034.2,522
ITEM04969,Rice 50kg,Food,88920.09,98671.79,123957.28,571
ITEM04970,Plastic Chair,Fashion,11323.66,12518.97,14303.15,645
ITEM04971,Table Fan,Household,24386.4,28482.51,36815.67,740
ITEM04972,Yam Tubers,Food,27354.78,30250.77,35063.56,443
ITEM04973,Table Fan,Household,25813.15,28547.58,34980.62,441
ITEM04974,Plastic Chair,Fashion,10870.83,11782.59,14419.22,780
ITEM04975,Plastic Chair,Fashion,10628.11,12239.58,14615.96,759
ITEM04976,Plastic Chair,Fashion,11070.55,12871.49,15845.73,653
ITEM04977,Bluetooth Speaker,Electronics,16898.73,19575.8,24444.61,466
ITEM04978,Beans 50kg,Food,65266.26,74940.81,91712.6,578
ITEM04979,LED Bulb,Household,2443.42,2922.15,3541.65,575
ITEM04980,School Bag,Electronics,11786.26,13397.78,16363.05,441
ITEM04981,LED Bulb,Household,2502.17,2960.61,3494.68,186
ITEM04982,Cooking Gas Cylinder,Household,39372.06,45573.99,50777.38,540
ITEM04983,Palm Oil 25L,Food,59887.25,65283.06,73896.48,448
ITEM04984,Yam Tubers,Food,27016.13,31803.67,38843.13,60
ITEM04985,Palm Oil 25L,Food,55346.57,63655.56,81825.07,955
ITEM04986,Rice 50kg,Food,89144.17,103266.67,114124.96,670
ITEM04987,Cooking Gas Cylinder,Household,32525.38,35830.84,43312.58,122
ITEM04988,LED Bulb,Household,2139.66,2423.17,2787.64,212
ITEM04989,LED Bulb,Household,2245.55,2662.48,3227.85,575
ITEM04990,LED Bulb,Household,2141.24,2367.89,2959.7,861
ITEM04991,Sneakers,Fashion,24950.61,26947.04,33605.4,490
ITEM04992,Power Bank,Electronics,15524.91,17246.64,21471.67,814
ITEM04993,Cooking Gas Cylinder,Household,37753.42,42982.46,53976.71,136
ITEM04994,Bluetooth Speaker,Electronics,15001.45,17680.01,19704.77,532
ITEM04995,School Bag,Electronics,11756.68,13604.77,16351.78,829
ITEM04996,Palm Oil 25L,Food,63314.84,75362.87,86844.83,848
ITEM04997,Ankara Fabric,Fashion,14719.94,16702.24,21449.92,247
ITEM04998,Plastic Chair,Fashion,11007.52,12404.35,15587.0,674
ITEM04999,Sneakers,Fashion,23067.61,25553.61,28658.61,49
ITEM05000,Power Bank,Electronics,11572.4,12801.02,14703.88,149
